scenario,variant,total_cost_mean,immediate_cost_mean,penalty_mean,queue_violation_mean
burst,md_cbad_dqn,345.09344101811973,263.52704956650734,81.56639198343487,3.85
burst,md_cfba_dqn,345.82204061237724,263.7557997390628,82.06624145833403,3.95
burst,standard_dqn,350.3968050169984,269.6003453984857,80.79646017752984,3.2199999999999998
energy_limited,md_cbad_dqn,358.6209595471231,250.45964834183457,108.16131185751235,0.9800000000000001
energy_limited,md_cfba_dqn,359.0489841922681,250.71085211008784,108.33813291485714,1.31
energy_limited,standard_dqn,364.0158317665595,256.0617451974749,107.95408718927088,0.8799999999999999
link_limited,md_cbad_dqn,431.26597766787546,317.1196778950095,114.14629994646441,16.22
link_limited,md_cfba_dqn,434.59858268160485,319.4348846095801,115.16369834248091,16.48
link_limited,standard_dqn,444.3819830074789,330.6748971992731,113.7070858614029,15.719999999999999
nominal,md_cbad_dqn,324.03360408427676,249.36194593727586,74.6716587081786,1.0
nominal,md_cfba_dqn,324.716314805065,250.12440312355756,74.59191225386101,1.25
nominal,standard_dqn,329.2146688173391,254.68192993193867,74.53273934063091,0.9199999999999999
thermal_stress,md_cbad_dqn,345.4728522901407,263.8984908619523,81.57436199830681,3.81
thermal_stress,md_cfba_dqn,346.27227151024647,264.1575598624348,82.1147122519047,4.05
thermal_stress,standard_dqn,351.03107546311776,270.0456360808015,80.9854399101899,3.37
