policy,seed,episode,cost,rolling_cost,loss,epsilon,skipped_updates
dqn_rs,0,0,814.0809591094301,814.0809591094301,,0.9954761904761905,0
dqn_rs,0,10,672.8700251152735,737.2869963026076,4.796181797981262,0.9502380952380952,0
dqn_rs,0,20,673.6389751733359,732.136564386495,4.346315339207649,0.905,0
dqn_rs,0,30,745.6787275566006,761.8616387366872,4.301751032471657,0.8597619047619047,0
dqn_rs,0,40,741.6831822920949,742.1654640503532,5.858312010765076,0.8145238095238095,0
dqn_rs,0,50,744.5203615775482,700.9902513630652,5.715368092060089,0.7692857142857144,0
dqn_rs,0,60,685.7020884528533,677.2334729085158,5.65267488360405,0.724047619047619,0
dqn_rs,0,70,740.2223081853596,667.0345299854122,7.529335021972656,0.6788095238095238,0
dqn_rs,0,80,622.0359821507462,668.8003861166187,6.306534588336945,0.6335714285714286,0
dqn_rs,0,90,594.6539607798729,637.6645282523426,7.161164164543152,0.5883333333333334,0
dqn_rs,0,100,665.8684029549457,620.6914500458458,7.399400323629379,0.5430952380952381,0
dqn_rs,0,110,484.3685051385644,597.2355136432934,7.212787061929703,0.4978571428571429,0
dqn_rs,0,120,488.2582287430763,574.6294139281658,7.167650580406189,0.4526190476190477,0
dqn_rs,0,130,531.6389590000083,546.4528418350708,7.682432860136032,0.4073809523809524,0
dqn_rs,0,140,421.7644347258869,534.393175660009,7.288602292537689,0.3621428571428572,0
dqn_rs,0,150,508.51250391307474,528.1854210572959,6.865005314350128,0.3169047619047619,0
dqn_rs,0,160,375.3154521584511,480.34375362455984,7.098655194044113,0.2716666666666666,0
dqn_rs,0,170,519.2332337480876,469.64674616848845,7.841632544994354,0.22642857142857142,0
dqn_rs,0,180,371.05067636644844,475.1924165888116,7.493204295635223,0.18119047619047624,0
dqn_rs,0,190,468.6838509934932,438.07752426764443,7.9742385149002075,0.13595238095238105,0
dqn_rs,0,200,416.5950433441581,406.98635834618483,7.615886449813843,0.09071428571428575,0
dqn_rs,0,210,469.9359874619286,402.1768146270768,8.86094880104065,0.050000000000000044,0
dqn_rs,0,220,438.0689402010077,399.61754363511034,8.563823342323303,0.050000000000000044,0
dqn_rs,0,230,349.06938485649124,383.5014626401499,9.437385380268097,0.050000000000000044,0
dqn_rs,0,240,358.80139372646806,366.17640142219796,8.915596306324005,0.050000000000000044,0
dqn_rs,0,250,477.5903415721819,360.7986726485902,8.107867747545242,0.050000000000000044,0
dqn_rs,0,260,343.8016853928566,364.267808232484,9.95068621635437,0.050000000000000044,0
dqn_rs,0,270,551.125157467476,371.9154387810783,8.001799523830414,0.6442857142857144,0
dqn_rs,0,280,617.8818903256546,474.32839148077767,9.037561684846878,0.5871428571428572,0
dqn_rs,0,290,666.5214546904241,571.2916612358142,8.253464490175247,0.53,1
dqn_rs,0,300,471.24169697360134,537.3823758489059,9.216151535511017,0.47285714285714286,6
dqn_rs,0,310,461.90946652630845,492.62091568667955,8.913198173046112,0.41571428571428576,7
dqn_rs,0,320,464.07542187713227,475.75620645664065,8.988678753376007,0.3585714285714286,15
dqn_rs,0,330,511.6507933677656,464.6187992073002,8.786177694797516,0.30142857142857143,17
dqn_rs,0,340,411.56932983951543,431.03646384000206,8.043308109045029,0.24428571428571427,19
dqn_rs,0,350,398.5000114440918,399.589620181718,8.899374157190323,0.18714285714285717,25
dqn_rs,0,360,400.2269288668073,395.75476302438017,9.124813288450241,0.13,29
dqn_rs,0,370,365.29072235959774,379.4753482808361,8.391982167959213,0.07285714285714284,33
dqn_rs,0,380,362.8190759062767,347.75088690055384,6.598283290863037,0.050000000000000044,35
dqn_rs,0,390,352.8604457974434,329.97337115527273,8.214508891105652,0.050000000000000044,40
dqn_rs,0,400,305.36696550250053,333.36551769294437,9.231009364128113,0.050000000000000044,42
dqn_rs,0,410,312.28413761556146,338.3043258247606,7.063348010182381,0.050000000000000044,44
dqn_rs,0,420,296.6326743304729,343.589785820599,8.751711875200272,0.050000000000000044,48
dqn_rs,0,430,378.21401584148407,335.0615054877729,8.491812825202942,0.050000000000000044,50
dqn_rs,0,440,341.6024735957384,324.08320398877066,8.13502088189125,0.050000000000000044,54
dqn_rs,0,450,345.32485204935074,332.2355401401679,7.968955844640732,0.050000000000000044,58
dqn_rs,0,460,345.8551694750786,335.23071672783533,7.927437633275986,0.050000000000000044,60
dqn_rs,0,470,367.06024900078773,343.6728347952429,9.125214457511902,0.050000000000000044,64
dqn_rs,0,480,323.0105968117714,349.2144263024932,8.051215082406998,0.050000000000000044,66
dqn_rs,0,490,311.64861112833023,344.50157214557976,6.411517441272736,0.050000000000000044,70
dqn_rs,0,500,349.53597578406334,350.0558265393385,7.558994323015213,0.050000000000000044,75
dqn_rs,0,510,318.71580296754837,350.6813943282992,7.017771691083908,0.050000000000000044,83
dqn_rs,0,520,309.4198046922684,353.92518885209563,7.706814229488373,0.050000000000000044,89
dqn_rs,0,530,323.9641369879246,351.1306821394735,7.826674729585648,0.050000000000000044,97
dqn_rs,0,540,375.42212718129156,342.42621294438175,7.886242181062698,0.050000000000000044,100
dqn_rs,0,550,343.02651393413544,345.43303334144355,7.671127662062645,0.050000000000000044,103
dqn_rs,0,560,392.2680774927139,350.4599468539717,7.720188796520233,0.050000000000000044,105
dqn_rs,0,570,339.4436941742897,344.6270539796652,6.785787343978882,0.050000000000000044,109
dqn_rs,0,580,326.08374121785164,343.7784972778759,7.574495792388916,0.050000000000000044,113
dqn_rs,0,590,318.91091042160986,353.5827076154589,9.468411922454834,0.050000000000000044,122
dqn_rs,0,599,350.772833019495,345.73649417992243,7.635120064020157,0.050000000000000044,127
