scenario,coupling,variant,configuration,total_cost_mean,immediate_cost_mean,penalty_mean,thermal_violation_mean,energy_violation_mean,queue_violation_mean,contact_violation_mean,total_cost_sd,immediate_cost_sd,penalty_sd,thermal_violation_sd,energy_violation_sd,queue_violation_sd,contact_violation_sd,n_model_seeds
burst,1.0,md_cfba_dqn,lambda_0p3,237.48623058038007,223.14052548011145,14.34570510026864,0.0,0.3333333333333333,5.666666666666667,0.3333333333333333,,,,,,,,1
burst,1.0,standard_dqn,standard,237.48623058038007,223.14052548011145,14.34570510026864,0.0,0.3333333333333333,5.666666666666667,0.3333333333333333,,,,,,,,1
energy_limited,1.0,md_cfba_dqn,lambda_0p3,247.57134966887088,223.14052548011145,24.430824268232303,0.0,5.333333333333333,5.666666666666667,0.3333333333333333,,,,,,,,1
energy_limited,1.0,standard_dqn,standard,247.57134966887088,223.14052548011145,24.430824268232303,0.0,5.333333333333333,5.666666666666667,0.3333333333333333,,,,,,,,1
link_limited,1.0,md_cfba_dqn,lambda_0p3,584.8189478878635,532.4354512294134,52.38349665845027,0.0,6.333333333333333,10.0,0.3333333333333333,,,,,,,,1
link_limited,1.0,standard_dqn,standard,584.8189478878635,532.4354512294134,52.38349665845027,0.0,6.333333333333333,10.0,0.3333333333333333,,,,,,,,1
nominal,1.0,md_cfba_dqn,lambda_0p3,237.48623058038007,223.14052548011145,14.34570510026864,0.0,0.3333333333333333,5.666666666666667,0.3333333333333333,,,,,,,,1
nominal,1.0,standard_dqn,standard,237.48623058038007,223.14052548011145,14.34570510026864,0.0,0.3333333333333333,5.666666666666667,0.3333333333333333,,,,,,,,1
thermal_stress,1.0,md_cfba_dqn,lambda_0p3,237.48623058038007,223.14052548011145,14.34570510026864,0.0,0.3333333333333333,5.666666666666667,0.3333333333333333,,,,,,,,1
thermal_stress,1.0,standard_dqn,standard,237.48623058038007,223.14052548011145,14.34570510026864,0.0,0.3333333333333333,5.666666666666667,0.3333333333333333,,,,,,,,1
