gamma,variant,mean,std,count
0.9,double_cbad_dqn,180.67069269105795,,1
0.9,double_dqn,180.67069269105795,,1
0.9,md_cbad_dqn,180.67069269105795,,1
0.9,md_fullq_dqn,180.67069269105795,,1
0.9,md_immediate_advantage_dqn,180.67069269105795,,1
0.9,standard_dqn,180.67069269105795,,1
0.95,double_cbad_dqn,180.67069269105795,,1
0.95,double_dqn,180.67069269105795,,1
0.95,md_cbad_dqn,180.67069269105795,,1
0.95,md_fullq_dqn,180.67069269105795,,1
0.95,md_immediate_advantage_dqn,180.67069269105795,,1
0.95,standard_dqn,180.67069269105795,,1
0.97,double_cbad_dqn,180.67069269105795,,1
0.97,double_dqn,180.67069269105795,,1
0.97,md_cbad_dqn,180.67069269105795,,1
0.97,md_fullq_dqn,180.67069269105795,,1
0.97,md_immediate_advantage_dqn,180.67069269105795,,1
0.97,standard_dqn,180.67069269105795,,1
0.99,double_cbad_dqn,180.67069269105795,,1
0.99,double_dqn,180.67069269105795,,1
0.99,md_cbad_dqn,180.67069269105795,,1
0.99,md_fullq_dqn,180.67069269105795,,1
0.99,md_immediate_advantage_dqn,180.67069269105795,,1
0.99,standard_dqn,180.67069269105795,,1
