policy,model_seed,total_cost,trace_seed,decision_ms_mean,decision_ms_median,decision_ms_p95,decision_count
standard_dqn,800,148.55454084694387,3380000,0.1379374589305371,0.09890017099678516,0.24663503281772137,64
standard_dqn,800,212.786844535172,3380001,0.1034984306897968,0.09705009870231152,0.13534014578908682,64
standard_dqn,800,190.30532593995335,3380002,0.09646562830312178,0.09374995715916157,0.10858017485588789,64
standard_dqn,800,198.45066280990838,3380003,0.10871406993828714,0.09520025923848152,0.15843007713556287,64
standard_dqn,800,166.44725537687538,3380004,0.10403595661045983,0.09505008347332478,0.14608998317271465,64
standard_dqn,800,239.56079836279153,3380005,0.10061252396553755,0.0940500758588314,0.13412020634859798,64
standard_dqn,800,236.21594828546043,3380006,0.10644530993886292,0.09625009261071682,0.17043973784893743,64
standard_dqn,800,192.54678383678197,3380007,0.10721095895860344,0.09884987957775593,0.15748983714729545,64
standard_dqn,800,219.79560747385025,3380008,0.10747656779130921,0.10369997471570969,0.13920494820922613,64
standard_dqn,800,252.6403565037251,3380009,0.10518125782255083,0.10009994730353355,0.1623000716790555,64
standard_dqn,800,185.12466075465088,3380010,0.10241091513307765,0.09719980880618095,0.1320498762652278,64
standard_dqn,800,294.93971955254676,3380011,0.10299220593879,0.09609991684556007,0.14160524588078258,64
standard_dqn,800,182.33449036300186,3380012,0.10422189370729029,0.09689992293715477,0.15157007146626705,64
standard_dqn,800,259.36957901939746,3380013,0.09961252362700179,0.09404984302818775,0.12194027658551926,64
standard_dqn,800,168.06482153207068,3380014,0.09642186341807246,0.09280000813305378,0.10970986913889644,64
standard_dqn,800,191.1995723307133,3380015,0.09763123671291396,0.09414996020495892,0.12055488768964998,64
standard_dqn,800,147.37523710876704,3380016,0.10778280557133257,0.09664986282587051,0.17724516801536078,64
standard_dqn,800,185.86129143282773,3380017,0.09617034811526537,0.09295018389821053,0.10646509472280741,64
standard_dqn,800,189.05807915121315,3380018,0.10642187407938763,0.09489990770816803,0.15424981247633696,64
standard_dqn,800,237.47933272644886,3380019,0.10248749458696693,0.09549991227686405,0.13559511862695214,64
md_fullq_dqn,800,148.55454084694387,3380000,0.10685781307984143,0.0964500941336155,0.13595512136816978,64
md_fullq_dqn,800,212.786844535172,3380001,0.09719374793348834,0.0934000127017498,0.12372992932796475,64
md_fullq_dqn,800,190.30532593995335,3380002,0.09772967314347625,0.09324983693659306,0.11965017765760422,64
md_fullq_dqn,800,198.45066280990838,3380003,0.10020001354860142,0.09534996934235096,0.14105010777711868,64
md_fullq_dqn,800,166.44725537687538,3380004,0.09612659050617367,0.09320024400949478,0.11259517632424826,64
md_fullq_dqn,800,239.56079836279153,3380005,0.10396877769380808,0.09230012074112892,0.13419499155133963,64
md_fullq_dqn,800,236.21594828546043,3380006,0.1119578373618424,0.09680003859102726,0.15640500932931894,64
md_fullq_dqn,800,192.54678383678197,3380007,0.10066717368317768,0.09480002336204052,0.1518998760730027,64
md_fullq_dqn,800,219.79560747385025,3380008,0.10015004227170721,0.09615020826458931,0.12886985205113885,64
md_fullq_dqn,800,252.6403565037251,3380009,0.10805313650052994,0.09664986282587051,0.17597496043890706,64
md_fullq_dqn,800,185.12466075465088,3380010,0.09774843783816323,0.09529991075396538,0.11449994053691624,64
md_fullq_dqn,800,294.93971955254676,3380011,0.09962033800547943,0.09465008042752743,0.11797011829912658,64
md_fullq_dqn,800,182.33449036300186,3380012,0.10446093074278906,0.09414996020495892,0.14755984302610153,64
md_fullq_dqn,800,259.36957901939746,3380013,0.09854374366113916,0.09350012987852097,0.12276968918740745,64
md_fullq_dqn,800,168.06482153207068,3380014,0.09755156497703865,0.09484984911978245,0.12089998926967377,64
md_fullq_dqn,800,191.1995723307133,3380015,0.1003750367090106,0.09569991379976273,0.1340598566457629,64
md_fullq_dqn,800,147.37523710876704,3380016,0.09635942114982754,0.09224982932209969,0.12224486563354728,64
md_fullq_dqn,800,185.86129143282773,3380017,0.10021410707850009,0.09425007738173008,0.13328501954674718,64
md_fullq_dqn,800,189.05807915121315,3380018,0.10867811215575784,0.09845010936260223,0.1542151905596256,64
md_fullq_dqn,800,237.47933272644886,3380019,0.10366405331296846,0.09629991836845875,0.1436652615666389,64
md_immediate_advantage_dqn,800,148.55454084694387,3380000,0.11167809861944988,0.099200289696455,0.18511021044105275,64
md_immediate_advantage_dqn,800,212.786844535172,3380001,0.11127341713290662,0.09644962847232819,0.170265114866197,64
md_immediate_advantage_dqn,800,190.30532593995335,3380002,0.11217189603485167,0.10324991308152676,0.1662101363763213,64
md_immediate_advantage_dqn,800,198.45066280990838,3380003,0.10637344530550763,0.09665009565651417,0.1484446693211794,64
md_immediate_advantage_dqn,800,166.44725537687538,3380004,0.11483909474918619,0.10415003634989262,0.1723600318655371,64
md_immediate_advantage_dqn,800,239.56079836279153,3380005,0.11055004870286211,0.10479986667633057,0.14743509236723182,64
md_immediate_advantage_dqn,800,236.21594828546043,3380006,0.10725155880209059,0.09830016642808914,0.1531449845060706,64
md_immediate_advantage_dqn,800,192.54678383678197,3380007,0.10866872617043555,0.0980000477284193,0.17396474722772834,64
md_immediate_advantage_dqn,800,219.79560747385025,3380008,0.11169687786605209,0.1025001984089613,0.16198493540287015,64
md_immediate_advantage_dqn,800,252.6403565037251,3380009,0.10237342939944938,0.0958999153226614,0.123080238699913,64
md_immediate_advantage_dqn,800,185.12466075465088,3380010,0.09763595153344795,0.09400001727044582,0.12160504702478644,64
md_immediate_advantage_dqn,800,294.93971955254676,3380011,0.0959046883508563,0.0926000066101551,0.10325526818633078,64
md_immediate_advantage_dqn,800,182.33449036300186,3380012,0.10689378541428596,0.09950017556548119,0.1422199187800288,64
md_immediate_advantage_dqn,800,259.36957901939746,3380013,0.10197031224379316,0.09735021740198135,0.13436025474220514,64
md_immediate_advantage_dqn,800,168.06482153207068,3380014,0.09891248191706836,0.09459978900849819,0.12118979357182974,64
md_immediate_advantage_dqn,800,191.1995723307133,3380015,0.1002484277705662,0.0964500941336155,0.1307553611695766,64
md_immediate_advantage_dqn,800,147.37523710876704,3380016,0.10139372170669958,0.09514996781945229,0.13762956950813532,64
md_immediate_advantage_dqn,800,185.86129143282773,3380017,0.09698749636299908,0.09400001727044582,0.11985527817159887,64
md_immediate_advantage_dqn,800,189.05807915121315,3380018,0.11260778410360217,0.10304991155862808,0.15623487997800106,64
md_immediate_advantage_dqn,800,237.47933272644886,3380019,0.1181156185339205,0.10425015352666378,0.15755516942590475,64
md_cbad_dqn,800,148.55454084694387,3380000,0.11494845966808498,0.10319985449314117,0.19270533230155695,64
md_cbad_dqn,800,212.786844535172,3380001,0.11426562559790909,0.09929994121193886,0.1977951731532811,64
md_cbad_dqn,800,190.30532593995335,3380002,0.10724686580942944,0.09929994121193886,0.1503949519246816,64
md_cbad_dqn,800,198.45066280990838,3380003,0.107042164017912,0.0967998057603836,0.1516347751021385,64
md_cbad_dqn,800,166.44725537687538,3380004,0.11338591139065102,0.1050999853760004,0.155354687012732,64
md_cbad_dqn,800,239.56079836279153,3380005,0.11525471200002357,0.1035500317811966,0.1661801012232899,64
md_cbad_dqn,800,236.21594828546043,3380006,0.10828909580595791,0.10020006448030472,0.15565480571240187,64
md_cbad_dqn,800,192.54678383678197,3380007,0.10320310684619471,0.09689992293715477,0.137279718182981,64
md_cbad_dqn,800,219.79560747385025,3380008,0.11773124424507841,0.1056501641869545,0.18333995249122378,64
md_cbad_dqn,800,252.6403565037251,3380009,0.11037184594897553,0.098800053820014,0.15961506869643924,64
md_cbad_dqn,800,185.12466075465088,3380010,0.10316562838852406,0.09505008347332478,0.1499752281233668,64
md_cbad_dqn,800,294.93971955254676,3380011,0.11590465874178335,0.10349997319281101,0.17506009899079786,64
md_cbad_dqn,800,182.33449036300186,3380012,0.1001687633106485,0.0966999214142561,0.12215988244861363,64
md_cbad_dqn,800,259.36957901939746,3380013,0.10259378905175254,0.09840005077421665,0.136350025422871,64
md_cbad_dqn,800,168.06482153207068,3380014,0.10102501255460083,0.0973499845713377,0.1294246409088373,64
md_cbad_dqn,800,191.1995723307133,3380015,0.10424218635307625,0.09794975630939007,0.14126019086688754,64
md_cbad_dqn,800,147.37523710876704,3380016,0.09809375478653237,0.09609991684556007,0.11929005850106475,64
md_cbad_dqn,800,185.86129143282773,3380017,0.10250781633658335,0.09440002031624317,0.144229969009757,64
md_cbad_dqn,800,189.05807915121315,3380018,0.10679064871510491,0.09525008499622345,0.15847510658204556,64
md_cbad_dqn,800,237.47933272644886,3380019,0.09839842095971107,0.09409990161657333,0.12222011573612682,64
double_dqn,800,148.55454084694387,3380000,0.10138437937712297,0.0944498460739851,0.1360900700092315,64
double_dqn,800,212.786844535172,3380001,0.10003439820138738,0.0934000127017498,0.14033520128577948,64
double_dqn,800,190.30532593995335,3380002,0.10514062159927562,0.09715021587908268,0.1345548778772354,64
double_dqn,800,198.45066280990838,3380003,0.10635317448759452,0.09399978443980217,0.13546503614634264,64
double_dqn,800,166.44725537687538,3380004,0.09917657007463276,0.09415019303560257,0.12611998245120049,64
double_dqn,800,239.56079836279153,3380005,0.10106247646035627,0.09619980119168758,0.13878976460546252,64
double_dqn,800,236.21594828546043,3380006,0.10500937059987336,0.09540002793073654,0.14561009593307964,64
double_dqn,800,192.54678383678197,3380007,0.10119219223270193,0.09665009565651417,0.15049006324261416,64
double_dqn,800,219.79560747385025,3380008,0.09814999793889001,0.09460002183914185,0.10978507343679665,64
double_dqn,800,252.6403565037251,3380009,0.09849064372247085,0.0940500758588314,0.10991005692631002,64
double_dqn,800,185.12466075465088,3380010,0.10204688442172483,0.09435019455850124,0.1482952153310179,64
double_dqn,800,294.93971955254676,3380011,0.1041218638420105,0.09789993055164814,0.1413851277902722,64
double_dqn,800,182.33449036300186,3380012,0.10346561612095684,0.0963001511991024,0.15895466785877937,64
double_dqn,800,259.36957901939746,3380013,0.10482811921974644,0.09970017708837986,0.1360599882900715,64
double_dqn,800,168.06482153207068,3380014,0.10529529390623793,0.10029994882643223,0.13590469025075433,64
double_dqn,800,191.1995723307133,3380015,0.10707500041462481,0.09975000284612179,0.16133491881191717,64
double_dqn,800,147.37523710876704,3380016,0.10682186257326975,0.10175001807510853,0.14394032768905154,64
double_dqn,800,185.86129143282773,3380017,0.10327811469323933,0.09745010174810886,0.14095492660999298,64
double_dqn,800,189.05807915121315,3380018,0.11155784159200266,0.09719980880618095,0.19188500009477133,64
double_dqn,800,237.47933272644886,3380019,0.09937187860487029,0.09740004315972328,0.12686513364315027,64
double_cbad_dqn,800,148.55454084694387,3380000,0.10846409713849425,0.09694998152554035,0.16063496004790065,64
double_cbad_dqn,800,212.786844535172,3380001,0.10313904931535944,0.09789993055164814,0.1361798262223601,64
double_cbad_dqn,800,190.30532593995335,3380002,0.10901875793933868,0.09834999218583107,0.1450351206585765,64
double_cbad_dqn,800,198.45066280990838,3380003,0.10872341226786375,0.09685009717941284,0.14467511791735885,64
double_cbad_dqn,800,166.44725537687538,3380004,0.10525312973186374,0.09605009108781815,0.14650998637080187,64
double_cbad_dqn,800,239.56079836279153,3380005,0.10313749226043001,0.09680003859102726,0.14474492054432625,64
double_cbad_dqn,800,236.21594828546043,3380006,0.10936561011476442,0.09959982708096504,0.14636476989835498,64
double_cbad_dqn,800,192.54678383678197,3380007,0.10091561853187159,0.09724986739456654,0.12930005323141813,64
double_cbad_dqn,800,219.79560747385025,3380008,0.10945623944280669,0.10005012154579163,0.1611049985513091,64
double_cbad_dqn,800,252.6403565037251,3380009,0.10415625729365274,0.09674998000264168,0.13045480009168386,64
double_cbad_dqn,800,185.12466075465088,3380010,0.09808281174628064,0.09514996781945229,0.12407028116285797,64
double_cbad_dqn,800,294.93971955254676,3380011,0.11615937546594068,0.10274979285895824,0.23721472825855014,64
double_cbad_dqn,800,182.33449036300186,3380012,0.1127687719417736,0.09934999980032444,0.17449506558477873,64
double_cbad_dqn,800,259.36957901939746,3380013,0.10368121729698032,0.09569991379976273,0.1366449752822518,64
double_cbad_dqn,800,168.06482153207068,3380014,0.09884380415314808,0.0955001451075077,0.11385483667254448,64
double_cbad_dqn,800,191.1995723307133,3380015,0.10514843597775325,0.09724986739456654,0.15217484906315798,64
double_cbad_dqn,800,147.37523710876704,3380016,0.10109847062267363,0.09345007129013538,0.15094010159373267,64
double_cbad_dqn,800,185.86129143282773,3380017,0.10092344018630683,0.096549978479743,0.11662489268928766,64
double_cbad_dqn,800,189.05807915121315,3380018,0.10464999650139362,0.09794998914003372,0.13689512852579352,64
double_cbad_dqn,800,237.47933272644886,3380019,0.1072484374162741,0.09765010327100754,0.15918985009193412,64
mpc4,90000,101.64297165520739,3390000,4.78247814317001,4.927650094032288,5.41179021820426,64
mpc4,90000,99.69602318725232,3390001,4.78611408470897,4.9328499007970095,5.511974799446762,64
mpc4,90000,85.82604746669531,3390002,4.653350020817015,4.790150094777346,5.104650184512138,64
mpc4,90000,93.70386031270027,3390003,4.611571886925958,4.7540501691401005,5.186069733463228,64
mpc4,90000,100.67314552031581,3390004,4.671929702453781,4.81615005992353,5.192959867417812,64
mpc4,90000,92.23590921163559,3390005,4.635246878024191,4.804400028660893,5.1077800104394555,64
mpc4,90000,87.83077633253166,3390006,4.680346901295707,4.822900053113699,5.217239982448518,64
mpc4,90000,82.7125159206131,3390007,4.6930015669204295,4.783599870279431,5.330629996024072,64
mpc4,90000,93.053660946475,3390008,4.630754701793194,4.780750023201108,5.114529863931239,64
mpc4,90000,64.5863474175334,3390009,4.661817161832005,4.783950047567487,5.291664903052151,64
mpc4,90000,118.5006651805636,3390010,4.661279650463257,4.783999873325229,5.35987508483231,64
mpc4,90000,74.86042612195016,3390011,4.692812537541613,4.81240008957684,5.177510227076709,64
mpc4,90000,87.21770841942245,3390012,4.779404691362288,4.789350088685751,5.561410007067025,64
mpc4,90000,111.47513187534213,3390013,4.697512507846113,4.824900068342686,5.236255005002022,64
mpc4,90000,99.5983252286315,3390014,4.725371902168263,4.865899914875627,5.248175049200654,64
mpc4,90000,98.85812107622624,3390015,4.89082185231382,4.9420499708503485,5.707920109853148,64
mpc4,90000,88.3287161514163,3390016,4.756179667310789,4.873800091445446,5.4621399845927945,64
mpc4,90000,91.5336509447506,3390017,4.6505249629262835,4.773349966853857,5.252654873766004,64
mpc4,90000,80.79767968654633,3390018,4.61343907227274,4.728800151497126,5.244680005125701,64
mpc4,90000,78.06049565374852,3390019,4.732514076749794,4.917900077998638,5.229340237565339,64
greedy8,90000,95.75888708978891,3390000,3.346776524267625,3.4692499320954084,3.9941801922395825,64
greedy8,90000,100.89783444404603,3390001,3.3943015441764146,3.501049941405654,4.092735098674893,64
greedy8,90000,84.84927092641593,3390002,3.3557046481291763,3.4483999479562044,4.019694961607456,64
greedy8,90000,97.09153047204018,3390003,3.3201031328644603,3.4640002995729446,3.910025069490075,64
greedy8,90000,96.62512412071229,3390004,3.3225656297872774,3.4634999465197325,3.8160501047968864,64
greedy8,90000,91.83905506432056,3390005,3.2860593710211106,3.401649883016944,3.907885239459574,64
greedy8,90000,85.03496491781303,3390006,3.318054645205848,3.463449887931347,3.911464568227529,64
greedy8,90000,74.20952974408866,3390007,3.2640843564877287,3.427299903705716,3.749804967083037,64
greedy8,90000,89.46918791268669,3390008,3.3114187317551114,3.458899911493063,3.8955897325649853,64
greedy8,90000,56.5806313470006,3390009,3.337510941491928,3.4214502666145563,4.121375223621725,64
greedy8,90000,121.23630479313663,3390010,3.369857819052413,3.4823501482605934,4.105905187316238,64
greedy8,90000,74.29806953072548,3390011,3.300375014077872,3.4057500306516886,3.9269601693376894,64
greedy8,90000,85.34322767037213,3390012,3.326439080410637,3.4109000116586685,4.14120964705944,64
greedy8,90000,114.22316446261564,3390013,3.3194562638527714,3.473300253972411,3.8910398026928297,64
greedy8,90000,99.99790177720786,3390014,3.281720302766189,3.4405000042170286,3.780209831893444,64
greedy8,90000,97.38864679038525,3390015,3.3056780957849696,3.4267499577254057,3.7355401553213596,64
greedy8,90000,88.3287161514163,3390016,3.2733843836467713,3.4099500626325607,3.736960398964584,64
greedy8,90000,87.43458047658206,3390017,3.3178250450873747,3.4452001564204693,3.8100049598142505,64
greedy8,90000,76.39446392059327,3390018,3.2884202591958456,3.4506500232964754,3.7564897211268544,64
greedy8,90000,72.48756470680237,3390019,3.23252500675153,3.3793002367019653,3.665989823639393,64
