scenario,coupling,variant,configuration,model_seed,total_cost,immediate_cost,penalty,thermal_violation,energy_violation,queue_violation,contact_violation,onboard_fraction,ground_fraction,hybrid_fraction
burst,1.0,md_cfba_dqn,lambda_0p3,500,111.85138972202937,109.30234730243683,2.54904241959254,3.0,0.0,0.0,0.6666666666666666,0.0,0.0,1.0
burst,1.0,standard_dqn,standard,500,111.85138972202937,109.30234730243683,2.54904241959254,3.0,0.0,0.0,0.6666666666666666,0.0,0.0,1.0
energy_limited,1.0,md_cfba_dqn,lambda_0p3,500,108.25770675738653,108.03774046897888,0.2199663976828258,0.3333333333333333,0.3333333333333333,0.0,0.6666666666666666,0.0,0.0,1.0
energy_limited,1.0,standard_dqn,standard,500,108.25770675738653,108.03774046897888,0.2199663976828258,0.3333333333333333,0.3333333333333333,0.0,0.6666666666666666,0.0,0.0,1.0
link_limited,1.0,md_cfba_dqn,lambda_0p3,500,165.74652170737585,165.60494077205658,0.1415807763735454,0.3333333333333333,0.0,0.0,0.6666666666666666,0.0,0.0,1.0
link_limited,1.0,standard_dqn,standard,500,165.74652170737585,165.60494077205658,0.1415807763735454,0.3333333333333333,0.0,0.0,0.6666666666666666,0.0,0.0,1.0
nominal,1.0,md_cfba_dqn,lambda_0p3,500,108.17932108640672,108.03774046897888,0.1415807763735454,0.3333333333333333,0.0,0.0,0.6666666666666666,0.0,0.0,1.0
nominal,1.0,standard_dqn,standard,500,108.17932108640672,108.03774046897888,0.1415807763735454,0.3333333333333333,0.0,0.0,0.6666666666666666,0.0,0.0,1.0
thermal_stress,1.0,md_cfba_dqn,lambda_0p3,500,113.70414336125056,109.53646735350291,4.167675689856211,3.6666666666666665,0.0,0.0,0.6666666666666666,0.0,0.0,1.0
thermal_stress,1.0,standard_dqn,standard,500,113.70414336125056,109.53646735350291,4.167675689856211,3.6666666666666665,0.0,0.0,0.6666666666666666,0.0,0.0,1.0
