variant,configuration,model_seed,episode,cost,rolling_cost,loss,epsilon,skipped_updates
md_dqn_rsf,c4_early_moderate,208,0,815.6382445763097,815.6382445763097,,0.9954761904761905,0
md_dqn_rsf,c4_early_moderate,208,10,659.83174403932,746.9565998773963,4.837278515100479,0.9502380952380952,0
md_dqn_rsf,c4_early_moderate,208,20,692.4450970079902,715.1657839946024,4.24336239695549,0.905,0
md_dqn_rsf,c4_early_moderate,208,30,754.3674009850505,716.2876543980732,4.732896476984024,0.8597619047619047,0
md_dqn_rsf,c4_early_moderate,208,40,730.0621494584922,716.5461939886017,5.762575536966324,0.8145238095238095,0
md_dqn_rsf,c4_early_moderate,208,50,650.4970014388415,681.7229490189999,5.729932099580765,0.7692857142857144,0
md_dqn_rsf,c4_early_moderate,208,60,714.407647915924,654.7394938781144,5.794939994812012,0.724047619047619,0
md_dqn_rsf,c4_early_moderate,208,70,613.2901674087066,654.9713119551358,6.745360165834427,0.6788095238095238,0
md_dqn_rsf,c4_early_moderate,208,80,727.4948808206972,660.2219559771289,5.941199630498886,0.6335714285714286,0
md_dqn_rsf,c4_early_moderate,208,90,586.9533278091671,647.9899477915195,6.640190362930298,0.5883333333333334,0
md_dqn_rsf,c4_early_moderate,208,100,678.1439511187768,656.8726200474149,6.650925397872925,0.5430952380952381,0
md_dqn_rsf,c4_early_moderate,208,110,626.7851013247412,631.7473679052044,7.495788127183914,0.4978571428571429,0
md_dqn_rsf,c4_early_moderate,208,120,631.555226690156,596.2293877756524,7.92379355430603,0.4526190476190477,0
md_dqn_rsf,c4_early_moderate,208,130,496.278269486106,592.3864425971782,7.726638972759247,0.4073809523809524,0
md_dqn_rsf,c4_early_moderate,208,140,435.382622990429,568.2045777456528,8.357250928878784,0.3621428571428572,0
md_dqn_rsf,c4_early_moderate,208,150,436.4585278422832,526.2582509458414,8.018049627542496,0.3169047619047619,0
md_dqn_rsf,c4_early_moderate,208,160,563.1820668007588,519.1249905634937,7.578719824552536,0.2716666666666666,0
md_dqn_rsf,c4_early_moderate,208,170,442.88910839752873,509.3273125335266,7.6185659766197205,0.22642857142857142,0
md_dqn_rsf,c4_early_moderate,208,180,464.3490975296984,485.5245891058874,8.378748148679733,0.18119047619047624,0
md_dqn_rsf,c4_early_moderate,208,190,493.78880775015983,467.5487715823152,6.616769343614578,0.13595238095238105,0
md_dqn_rsf,c4_early_moderate,208,200,360.97890186309814,437.17728105230725,7.614705175161362,0.09071428571428575,0
md_dqn_rsf,c4_early_moderate,208,210,560.8836917192309,419.1726849619496,7.766355931758881,0.4957142857142857,0
md_dqn_rsf,c4_early_moderate,208,220,478.82465397365985,469.21961246507243,7.824983179569244,0.45285714285714285,0
md_dqn_rsf,c4_early_moderate,208,230,449.98512229323387,500.6169286537364,8.001957178115845,0.41,0
md_dqn_rsf,c4_early_moderate,208,240,506.3989167242698,480.52450805333393,8.371510237455368,0.3671428571428571,0
md_dqn_rsf,c4_early_moderate,208,250,454.07888383258313,465.1722850434941,8.064309567213058,0.3242857142857143,0
md_dqn_rsf,c4_early_moderate,208,260,452.65481626257827,456.21350031703844,9.801574558019638,0.2814285714285714,0
md_dqn_rsf,c4_early_moderate,208,270,385.27037863542137,448.72118650536805,8.856096267700195,0.23857142857142855,0
md_dqn_rsf,c4_early_moderate,208,280,395.10654515028,421.71837700641635,8.078404903411865,0.19571428571428567,0
md_dqn_rsf,c4_early_moderate,208,290,386.1545763850212,392.8017628143653,7.30742022395134,0.15285714285714286,0
md_dqn_rsf,c4_early_moderate,208,300,312.19919122024976,370.5120461142966,10.4037646651268,0.10999999999999999,0
md_dqn_rsf,c4_early_moderate,208,310,325.20032047629354,363.45096778343213,8.654816657304764,0.06714285714285712,0
md_dqn_rsf,c4_early_moderate,208,320,351.2368221282959,352.1564645950772,7.569364160299301,0.05,0
md_dqn_rsf,c4_early_moderate,208,330,380.9743621945381,341.7336057589347,9.594082713127136,0.05,0
md_dqn_rsf,c4_early_moderate,208,340,326.53514045476913,342.31209504014214,7.844338044524193,0.05,0
md_dqn_rsf,c4_early_moderate,208,350,415.9558306634426,348.9519588365253,9.69075071811676,0.05,0
md_dqn_rsf,c4_early_moderate,208,360,353.8857009351253,348.34051451890764,8.695763260126114,0.05,0
md_dqn_rsf,c4_early_moderate,208,370,392.1792488994533,348.64711078398193,9.401048123836517,0.05,0
md_dqn_rsf,c4_early_moderate,208,380,355.34876956939695,344.59581109995804,7.463496744632721,0.05,0
md_dqn_rsf,c4_early_moderate,208,390,322.68215876221655,340.066557215616,8.174499690532684,0.05,0
md_dqn_rsf,c4_early_moderate,208,400,350.3988433420658,346.44608701956565,7.678182691335678,0.05,0
md_dqn_rsf,c4_early_moderate,208,410,331.4658555179834,349.90233360874737,8.853654235601425,0.05,0
md_dqn_rsf,c4_early_moderate,208,420,361.5479784011841,348.57251637435985,9.111567109823227,0.05,0
md_dqn_rsf,c4_early_moderate,208,430,367.26785930395124,347.43824355994997,8.934049427509308,0.05,0
md_dqn_rsf,c4_early_moderate,208,440,345.20901391804216,349.5111420111217,8.665930271148682,0.05,0
md_dqn_rsf,c4_early_moderate,208,450,349.3007257223129,349.67611212888835,9.086714833974838,0.05,0
md_dqn_rsf,c4_early_moderate,208,460,327.1070423424244,346.2701679205894,7.160454601049423,0.05,0
md_dqn_rsf,c4_early_moderate,208,470,361.6123526096344,339.85439261036555,7.545232608914375,0.05,0
md_dqn_rsf,c4_early_moderate,208,480,331.1377815246582,342.7543083584551,7.722992330789566,0.05,0
md_dqn_rsf,c4_early_moderate,208,490,347.91710157096384,353.5529552716548,8.082106411457062,0.05,0
md_dqn_rsf,c4_early_moderate,208,500,304.0514877438545,353.76802779042714,7.843446224927902,0.05,0
md_dqn_rsf,c4_early_moderate,208,510,266.0803954541683,338.47795290783154,,0.05,0
md_dqn_rsf,c4_early_moderate,208,520,344.45168459415436,345.7740400535233,7.265255495905876,0.05,0
md_dqn_rsf,c4_early_moderate,208,530,338.50847012102605,348.95258867567554,6.730392321944237,0.05,0
md_dqn_rsf,c4_early_moderate,208,540,310.9659116566181,340.91813035162465,6.725390434265137,0.05,0
md_dqn_rsf,c4_early_moderate,208,550,364.5582639873028,349.66671805030705,6.117419272661209,0.05,0
md_dqn_rsf,c4_early_moderate,208,560,368.0113812252879,335.69690002618313,7.01190872490406,0.05,0
md_dqn_rsf,c4_early_moderate,208,570,375.0694380055321,327.81855830163073,6.807453200221062,0.05,0
md_dqn_rsf,c4_early_moderate,208,580,339.8727114200592,331.3899211349491,6.932363256812096,0.05,0
md_dqn_rsf,c4_early_moderate,208,590,307.12063271478536,332.22518616148676,6.700613409280777,0.05,0
md_dqn_rsf,c4_early_moderate,208,599,319.72623720169065,335.61668203818465,5.862787678837776,0.05,1
