"scenario","policy","total_cost_mean","immediate_cost_mean","penalty_mean","energy_use_mean","latency_ms_mean","transmitted_mbit_mean","thermal_violation_mean","energy_violation_mean","queue_violation_mean","contact_violation_mean","planning_time_ms_mean","onboard_fraction_mean","ground_fraction_mean","hybrid_fraction_mean","total_cost_sd","immediate_cost_sd","penalty_sd","energy_use_sd","latency_ms_sd","transmitted_mbit_sd","thermal_violation_sd","energy_violation_sd","queue_violation_sd","contact_violation_sd","planning_time_ms_sd","onboard_fraction_sd","ground_fraction_sd","hybrid_fraction_sd","n_model_seeds"
"burst","contextual_bandit","9.0527147680521","9.02912906308969","0.023585704962412562","0.41552330863972503","4810.432680765788","131.8008273045222","0.0","0.0","0.0","0.3333333333333333","0.0","0.0","0.0","1.0","","","","","","","","","","","","","","","1"
"burst","fixed_ground","22.783871110509324","8.488145982225737","14.295725128283587","0.6523482849200567","7838.954106648763","644.405101776123","0.0","0.6666666666666666","6.0","1.6666666666666667","0.0","0.0","1.0","0.0","","","","","","","","","","","","","","","1"
"burst","fixed_onboard","16.471259862184525","16.471259862184525","0.0","0.5180817314734062","9502.475194295248","20.011566241582234","0.0","0.0","0.0","0.0","0.0","1.0","0.0","0.0","","","","","","","","","","","","","","","1"
"burst","immediate_argmin","7.9548359235127775","7.484773288170497","0.47006263534228027","0.47424082458019257","5363.109825134277","483.94028997421265","0.0","0.0","0.0","1.3333333333333333","0.0","0.0","0.6875","0.3125","","","","","","","","","","","","","","","1"
"burst","md_cbad_dqn","9.0527147680521","9.02912906308969","0.023585704962412562","0.41552330863972503","4810.432680765788","131.8008273045222","0.0","0.0","0.0","0.3333333333333333","0.0","0.0","0.0","1.0","","","","","","","","","","","","","","","1"
"burst","mpc_h4","7.701202175021172","7.642515495419502","0.0586866796016694","0.45355221008261043","5132.666831970215","395.63740944862366","0.0","0.0","0.0","0.6666666666666666","66.40296658345808","0.0","0.5416666666666666","0.4583333333333333","","","","","","","","","","","","","","","1"
"burst","standard_dqn","9.0527147680521","9.02912906308969","0.023585704962412562","0.41552330863972503","4810.432680765788","131.8008273045222","0.0","0.0","0.0","0.3333333333333333","0.0","0.0","0.0","1.0","","","","","","","","","","","","","","","1"
"burst","threshold","8.051486159364382","8.051486159364382","0.0","0.48004598046342534","5663.752883911133","451.57316294312477","0.0","0.0","0.0","0.0","0.0","0.08333333333333333","0.6458333333333334","0.2708333333333333","","","","","","","","","","","","","","","1"
"energy_limited","contextual_bandit","8.147216362754504","8.123630657792091","0.023585704962412562","0.38910848771532375","4312.294770558675","119.89560103416443","0.0","0.0","0.0","0.3333333333333333","0.0","0.0","0.0","1.0","","","","","","","","","","","","","","","1"
"energy_limited","fixed_ground","16.2918734826824","7.506033460299174","8.785840022383224","0.56424445224305","6621.68305460612","586.8032992680868","0.0","2.3333333333333335","3.6666666666666665","1.6666666666666667","0.0","0.0","1.0","0.0","","","","","","","","","","","","","","","1"
"energy_limited","fixed_onboard","15.660039871931076","15.660039871931076","0.0","0.48525082288930815","8544.261703491211","18.103944813211758","0.0","0.0","0.0","0.0","0.0","1.0","0.0","0.0","","","","","","","","","","","","","","","1"
"energy_limited","immediate_argmin","7.206083880861601","6.7360212455193205","0.47006263534228027","0.428535978620251","4646.985537211101","426.1011356115341","0.0","0.0","0.0","1.3333333333333333","0.0","0.0","0.6458333333333334","0.3541666666666667","","","","","","","","","","","","","","","1"
"energy_limited","md_cbad_dqn","8.147216362754504","8.123630657792091","0.023585704962412562","0.38910848771532375","4312.294770558675","119.89560103416443","0.0","0.0","0.0","0.3333333333333333","0.0","0.0","0.0","1.0","","","","","","","","","","","","","","","1"
"energy_limited","mpc_h4","6.9589964310328165","6.9003097514311476","0.0586866796016694","0.41751045919954777","4572.449282328288","368.4839455684026","0.0","0.0","0.0","0.6666666666666666","66.68766673343877","0.0","0.5625","0.4375","","","","","","","","","","","","","","","1"
"energy_limited","standard_dqn","8.147216362754504","8.123630657792091","0.023585704962412562","0.38910848771532375","4312.294770558675","119.89560103416443","0.0","0.0","0.0","0.3333333333333333","0.0","0.0","0.0","1.0","","","","","","","","","","","","","","","1"
"energy_limited","threshold","7.342804511388143","7.342804511388143","0.0","0.43492384627461433","4947.555694580078","393.98001179099083","0.0","0.0","0.0","0.0","0.0","0.08333333333333333","0.6041666666666666","0.3125","","","","","","","","","","","","","","","1"
"link_limited","contextual_bandit","8.679737357298533","8.65615165233612","0.023585704962412562","0.44351376468936604","5292.903653462728","119.89560103416443","0.0","0.0","0.0","0.3333333333333333","0.0","0.0","0.0","1.0","","","","","","","","","","","","","","","1"
"link_limited","fixed_ground","62.04733753133356","10.746177196502686","51.301160334830875","1.048427374412616","13822.002624511719","586.8032992680868","0.0","6.0","10.666666666666666","1.6666666666666667","0.0","0.0","1.0","0.0","","","","","","","","","","","","","","","1"
"link_limited","fixed_onboard","15.23652225236098","15.23652225236098","0.0","0.48525082288930815","8712.444628397623","18.103944813211758","0.0","0.0","0.0","0.0","0.0","1.0","0.0","0.0","","","","","","","","","","","","","","","1"
"link_limited","immediate_argmin","8.470789347092312","8.022893329461416","0.4478960176308951","0.5576481850196918","6599.072929382324","358.29506039619446","0.0","0.0","0.0","1.0","0.0","0.0","0.5","0.5","","","","","","","","","","","","","","","1"
"link_limited","md_cbad_dqn","8.679737357298533","8.65615165233612","0.023585704962412562","0.44351376468936604","5292.903653462728","119.89560103416443","0.0","0.0","0.0","0.3333333333333333","0.0","0.0","0.0","1.0","","","","","","","","","","","","","","","1"
"link_limited","mpc_h4","8.144215674201648","8.085528994599978","0.0586866796016694","0.5169433529178301","6082.299402872722","289.1752586364746","0.0","0.0","0.0","0.6666666666666666","65.37933325550209","0.0","0.3541666666666667","0.6458333333333334","","","","","","","","","","","","","","","1"
"link_limited","standard_dqn","8.679737357298533","8.65615165233612","0.023585704962412562","0.44351376468936604","5292.903653462728","119.89560103416443","0.0","0.0","0.0","0.3333333333333333","0.0","0.0","0.0","1.0","","","","","","","","","","","","","","","1"
"link_limited","threshold","10.253152286012968","10.253152286012968","0.0","0.5139751710618535","7073.053606669108","277.27435438831645","0.0","0.0","0.0","0.0","0.0","0.375","0.3958333333333333","0.22916666666666666","","","","","","","","","","","","","","","1"
"nominal","contextual_bandit","8.147216362754504","8.123630657792091","0.023585704962412562","0.38910848771532375","4312.294770558675","119.89560103416443","0.0","0.0","0.0","0.3333333333333333","0.0","0.0","0.0","1.0","","","","","","","","","","","","","","","1"
"nominal","fixed_ground","13.594466242013468","7.506033460299174","6.088432781714292","0.56424445224305","6621.68305460612","586.8032992680868","0.0","0.0","3.6666666666666665","1.6666666666666667","0.0","0.0","1.0","0.0","","","","","","","","","","","","","","","1"
"nominal","fixed_onboard","15.160840049386024","15.160840049386024","0.0","0.48525082288930815","8544.261703491211","18.103944813211758","0.0","0.0","0.0","0.0","0.0","1.0","0.0","0.0","","","","","","","","","","","","","","","1"
"nominal","immediate_argmin","7.206083880861601","6.7360212455193205","0.47006263534228027","0.428535978620251","4646.985537211101","426.1011356115341","0.0","0.0","0.0","1.3333333333333333","0.0","0.0","0.6458333333333334","0.3541666666666667","","","","","","","","","","","","","","","1"
"nominal","md_cbad_dqn","8.147216362754504","8.123630657792091","0.023585704962412562","0.38910848771532375","4312.294770558675","119.89560103416443","0.0","0.0","0.0","0.3333333333333333","0.0","0.0","0.0","1.0","","","","","","","","","","","","","","","1"
"nominal","mpc_h4","6.9589964310328165","6.9003097514311476","0.0586866796016694","0.41751045919954777","4572.449282328288","368.4839455684026","0.0","0.0","0.0","0.6666666666666666","65.8199666456009","0.0","0.5625","0.4375","","","","","","","","","","","","","","","1"
"nominal","standard_dqn","8.147216362754504","8.123630657792091","0.023585704962412562","0.38910848771532375","4312.294770558675","119.89560103416443","0.0","0.0","0.0","0.3333333333333333","0.0","0.0","0.0","1.0","","","","","","","","","","","","","","","1"
"nominal","threshold","7.301204552253087","7.301204552253087","0.0","0.43492384627461433","4947.555694580078","393.98001179099083","0.0","0.0","0.0","0.0","0.0","0.08333333333333333","0.6041666666666666","0.3125","","","","","","","","","","","","","","","1"
"reduced_coupling","contextual_bandit","8.145205020904541","8.145205020904541","0.0","0.3884856126581629","4300.661557515462","119.89560103416443","0.0","0.0","0.0","0.0","0.0","0.0","0.0","1.0","","","","","","","","","","","","","","","1"
"reduced_coupling","fixed_ground","7.255425360798836","7.1733173082272215","0.08210805257161465","0.5148977323745688","5968.455106099446","586.8032992680868","0.0","0.0","0.0","1.0","0.0","0.0","1.0","0.0","","","","","","","","","","","","","","","1"
"reduced_coupling","fixed_onboard","14.832867895563444","14.832867895563444","0.0","0.48525082288930815","8540.850695292154","18.103944813211758","0.0","0.0","0.0","0.0","0.0","1.0","0.0","0.0","","","","","","","","","","","","","","","1"
"reduced_coupling","immediate_argmin","6.653278810779253","6.578506325682004","0.07477248509724939","0.4163298609976967","4492.125282287598","432.7222467660904","0.0","0.0","0.0","0.6666666666666666","0.0","0.0","0.6666666666666666","0.3333333333333333","","","","","","","","","","","","","","","1"
"reduced_coupling","md_cbad_dqn","8.145205020904541","8.145205020904541","0.0","0.3884856126581629","4300.661557515462","119.89560103416443","0.0","0.0","0.0","0.0","0.0","0.0","0.0","1.0","","","","","","","","","","","","","","","1"
"reduced_coupling","mpc_h4","6.650972409049669","6.57619992395242","0.07477248509724939","0.4159952411428094","4471.123189290364","426.1011356115341","0.0","0.0","0.0","0.6666666666666666","68.0641335202381","0.0","0.6458333333333334","0.3541666666666667","","","","","","","","","","","","","","","1"
"reduced_coupling","standard_dqn","8.145205020904541","8.145205020904541","0.0","0.3884856126581629","4300.661557515462","119.89560103416443","0.0","0.0","0.0","0.0","0.0","0.0","0.0","1.0","","","","","","","","","","","","","","","1"
"reduced_coupling","threshold","7.059428095817566","7.059428095817566","0.0","0.4258058589572708","4809.057688395183","407.00081673264503","0.0","0.0","0.0","0.0","0.0","0.0625","0.625","0.3125","","","","","","","","","","","","","","","1"
"static","contextual_bandit","8.192678689956665","8.192678689956665","0.0","0.38788373085359734","4289.409241994222","119.89560103416443","0.0","0.0","0.0","0.0","0.0","0.0","0.0","1.0","","","","","","","","","","","","","","","1"
"static","fixed_ground","6.919874042272568","6.919874042272568","0.0","0.4786185234164198","5482.43106842041","586.8032992680868","0.0","0.0","0.0","0.0","0.0","0.0","1.0","0.0","","","","","","","","","","","","","","","1"
"static","fixed_onboard","14.504965205987295","14.504965205987295","0.0","0.48525082288930815","8537.593849182129","18.103944813211758","0.0","0.0","0.0","0.0","0.0","1.0","0.0","0.0","","","","","","","","","","","","","","","1"
"static","immediate_argmin","6.4424624393383665","6.4424624393383665","0.0","0.4055164714033405","4340.347237904866","432.7222467660904","0.0","0.0","0.0","0.0","0.0","0.0","0.6666666666666666","0.3333333333333333","","","","","","","","","","","","","","","1"
"static","md_cbad_dqn","8.192678689956665","8.192678689956665","0.0","0.38788373085359734","4289.409241994222","119.89560103416443","0.0","0.0","0.0","0.0","0.0","0.0","0.0","1.0","","","","","","","","","","","","","","","1"
"static","mpc_h4","6.4424624393383665","6.4424624393383665","0.0","0.4055164714033405","4340.347237904866","432.7222467660904","0.0","0.0","0.0","0.0","66.10130021969478","0.0","0.6666666666666666","0.3333333333333333","","","","","","","","","","","","","","","1"
"static","standard_dqn","8.192678689956665","8.192678689956665","0.0","0.38788373085359734","4289.409241994222","119.89560103416443","0.0","0.0","0.0","0.0","0.0","0.0","0.0","1.0","","","","","","","","","","","","","","","1"
"static","threshold","6.4424624393383665","6.4424624393383665","0.0","0.4055164714033405","4340.347237904866","432.7222467660904","0.0","0.0","0.0","0.0","0.0","0.0","0.6666666666666666","0.3333333333333333","","","","","","","","","","","","","","","1"
"thermal_stress","contextual_bandit","9.286835281054179","9.263249576091766","0.023585704962412562","0.41552330863972503","4810.432680765788","131.8008273045222","0.0","0.0","0.0","0.3333333333333333","0.0","0.0","0.0","1.0","","","","","","","","","","","","","","","1"
"thermal_stress","fixed_ground","22.783871110509324","8.488145982225737","14.295725128283587","0.6523482849200567","7838.954106648763","644.405101776123","0.0","0.6666666666666666","6.0","1.6666666666666667","0.0","0.0","1.0","0.0","","","","","","","","","","","","","","","1"
"thermal_stress","fixed_onboard","16.92649422089259","16.92649422089259","0.0","0.5180817314734062","9502.475194295248","20.011566241582234","0.0","0.0","0.0","0.0","0.0","1.0","0.0","0.0","","","","","","","","","","","","","","","1"
"thermal_stress","immediate_argmin","8.075123023986817","7.605060388644536","0.47006263534228027","0.490689920882384","5587.844362894694","505.89205265045166","0.0","0.0","0.0","1.3333333333333333","0.0","0.0","0.7291666666666666","0.2708333333333333","","","","","","","","","","","","","","","1"
"thermal_stress","md_cbad_dqn","9.286835281054179","9.263249576091766","0.023585704962412562","0.41552330863972503","4810.432680765788","131.8008273045222","0.0","0.0","0.0","0.3333333333333333","0.0","0.0","0.0","1.0","","","","","","","","","","","","","","","1"
"thermal_stress","mpc_h4","7.811856668194135","7.753169988592465","0.0586866796016694","0.4697172561039527","5353.600710550944","432.71789447466534","0.0","0.0","0.0","0.6666666666666666","66.37123320251703","0.0","0.6041666666666666","0.3958333333333333","","","","","","","","","","","","","","","1"
"thermal_stress","standard_dqn","9.286835281054179","9.263249576091766","0.023585704962412562","0.41552330863972503","4810.432680765788","131.8008273045222","0.0","0.0","0.0","0.3333333333333333","0.0","0.0","0.0","1.0","","","","","","","","","","","","","","","1"
"thermal_stress","threshold","8.150892635186514","8.150892635186514","0.0","0.4845365521808465","5737.698623657227","458.22973417242366","0.0","0.0","0.0","0.0","0.0","0.08333333333333333","0.6666666666666666","0.25","","","","","","","","","","","","","","","1"
