file,sha256,bytes,variant,model_seed,episodes,horizon,training_steps
models/confirmatory/md_cbad_dqn__lambda_0p3__seed_800.pth,f4e0766bc8b0b76b4b2f0d38734ff54db05545b8a05731646e0cbcd44afa11cc,459351,md_cbad_dqn,800,12,16,192
models/confirmatory/md_cbad_dqn__lambda_0p3__seed_801.pth,fad230cd335027ca672f3bab65733f3ee7a61d8f65ee2b58775c4fb390b3da4d,459351,md_cbad_dqn,801,12,16,192
models/confirmatory/md_cbad_dqn__lambda_0p3__seed_802.pth,f1e68c78a875d8305fcd07eeb14163dd20a6afe72e7fa75b5747e5f33784900b,459351,md_cbad_dqn,802,12,16,192
models/confirmatory/md_cbad_dqn__lambda_0p3__seed_803.pth,49b92092a93d4de497587ca18895fb9066fb5a81c7e9d2e3c3bcb46fa5733e9d,459351,md_cbad_dqn,803,12,16,192
models/confirmatory/md_cbad_dqn__lambda_0p3__seed_804.pth,e5816c9882dc5e6c073e4d7ba427879a35a6dc5810cbc58cdcf02e22fda528d5,459351,md_cbad_dqn,804,12,16,192
models/confirmatory/md_cfba_dqn__lambda_0p3_uncentered__seed_800.pth,079c45753342055109c681f9e27f6d36f8fdd7b74a1b18f40dadeb4f0873495f,459921,md_cfba_dqn,800,12,16,192
models/confirmatory/md_cfba_dqn__lambda_0p3_uncentered__seed_801.pth,56cd2ce182955a0c396cdacb0f85a8caa291ced7b3c671fff5691f95044e9416,459921,md_cfba_dqn,801,12,16,192
models/confirmatory/md_cfba_dqn__lambda_0p3_uncentered__seed_802.pth,882cb97e7e63fc958bfb224ae40ef38fc19986331ff056c132ad5ee7cf777282,459921,md_cfba_dqn,802,12,16,192
models/confirmatory/md_cfba_dqn__lambda_0p3_uncentered__seed_803.pth,5acdae3c277d117f71c8acc5a16a5d7fe7074c3410d2fe124a4a50dee0f5147c,459921,md_cfba_dqn,803,12,16,192
models/confirmatory/md_cfba_dqn__lambda_0p3_uncentered__seed_804.pth,6b1590740e919a65f30e5dff873709754cb69db6dc21c83d354cf4c25d4fedc1,459921,md_cfba_dqn,804,12,16,192
models/confirmatory/standard_dqn__standard__seed_800.pth,2342f0533e0ee6096fe27477c010a629a1dc4d020d687d1ab62409c91ae1d56d,459305,standard_dqn,800,12,16,192
models/confirmatory/standard_dqn__standard__seed_801.pth,0ce1fec9808924b0c231abe5a399625259605361dd00e5940d4104d7c54a9f23,459305,standard_dqn,801,12,16,192
models/confirmatory/standard_dqn__standard__seed_802.pth,a0b05ee877ca71c0e2f617d0b73419772e29a0f1d3fe5b82524041e0e6ec3304,459305,standard_dqn,802,12,16,192
models/confirmatory/standard_dqn__standard__seed_803.pth,7465e0cc31fd40f481025bf424d6a92cfce967020b16b5de219156e5d08887ef,459305,standard_dqn,803,12,16,192
models/confirmatory/standard_dqn__standard__seed_804.pth,6f20b8a8d70de912492cc623e7c2876bda6b397584e447ee6112f4120c24a8d9,459305,standard_dqn,804,12,16,192
models/contextual_bandit/contextual_bandit__gamma_0__seed_800.pth,addf3f794780380a324d80082036ae4dfc316bbc74e6d9e4101c5de9a9b3b7aa,459553,contextual_bandit,800,12,16,192
models/contextual_bandit/contextual_bandit__gamma_0__seed_801.pth,1e0f7cc3bcb9a2e293dc90668e4b26734e4b9c4a387f31d2beb67f6ed034b92e,459553,contextual_bandit,801,12,16,192
models/contextual_bandit/contextual_bandit__gamma_0__seed_802.pth,5cb973683f488ee9defbced81acbe2ac03b6f6655bab0dc34f57cd28b8754403,459553,contextual_bandit,802,12,16,192
models/contextual_bandit/contextual_bandit__gamma_0__seed_803.pth,e174df118e2d83508400d66dd8f0369eea6d06b97c8459f4b82401c39f3091e2,459553,contextual_bandit,803,12,16,192
models/contextual_bandit/contextual_bandit__gamma_0__seed_804.pth,faf6346ac80f15a4423a23b635d25004edd6d9e26ed6f08dc062a23f36fbd7f5,459553,contextual_bandit,804,12,16,192
