scenario,coupling,policy,total_cost_mean,immediate_cost_mean,penalty_mean,thermal_violation_mean,energy_violation_mean,queue_violation_mean,contact_violation_mean,total_cost_sd,immediate_cost_sd,penalty_sd,thermal_violation_sd,energy_violation_sd,queue_violation_sd,contact_violation_sd,n
burst,1.0,contextual_bandit,126.79223535557588,126.65372745196025,0.1385079036156337,0.0,0.0,0.0,0.6666666666666666,,,,,,,,1
burst,1.0,dqn_r,138.28572064042092,137.9783833026886,0.3073373377323152,0.0,0.0,0.0,1.0,,,,,,,,1
burst,1.0,dqn_rs,138.28572064042092,137.9783833026886,0.3073373377323152,0.0,0.0,0.0,1.0,,,,,,,,1
burst,1.0,fixed_ground,152.63862740397454,152.33129006624222,0.3073373377323152,0.0,0.0,0.0,1.0,,,,,,,,1
burst,1.0,fixed_onboard,103.80053770442804,101.43011705080669,2.370420653621356,0.0,0.0,2.0,0.0,,,,,,,,1
burst,1.0,immediate_argmin,58.7131897042195,58.58495287100474,0.12823683321475987,0.0,0.0,0.0,0.3333333333333333,,,,,,,,1
burst,1.0,md_dqn_rsf,126.79223535557588,126.65372745196025,0.1385079036156337,0.0,0.0,0.0,0.6666666666666666,,,,,,,,1
burst,1.0,standard_dqn,126.79223535557588,126.65372745196025,0.1385079036156337,0.0,0.0,0.0,0.6666666666666666,,,,,,,,1
burst,1.0,threshold,59.54680613676707,59.54680613676707,0.0,0.0,0.0,0.0,0.0,,,,,,,,1
energy_limited,1.0,contextual_bandit,127.35001666148503,125.4224956035614,1.9275210181872051,0.0,2.0,0.0,0.6666666666666666,,,,,,,,1
energy_limited,1.0,dqn_r,138.58885343869528,138.58885343869528,0.0,0.0,0.0,0.0,0.0,,,,,,,,1
energy_limited,1.0,dqn_rs,138.58885343869528,138.58885343869528,0.0,0.0,0.0,0.0,0.0,,,,,,,,1
energy_limited,1.0,fixed_ground,152.63862740397454,152.33129006624222,0.3073373377323152,0.0,0.0,0.0,1.0,,,,,,,,1
energy_limited,1.0,fixed_onboard,97.33368809362253,96.27013742923737,1.0635507239898045,0.0,1.3333333333333333,0.6666666666666666,0.0,,,,,,,,1
energy_limited,1.0,immediate_argmin,58.32616969247659,57.84751572211584,0.47865394552548723,0.0,1.0,0.0,0.3333333333333333,,,,,,,,1
energy_limited,1.0,md_dqn_rsf,127.35001666148503,125.4224956035614,1.9275210181872051,0.0,2.0,0.0,0.6666666666666666,,,,,,,,1
energy_limited,1.0,standard_dqn,127.35001666148503,125.4224956035614,1.9275210181872051,0.0,2.0,0.0,0.6666666666666666,,,,,,,,1
energy_limited,1.0,threshold,66.0597189694643,64.52995218833287,1.5297668804725013,0.0,1.6666666666666667,0.0,0.6666666666666666,,,,,,,,1
link_limited,1.0,contextual_bandit,223.93456277207534,222.2017002304395,1.7328625416358312,0.0,1.3333333333333333,1.6666666666666667,0.6666666666666666,,,,,,,,1
link_limited,1.0,dqn_r,242.22365236858548,236.56014747420946,5.663504894375996,0.0,0.0,3.6666666666666665,0.0,,,,,,,,1
link_limited,1.0,dqn_rs,242.22365236858548,236.56014747420946,5.663504894375996,0.0,0.0,3.6666666666666665,0.0,,,,,,,,1
link_limited,1.0,fixed_ground,318.4753182665484,299.0420722961426,19.43324597040584,0.0,1.3333333333333333,7.333333333333333,1.0,,,,,,,,1
link_limited,1.0,fixed_onboard,95.86856263220311,95.77093819777171,0.09762443443139396,0.0,0.0,0.6666666666666666,0.0,,,,,,,,1
link_limited,1.0,immediate_argmin,70.92984215418498,70.92984215418498,0.0,0.0,0.0,0.0,0.0,,,,,,,,1
link_limited,1.0,md_dqn_rsf,223.93456277207534,222.2017002304395,1.7328625416358312,0.0,1.3333333333333333,1.6666666666666667,0.6666666666666666,,,,,,,,1
link_limited,1.0,standard_dqn,223.93456277207534,222.2017002304395,1.7328625416358312,0.0,1.3333333333333333,1.6666666666666667,0.6666666666666666,,,,,,,,1
link_limited,1.0,threshold,70.92984215418498,70.92984215418498,0.0,0.0,0.0,0.0,0.0,,,,,,,,1
nominal,0.0,contextual_bandit,115.01393322149913,115.01393322149913,0.0,0.0,0.0,0.0,0.0,,,,,,,,1
nominal,0.0,dqn_r,117.10369282960892,117.10369282960892,0.0,0.0,0.0,0.0,0.0,,,,,,,,1
nominal,0.0,dqn_rs,117.10369282960892,117.10369282960892,0.0,0.0,0.0,0.0,0.0,,,,,,,,1
nominal,0.0,fixed_ground,131.20300632715225,131.20300632715225,0.0,0.0,0.0,0.0,0.0,,,,,,,,1
nominal,0.0,fixed_onboard,77.86933898925781,77.86933898925781,0.0,0.0,0.0,0.0,0.0,,,,,,,,1
nominal,0.0,immediate_argmin,52.30134052038193,52.30134052038193,0.0,0.0,0.0,0.0,0.0,,,,,,,,1
nominal,0.0,md_dqn_rsf,115.01393322149913,115.01393322149913,0.0,0.0,0.0,0.0,0.0,,,,,,,,1
nominal,0.0,standard_dqn,115.01393322149913,115.01393322149913,0.0,0.0,0.0,0.0,0.0,,,,,,,,1
nominal,0.0,threshold,52.30134052038193,52.30134052038193,0.0,0.0,0.0,0.0,0.0,,,,,,,,1
nominal,0.5,contextual_bandit,119.97626807292302,119.97626807292302,0.0,0.0,0.0,0.0,0.0,,,,,,,,1
nominal,0.5,dqn_r,125.06192527016003,125.04535508155823,0.016570188601811767,0.0,0.0,0.0,0.6666666666666666,,,,,,,,1
nominal,0.5,dqn_rs,125.06192527016003,125.04535508155823,0.016570188601811767,0.0,0.0,0.0,0.6666666666666666,,,,,,,,1
nominal,0.5,fixed_ground,140.35941517154376,140.34284498294195,0.016570188601811767,0.0,0.0,0.0,0.6666666666666666,,,,,,,,1
nominal,0.5,fixed_onboard,83.92818050583203,83.92818050583203,0.0,0.0,0.0,0.0,0.0,,,,,,,,1
nominal,0.5,immediate_argmin,54.627261180679,54.62020910779635,0.007052072882652301,0.0,0.0,0.0,0.3333333333333333,,,,,,,,1
nominal,0.5,md_dqn_rsf,119.97626807292302,119.97626807292302,0.0,0.0,0.0,0.0,0.0,,,,,,,,1
nominal,0.5,standard_dqn,119.97626807292302,119.97626807292302,0.0,0.0,0.0,0.0,0.0,,,,,,,,1
nominal,0.5,threshold,55.20172203580538,55.20172203580538,0.0,0.0,0.0,0.0,0.0,,,,,,,,1
nominal,1.0,contextual_bandit,125.56100350717703,125.4224956035614,0.1385079036156337,0.0,0.0,0.0,0.6666666666666666,,,,,,,,1
nominal,1.0,dqn_r,138.19084377487502,137.8835064371427,0.3073373377323152,0.0,0.0,0.0,1.0,,,,,,,,1
nominal,1.0,dqn_rs,138.19084377487502,137.8835064371427,0.3073373377323152,0.0,0.0,0.0,1.0,,,,,,,,1
nominal,1.0,fixed_ground,152.63862740397454,152.33129006624222,0.3073373377323152,0.0,0.0,0.0,1.0,,,,,,,,1
nominal,1.0,fixed_onboard,95.86856263220311,95.77093819777171,0.09762443443139396,0.0,0.0,0.6666666666666666,0.0,,,,,,,,1
nominal,1.0,immediate_argmin,57.715752654274304,57.58751582105955,0.12823683321475987,0.0,0.0,0.0,0.3333333333333333,,,,,,,,1
nominal,1.0,md_dqn_rsf,125.56100350717703,125.4224956035614,0.1385079036156337,0.0,0.0,0.0,0.6666666666666666,,,,,,,,1
nominal,1.0,standard_dqn,125.56100350717703,125.4224956035614,0.1385079036156337,0.0,0.0,0.0,0.6666666666666666,,,,,,,,1
nominal,1.0,threshold,58.40830813844999,58.40830813844999,0.0,0.0,0.0,0.0,0.0,,,,,,,,1
thermal_stress,1.0,contextual_bandit,127.02635526756445,126.88784736394882,0.1385079036156337,0.0,0.0,0.0,0.6666666666666666,,,,,,,,1
thermal_stress,1.0,dqn_r,138.33575862050057,138.02842128276825,0.3073373377323152,0.0,0.0,0.0,1.0,,,,,,,,1
thermal_stress,1.0,dqn_rs,138.33575862050057,138.02842128276825,0.3073373377323152,0.0,0.0,0.0,1.0,,,,,,,,1
thermal_stress,1.0,fixed_ground,152.63862740397454,152.33129006624222,0.3073373377323152,0.0,0.0,0.0,1.0,,,,,,,,1
thermal_stress,1.0,fixed_onboard,104.61362753212451,101.88535139958064,2.728276212016741,1.0,0.0,2.0,0.0,,,,,,,,1
thermal_stress,1.0,immediate_argmin,58.9627735644579,58.83453673124313,0.12823683321475987,0.0,0.0,0.0,0.3333333333333333,,,,,,,,1
thermal_stress,1.0,md_dqn_rsf,127.02635526756445,126.88784736394882,0.1385079036156337,0.0,0.0,0.0,0.6666666666666666,,,,,,,,1
thermal_stress,1.0,standard_dqn,127.02635526756445,126.88784736394882,0.1385079036156337,0.0,0.0,0.0,0.6666666666666666,,,,,,,,1
thermal_stress,1.0,threshold,59.79824489355087,59.79824489355087,0.0,0.0,0.0,0.0,0.0,,,,,,,,1
