file,sha256,model_seed,training_steps,preview_transition_scale
md_cbad_dqn__preview_scale_0p85__seed_800.pth,29685aac43a96b788f442500adcfafded5f1f4ffc4542bfe58c71f1358030617,800,38400,0.85
md_cbad_dqn__preview_scale_0p85__seed_801.pth,0cb16d33fc06afbe1183decd136947c6c86946d97c9a17d626632193b86f24ea,801,38400,0.85
md_cbad_dqn__preview_scale_0p85__seed_802.pth,3a1c76fb97468e636ce7a0edda22be6c64988363e4857a7a49f1f1a1d9506ed4,802,38400,0.85
md_cbad_dqn__preview_scale_0p85__seed_803.pth,1de975dadb5ba75e58b6b7eef8588ebd9ce921d30aeed397804c1b24ab8c117e,803,38400,0.85
md_cbad_dqn__preview_scale_0p85__seed_804.pth,4fc9c98e332a6ca264814594b6eac0cd374f5beacf37e6f3474fe2b42e971d85,804,38400,0.85
md_cbad_dqn__preview_scale_0p85__seed_805.pth,db7d694e13aa5a66e34e47156b44984f216f733cd88192ad4cd171574441cfac,805,38400,0.85
md_cbad_dqn__preview_scale_0p85__seed_806.pth,b5990e09d057bc7a97b6be40e32ac5e830fd7d7e297bfddc13815414a45ab81b,806,38400,0.85
md_cbad_dqn__preview_scale_0p85__seed_807.pth,0e35e845054cc76ea767165c66b793f8a5b403917d7d34424b32947d6876cd42,807,38400,0.85
md_cbad_dqn__preview_scale_0p85__seed_808.pth,521eba6ed989b1bd4d68da4e73f902e3e17bba4dfb83c48b9ce27b67defd8aaf,808,38400,0.85
md_cbad_dqn__preview_scale_0p85__seed_809.pth,bf7d11657e54c10f6000bc630cb65fccc8a54d4b8ef9facba365187ae27e2c83,809,38400,0.85
md_cbad_dqn__preview_scale_0p85__seed_810.pth,ec9c161a11e2779809f10cfdcf82d6e13e07ec57951dcc9f0963a72078bec3c5,810,38400,0.85
md_cbad_dqn__preview_scale_0p85__seed_811.pth,a476e977e8712c4257ba5e1713769f603537f148c22d15104838a09741dc6dcd,811,38400,0.85
md_cbad_dqn__preview_scale_0p85__seed_812.pth,4bba5c47d6651e89151c28d7108487bee96ccb8ac3706eb4721854c732b118f3,812,38400,0.85
md_cbad_dqn__preview_scale_0p85__seed_813.pth,256eaea2c8c73190613239b8e99cccbe3161fb4a5ca58719627f6b51c8076490,813,38400,0.85
md_cbad_dqn__preview_scale_0p85__seed_814.pth,a112760a190fe87324e5d6be9b9d15887fd7be2e9d00a341b9f4d2b4fc31e3da,814,38400,0.85
md_cbad_dqn__preview_scale_0p85__seed_815.pth,f06ca431b228fe6335f42cbbda22806adc50bd77f2040b2fedc562de985da5bb,815,38400,0.85
md_cbad_dqn__preview_scale_0p85__seed_816.pth,1495f3ee4a5f8171f65f632ba436412004731db29586307b6c33d9cd156b7b54,816,38400,0.85
md_cbad_dqn__preview_scale_0p85__seed_817.pth,75cc1778535fbd13fbf6dc412e242f737d9beddab38d5e7818f135f3cb865f27,817,38400,0.85
md_cbad_dqn__preview_scale_0p85__seed_818.pth,0a9e50d42d88042410322cc87f7e2186996377827f1bbb7be02d33cc68a8c0ef,818,38400,0.85
md_cbad_dqn__preview_scale_0p85__seed_819.pth,faa8a3134871f02a4cafe97fd87992b63f03c0cc54b20a43059f50981b8a2b63,819,38400,0.85
md_cbad_dqn__preview_scale_1p15__seed_800.pth,80144f8d4c86b8e959b1c9450e446041c15d1e0421a746515b7a5bbeafc378d2,800,38400,1.15
md_cbad_dqn__preview_scale_1p15__seed_801.pth,64fa0e6cae24ea7642e4aaece588c9d1556e2afa41016fc286a13658bb58d598,801,38400,1.15
md_cbad_dqn__preview_scale_1p15__seed_802.pth,15c017f8238c7c1d9cd47c758e9957b74a7e4aa6fc427cedbbb6754060c0e695,802,38400,1.15
md_cbad_dqn__preview_scale_1p15__seed_803.pth,9c682a9967d112dda1e039f1166ebdf5f2d15e891452eb621f7c356b3cce46e4,803,38400,1.15
md_cbad_dqn__preview_scale_1p15__seed_804.pth,5332e2aa9aa8aa9b81d89b3ac24d13e826db7f513b9dfa40a07e26a73a262dee,804,38400,1.15
md_cbad_dqn__preview_scale_1p15__seed_805.pth,ec42fde58fa2b6e02a0df05b57d4f292525565c1421fd8e19bc325f7388727d0,805,38400,1.15
md_cbad_dqn__preview_scale_1p15__seed_806.pth,3d2a959c310363372adcde5ef8523fa689d4a3fa3d636dbe42d8df3c8c52d278,806,38400,1.15
md_cbad_dqn__preview_scale_1p15__seed_807.pth,ac6559be0ed1226af3093dc2982b06ba258fdc6a6c651ac0585db3d78ea6e631,807,38400,1.15
md_cbad_dqn__preview_scale_1p15__seed_808.pth,ce2ff434a9569e75389f91c15e09fbabab1cb4e5633a9833ceb886d47aaa09a6,808,38400,1.15
md_cbad_dqn__preview_scale_1p15__seed_809.pth,2a5da1c2c4225f6b1d7573cb784e2e9e89fadda117b459cb407856e467587899,809,38400,1.15
md_cbad_dqn__preview_scale_1p15__seed_810.pth,5f3cb206406c72ff6fc8391d87f32446390f950507f8c6744a3aed6af4c89536,810,38400,1.15
md_cbad_dqn__preview_scale_1p15__seed_811.pth,66409557bb166d77c963651eed33edb8fe73e8c72d75cafb79d465a752c7bef2,811,38400,1.15
md_cbad_dqn__preview_scale_1p15__seed_812.pth,75fc845dab74e13865078efabc4065921c083ab98e764fe5270adb81fce462bd,812,38400,1.15
md_cbad_dqn__preview_scale_1p15__seed_813.pth,91a86042538efaafa8fe9a593bf2204ee23a1cf4e85e136811adf7cf00da72a7,813,38400,1.15
md_cbad_dqn__preview_scale_1p15__seed_814.pth,5d1ad0c070335b97766ec718b166c3152ac982c50726d28c3ce763c95d84dccf,814,38400,1.15
md_cbad_dqn__preview_scale_1p15__seed_815.pth,0898071d9176500ec29e01c885e4ce43aaa26d57b3e21af95eecedd15156fe0a,815,38400,1.15
md_cbad_dqn__preview_scale_1p15__seed_816.pth,b4340edeee015edf2a6e1b6ce3326ce08a57d5be474199f38d105f2d94cf7b8d,816,38400,1.15
md_cbad_dqn__preview_scale_1p15__seed_817.pth,9f00ea83117bde4a23fbd5b802eb72a86f37bfacb19c48deff30961238772fd7,817,38400,1.15
md_cbad_dqn__preview_scale_1p15__seed_818.pth,dc1ca17cebb6b1d318c45df3ea837396083a785acf9053331790b1e3cad60ffe,818,38400,1.15
md_cbad_dqn__preview_scale_1p15__seed_819.pth,601cf2d9fd217e819adca5d035252e98f05be70bbb7c6c45d3eaf07adc504001,819,38400,1.15
