variant,configuration,model_seed,total_cost,immediate_cost,penalty,thermal_violation,energy_violation,queue_violation,contact_violation,onboard_fraction,ground_fraction,hybrid_fraction
md_dqn_rsf,c0_original,100,335.77024662557903,257.65132715553045,78.1189197509355,0.0,32.4,2.65,0.4,0.5453125,0.1984375,0.25625
md_dqn_rsf,c0_original,101,320.50514168423246,248.8230593070388,71.68208304178549,0.15,30.9,0.15,0.7,0.55390625,0.190625,0.25546875
md_dqn_rsf,c0_original,102,376.2507849749435,284.5701901897788,91.68059553841837,1.55,36.15,3.45,0.7,0.54609375,0.0,0.45390625
md_dqn_rsf,c0_original,103,335.80926554030566,260.938446649909,74.87081978670152,0.05,32.15,1.0,0.35,0.47890625,0.2234375,0.29765625
md_dqn_rsf,c1_late_gentle,100,339.80872271314945,263.9950253248215,75.81369779885499,0.0,32.3,1.2,0.4,0.55,0.18203125,0.26796875
md_dqn_rsf,c1_late_gentle,101,322.087579575181,252.53213947117328,69.555440402776,0.1,30.15,0.0,0.8,0.53046875,0.190625,0.27890625
md_dqn_rsf,c1_late_gentle,102,377.870537105551,286.8858812406659,90.9846569854524,1.45,35.85,4.35,0.45,0.58203125,0.0,0.41796875
md_dqn_rsf,c1_late_gentle,103,336.7158914429637,260.11349103748796,76.60240160576426,0.1,32.6,1.1,0.25,0.51640625,0.184375,0.29921875
md_dqn_rsf,c2_late_moderate,100,341.5689454005281,266.0438283070922,75.5251174838463,0.0,31.5,3.35,0.4,0.48671875,0.2875,0.22578125
md_dqn_rsf,c2_late_moderate,101,321.4968133842945,250.71166695356368,70.78514723688365,0.05,30.4,0.0,0.95,0.51328125,0.2234375,0.26328125
md_dqn_rsf,c2_late_moderate,102,376.6454823445892,284.25411431342366,92.3913683873033,1.4,36.2,4.35,0.55,0.57890625,0.0,0.42109375
md_dqn_rsf,c2_late_moderate,103,335.9740409556208,259.2276655420661,76.74637598352409,0.05,32.55,1.7,0.2,0.5328125,0.1828125,0.284375
md_dqn_rsf,c3_mid_moderate,100,335.28814623197275,262.252155084908,73.0359919114943,0.0,31.3,2.65,0.4,0.49609375,0.2546875,0.24921875
md_dqn_rsf,c3_mid_moderate,101,317.42568588575125,244.5440111771226,72.8816754149437,0.2,31.25,0.1,0.7,0.5390625,0.18359375,0.27734375
md_dqn_rsf,c3_mid_moderate,102,411.83489690060435,325.1273528695107,86.70754448483402,0.0,31.25,10.9,0.75,0.559375,0.384375,0.05625
md_dqn_rsf,c3_mid_moderate,103,336.2828235841662,261.1961137652397,75.0867105841011,0.0,32.25,0.85,0.25,0.51875,0.20078125,0.28046875
md_dqn_rsf,c4_early_moderate,100,342.081287683049,270.1328138411045,71.94847439030727,0.0,30.65,2.7,0.4,0.46796875,0.31171875,0.2203125
md_dqn_rsf,c4_early_moderate,101,318.67063461432457,247.01845927834512,71.6521757368207,0.05,30.85,0.05,0.75,0.52109375,0.1890625,0.28984375
md_dqn_rsf,c4_early_moderate,102,334.40065469447825,262.3995097056031,72.00114509988875,0.05,31.0,0.35,0.65,0.52421875,0.22890625,0.246875
md_dqn_rsf,c4_early_moderate,103,339.01749229415,258.8524939358234,80.1649989864105,0.0,33.15,2.85,0.2,0.54140625,0.17890625,0.2796875
md_dqn_rsf,c5_early_explore,100,347.21456434355093,269.21237108558415,78.00219374896005,0.0,31.3,5.1,0.3,0.56796875,0.25625,0.17578125
md_dqn_rsf,c5_early_explore,101,317.69629706878084,245.06162803024054,72.6346696696045,0.25,31.05,0.5,0.6,0.575,0.18125,0.24375
md_dqn_rsf,c5_early_explore,102,349.857429342593,269.31726344674826,80.54016626315831,0.0,32.7,4.25,0.55,0.58515625,0.1765625,0.23828125
md_dqn_rsf,c5_early_explore,103,337.80121616400936,262.8525262892246,74.9486903098986,0.05,32.15,0.8,0.35,0.47890625,0.21640625,0.3046875
standard_dqn,common_standard,100,343.27261456748556,262.55674861967566,80.71586649095727,0.1,32.85,3.95,0.3,0.6109375,0.15078125,0.23828125
standard_dqn,common_standard,101,322.0104679608345,252.63700177520514,69.37346650153398,0.0,30.15,0.0,0.9,0.4921875,0.1953125,0.3125
standard_dqn,common_standard,102,380.5273201430002,290.22780018895867,90.29952039362584,1.5,36.0,3.1,0.55,0.559375,0.0,0.440625
standard_dqn,common_standard,103,334.92493667971314,259.73176540881394,75.19317163970291,0.05,32.2,0.7,0.25,0.5328125,0.18828125,0.27890625
