variant,model_seed,episode,cost,rolling_cost,epsilon,loss,td_loss,auxiliary_loss
contextual_bandit,801,0,666.2356623891978,666.2356623891978,0.9954761904761905,,,
contextual_bandit,801,10,639.8910473592921,722.2859685374285,0.9502380952380952,4.511337757110596,4.511337757110596,0.0
contextual_bandit,801,20,607.4968156542564,718.1532444564072,0.905,3.691581130027771,3.691581130027771,0.0
contextual_bandit,801,30,703.7909259802586,698.4887912842466,0.8597619047619047,2.9849253743886948,2.9849253743886948,0.0
contextual_bandit,801,40,444.5291933237726,679.9392571196496,0.8145238095238095,1.9432420656085014,1.9432420656085014,0.0
contextual_bandit,801,50,812.4827414308089,674.2698480877109,0.7692857142857144,1.0756952539086342,1.0756952539086342,0.0
contextual_bandit,801,60,631.352037410678,651.2158683632745,0.724047619047619,0.7287146337330341,0.7287146337330341,0.0
contextual_bandit,801,70,524.77915631117,625.213418769474,0.6788095238095238,0.5935055036097765,0.5935055036097765,0.0
contextual_bandit,801,80,599.685488181158,600.7834398131143,0.6335714285714286,0.6086344234645367,0.6086344234645367,0.0
contextual_bandit,801,90,515.9741737068869,585.8812559891677,0.5883333333333334,0.497463570907712,0.497463570907712,0.0
contextual_bandit,801,100,573.8494416467115,593.027535819061,0.5430952380952381,0.49884186685085297,0.49884186685085297,0.0
contextual_bandit,801,110,479.3643203127074,561.8409480574975,0.4978571428571429,0.44582056254148483,0.44582056254148483,0.0
contextual_bandit,801,120,626.8581640600623,538.2293300097105,0.4526190476190477,0.4435091894119978,0.4435091894119978,0.0
contextual_bandit,801,130,471.6209946626439,533.4658084681884,0.4073809523809524,0.35969118028879166,0.35969118028879166,0.0
contextual_bandit,801,140,357.48861342668533,525.3582436576655,0.3621428571428572,0.3202359527349472,0.3202359527349472,0.0
contextual_bandit,801,150,515.1371993194074,495.0798966875474,0.3169047619047619,0.29889093432575464,0.29889093432575464,0.0
contextual_bandit,801,160,431.1912853388106,463.25334005430966,0.2716666666666666,0.27259889896959066,0.27259889896959066,0.0
contextual_bandit,801,170,503.4569514787537,464.944769841177,0.22642857142857142,0.2586699677631259,0.2586699677631259,0.0
contextual_bandit,801,180,458.4734290988072,472.53441195426524,0.18119047619047624,0.23999821580946445,0.23999821580946445,0.0
contextual_bandit,801,190,478.1434586925314,461.2705165417686,0.13595238095238105,0.21341860806569457,0.21341860806569457,0.0
contextual_bandit,801,200,344.91130296484283,426.27758782688807,0.09071428571428575,0.19044997170567513,0.19044997170567513,0.0
contextual_bandit,801,210,445.49091300797767,397.4039133866774,0.050000000000000044,0.16599414590746164,0.16599414590746164,0.0
contextual_bandit,801,220,321.9583069367445,378.83720396274146,0.050000000000000044,0.19700943725183606,0.19700943725183606,0.0
contextual_bandit,801,230,355.7545141671258,379.8102849758631,0.050000000000000044,0.15874998038634658,0.15874998038634658,0.0
contextual_bandit,801,240,364.75161543165774,380.79498924439844,0.050000000000000044,0.13970179809257388,0.13970179809257388,0.0
contextual_bandit,801,250,444.1394782186141,380.24596100085324,0.050000000000000044,0.13482948765158653,0.13482948765158653,0.0
contextual_bandit,801,260,335.3522438643557,384.8640734684465,0.050000000000000044,0.1305154450237751,0.1305154450237751,0.0
contextual_bandit,801,270,376.0854490540262,381.8530904696182,0.050000000000000044,0.11681680427864194,0.11681680427864194,0.0
contextual_bandit,801,280,307.1727034467757,384.6861547982104,0.050000000000000044,0.12084197765216231,0.12084197765216231,0.0
contextual_bandit,801,290,360.51950303864,394.16739192400917,0.050000000000000044,0.11817503394559026,0.11817503394559026,0.0
contextual_bandit,801,300,322.7115737969258,386.2090484650085,0.050000000000000044,0.11001372709870338,0.11001372709870338,0.0
contextual_bandit,801,310,441.81988754340034,398.50561314649156,0.050000000000000044,0.10498017352074385,0.10498017352074385,0.0
contextual_bandit,801,320,386.8821080967705,406.07933616494665,0.050000000000000044,0.10602890071459115,0.10602890071459115,0.0
contextual_bandit,801,330,362.1704575970916,389.0203146885873,0.050000000000000044,0.09687175578437746,0.09687175578437746,0.0
contextual_bandit,801,340,438.65351999204347,393.85976759379145,0.050000000000000044,0.08734931633807719,0.08734931633807719,0.0
contextual_bandit,801,350,394.89838483260087,398.1777506736513,0.050000000000000044,0.10054198908619583,0.10054198908619583,0.0
contextual_bandit,801,360,466.57626298382536,400.37236546816445,0.050000000000000044,0.0824506999924779,0.0824506999924779,0.0
contextual_bandit,801,370,322.72173153261923,403.6381709484453,0.050000000000000044,0.08717884821817279,0.08717884821817279,0.0
contextual_bandit,801,380,379.96438020123213,395.2342905891202,0.050000000000000044,0.08015492092818022,0.08015492092818022,0.0
contextual_bandit,801,390,422.55939213662833,394.86332867823523,0.050000000000000044,0.08379312418401241,0.08379312418401241,0.0
contextual_bandit,801,400,401.58734478308475,404.7591130426851,0.050000000000000044,0.06918968516401947,0.06918968516401947,0.0
contextual_bandit,801,410,330.8937314640493,386.9179160308645,0.050000000000000044,0.06923594698309898,0.06923594698309898,0.0
contextual_bandit,801,420,375.20723838745016,371.5701020260989,0.050000000000000044,0.06812193524092436,0.06812193524092436,0.0
contextual_bandit,801,430,460.71273471443436,397.78675035076196,0.050000000000000044,0.06737100938335061,0.06737100938335061,0.0
contextual_bandit,801,440,476.07274931469937,411.9727728779023,0.050000000000000044,0.06379312952049077,0.06379312952049077,0.0
contextual_bandit,801,450,342.67552485648963,395.80504242843983,0.050000000000000044,0.05075806565582752,0.05075806565582752,0.0
contextual_bandit,801,460,497.76828480708576,396.8326180612276,0.050000000000000044,0.05673629092052579,0.05673629092052579,0.0
contextual_bandit,801,470,348.45631709420655,401.77810623607786,0.050000000000000044,0.05411675025243312,0.05411675025243312,0.0
contextual_bandit,801,480,434.6357014001467,403.28036320679354,0.050000000000000044,0.05393234244547784,0.05393234244547784,0.0
contextual_bandit,801,490,465.4944408110182,411.38277347037763,0.050000000000000044,0.05575052252970636,0.05575052252970636,0.0
contextual_bandit,801,500,405.0895397747689,401.2340180863537,0.050000000000000044,0.05181853473186493,0.05181853473186493,0.0
contextual_bandit,801,510,433.2601061061607,403.9008201777127,0.050000000000000044,0.05233257613144815,0.05233257613144815,0.0
contextual_bandit,801,520,435.429181136842,415.24863241326364,0.050000000000000044,0.05201523192226887,0.05201523192226887,0.0
contextual_bandit,801,530,309.7908779262133,382.2032096222025,0.050000000000000044,0.05099645419977605,0.05099645419977605,0.0
contextual_bandit,801,540,375.4041072340277,375.39380943140674,0.050000000000000044,0.05027673707809299,0.05027673707809299,0.0
contextual_bandit,801,550,422.89001471690625,391.01057728346444,0.050000000000000044,0.04491435131058097,0.04491435131058097,0.0
contextual_bandit,801,560,392.97964942803134,381.18672614699074,0.050000000000000044,0.03943612123839557,0.03943612123839557,0.0
contextual_bandit,801,570,388.25638303410705,390.3412901202533,0.050000000000000044,0.043661318835802376,0.043661318835802376,0.0
contextual_bandit,801,580,365.8312185939192,396.68011595321485,0.050000000000000044,0.04572679498232901,0.04572679498232901,0.0
contextual_bandit,801,590,348.21300898931827,401.3350398070937,0.050000000000000044,0.04114625381771475,0.04114625381771475,0.0
contextual_bandit,801,599,389.22840052310573,408.2955495835166,0.050000000000000044,0.04000506247393787,0.04000506247393787,0.0
