model_seed,trace_seed,scenario,coupling,total_cost,immediate_cost,penalty,thermal_violation,energy_violation,queue_violation,contact_violation,onboard_fraction,ground_fraction,hybrid_fraction,variant,configuration
300,1300000,nominal,1.0,84.26921856403351,84.26921856403351,0.0,0.0,0.0,0.0,0.0,0.3125,0.0,0.6875,standard_dqn,standard
300,1300001,nominal,1.0,149.52576553821564,149.52576553821564,0.0,0.0,0.0,0.0,0.0,0.5625,0.0,0.4375,standard_dqn,standard
300,1300002,nominal,1.0,111.71462243795395,111.71462243795395,0.0,0.0,0.0,0.0,0.0,0.5625,0.0,0.4375,standard_dqn,standard
300,1300000,burst,1.0,85.68537425994873,85.68537425994873,0.0,0.0,0.0,0.0,0.0,0.3125,0.0,0.6875,standard_dqn,standard
300,1300001,burst,1.0,127.61738133430481,127.5060522556305,0.1113288402557373,1.0,0.0,0.0,0.0,0.6875,0.0,0.3125,standard_dqn,standard
300,1300002,burst,1.0,106.9815040230751,106.9815040230751,0.0,0.0,0.0,0.0,0.0,0.625,0.0,0.375,standard_dqn,standard
300,1300000,link_limited,1.0,102.98333370685577,102.98333370685577,0.0,0.0,0.0,0.0,0.0,0.5,0.0,0.5,standard_dqn,standard
300,1300001,link_limited,1.0,207.63049173355103,207.63049173355103,0.0,0.0,0.0,0.0,0.0,0.6875,0.0,0.3125,standard_dqn,standard
300,1300002,link_limited,1.0,133.58633202314377,133.58633202314377,0.0,0.0,0.0,0.0,0.0,0.75,0.0,0.25,standard_dqn,standard
300,1300000,energy_limited,1.0,92.54892706871033,92.54892706871033,0.0,0.0,0.0,0.0,0.0,0.25,0.0,0.75,standard_dqn,standard
300,1300001,energy_limited,1.0,138.82110226154327,138.7175337076187,0.10356858372688293,0.0,1.0,0.0,0.0,0.375,0.0,0.625,standard_dqn,standard
300,1300002,energy_limited,1.0,128.21489697694778,127.85230904817581,0.36258751153945923,0.0,1.0,0.0,0.0,0.4375,0.0,0.5625,standard_dqn,standard
300,1300000,thermal_stress,1.0,85.96580123901367,85.96580123901367,0.0,0.0,0.0,0.0,0.0,0.3125,0.0,0.6875,standard_dqn,standard
300,1300001,thermal_stress,1.0,130.86047410964966,130.3378186225891,0.5226552486419678,1.0,0.0,0.0,0.0,0.625,0.0,0.375,standard_dqn,standard
300,1300002,thermal_stress,1.0,107.32959270477295,107.32959270477295,0.0,0.0,0.0,0.0,0.0,0.625,0.0,0.375,standard_dqn,standard
300,1300000,nominal,1.0,78.07984924316406,78.07984924316406,0.0,0.0,0.0,0.0,0.0,0.5,0.0,0.5,md_cpsr_dqn,lambda_1__rho_0p05
300,1300001,nominal,1.0,123.56360256671906,123.56360256671906,0.0,0.0,0.0,0.0,0.0,0.8125,0.0,0.1875,md_cpsr_dqn,lambda_1__rho_0p05
300,1300002,nominal,1.0,97.52235525846481,97.52235525846481,0.0,0.0,0.0,0.0,0.0,0.8125,0.0,0.1875,md_cpsr_dqn,lambda_1__rho_0p05
300,1300000,burst,1.0,79.50958979129791,79.50958979129791,0.0,0.0,0.0,0.0,0.0,0.5,0.0,0.5,md_cpsr_dqn,lambda_1__rho_0p05
300,1300001,burst,1.0,113.38922071456909,113.38922071456909,0.0,0.0,0.0,0.0,0.0,0.875,0.0,0.125,md_cpsr_dqn,lambda_1__rho_0p05
300,1300002,burst,1.0,100.91053032875061,100.91053032875061,0.0,0.0,0.0,0.0,0.0,0.8125,0.0,0.1875,md_cpsr_dqn,lambda_1__rho_0p05
300,1300000,link_limited,1.0,106.63373529911041,106.63373529911041,0.0,0.0,0.0,0.0,0.0,0.5625,0.0,0.4375,md_cpsr_dqn,lambda_1__rho_0p05
300,1300001,link_limited,1.0,166.33653056621552,166.33653056621552,0.0,0.0,0.0,0.0,0.0,0.8125,0.0,0.1875,md_cpsr_dqn,lambda_1__rho_0p05
300,1300002,link_limited,1.0,118.57757085561752,118.57757085561752,0.0,0.0,0.0,0.0,0.0,0.875,0.0,0.125,md_cpsr_dqn,lambda_1__rho_0p05
300,1300000,energy_limited,1.0,84.42521834373474,84.42521834373474,0.0,0.0,0.0,0.0,0.0,0.3125,0.0,0.6875,md_cpsr_dqn,lambda_1__rho_0p05
300,1300001,energy_limited,1.0,141.53821337223053,141.53821337223053,0.0,0.0,0.0,0.0,0.0,0.625,0.0,0.375,md_cpsr_dqn,lambda_1__rho_0p05
300,1300002,energy_limited,1.0,106.37342721223831,106.19231778383255,0.18110968172550201,0.0,1.0,0.0,0.0,0.75,0.0,0.25,md_cpsr_dqn,lambda_1__rho_0p05
300,1300000,thermal_stress,1.0,79.87488234043121,79.87488234043121,0.0,0.0,0.0,0.0,0.0,0.5,0.0,0.5,md_cpsr_dqn,lambda_1__rho_0p05
300,1300001,thermal_stress,1.0,114.31786549091339,113.83281528949738,0.48505067825317383,1.0,0.0,0.0,0.0,0.875,0.0,0.125,md_cpsr_dqn,lambda_1__rho_0p05
300,1300002,thermal_stress,1.0,101.32651263475418,101.32651263475418,0.0,0.0,0.0,0.0,0.0,0.8125,0.0,0.1875,md_cpsr_dqn,lambda_1__rho_0p05
