policy,model_seed,trace_seed,scenario,environment_scenario,coupling,generator,compute_scale,data_scale,energy_scale,heat_scale,link_scale,total_cost,immediate_cost,penalty,energy_use,latency_ms,transmitted_mbit,thermal_violation,energy_violation,queue_violation,contact_violation,planning_time_ms,onboard_fraction,ground_fraction,hybrid_fraction
immediate_argmin,800,3300000,static,nominal,0.0,physics_correlated,1.0,1.0,1.0,1.0,1.0,6.61377289891243,6.61377289891243,0.0,0.3936277385801077,4209.221683502197,458.5179269313812,0.0,0.0,0.0,0.0,0.0,0.0,0.6875,0.3125
immediate_argmin,800,3300001,static,nominal,0.0,physics_correlated,1.0,1.0,1.0,1.0,1.0,6.042668253183365,6.042668253183365,0.0,0.39177950471639633,4157.044395446777,434.43391501903534,0.0,0.0,0.0,0.0,0.0,0.0,0.6875,0.3125
immediate_argmin,800,3300002,static,nominal,0.0,physics_correlated,1.0,1.0,1.0,1.0,1.0,6.670946165919304,6.670946165919304,0.0,0.4311421709135175,4654.775634765625,405.2148983478546,0.0,0.0,0.0,0.0,0.0,0.0,0.625,0.375
mpc_h4,800,3300000,static,nominal,0.0,physics_correlated,1.0,1.0,1.0,1.0,1.0,6.61377289891243,6.61377289891243,0.0,0.3936277385801077,4209.221683502197,458.5179269313812,0.0,0.0,0.0,0.0,66.13490043673664,0.0,0.6875,0.3125
mpc_h4,800,3300001,static,nominal,0.0,physics_correlated,1.0,1.0,1.0,1.0,1.0,6.042668253183365,6.042668253183365,0.0,0.39177950471639633,4157.044395446777,434.43391501903534,0.0,0.0,0.0,0.0,66.26990018412471,0.0,0.6875,0.3125
mpc_h4,800,3300002,static,nominal,0.0,physics_correlated,1.0,1.0,1.0,1.0,1.0,6.670946165919304,6.670946165919304,0.0,0.4311421709135175,4654.775634765625,405.2148983478546,0.0,0.0,0.0,0.0,65.89910003822297,0.0,0.625,0.375
contextual_bandit,800,3300000,static,nominal,0.0,physics_correlated,1.0,1.0,1.0,1.0,1.0,8.571439161896706,8.571439161896706,0.0,0.3938803067430854,4492.329051971436,120.30404150485992,0.0,0.0,0.0,0.0,0.0,0.0,0.0,1.0
contextual_bandit,800,3300001,static,nominal,0.0,physics_correlated,1.0,1.0,1.0,1.0,1.0,8.117948472499847,8.117948472499847,0.0,0.38520877435803413,4255.1506423950195,112.59499228000641,0.0,0.0,0.0,0.0,0.0,0.0,0.0,1.0
contextual_bandit,800,3300002,static,nominal,0.0,physics_correlated,1.0,1.0,1.0,1.0,1.0,7.888648435473442,7.888648435473442,0.0,0.38456211145967245,4120.748031616211,126.78776931762695,0.0,0.0,0.0,0.0,0.0,0.0,0.0,1.0
threshold,800,3300000,static,nominal,0.0,physics_correlated,1.0,1.0,1.0,1.0,1.0,6.61377289891243,6.61377289891243,0.0,0.3936277385801077,4209.221683502197,458.5179269313812,0.0,0.0,0.0,0.0,0.0,0.0,0.6875,0.3125
threshold,800,3300001,static,nominal,0.0,physics_correlated,1.0,1.0,1.0,1.0,1.0,6.042668253183365,6.042668253183365,0.0,0.39177950471639633,4157.044395446777,434.43391501903534,0.0,0.0,0.0,0.0,0.0,0.0,0.6875,0.3125
threshold,800,3300002,static,nominal,0.0,physics_correlated,1.0,1.0,1.0,1.0,1.0,6.670946165919304,6.670946165919304,0.0,0.4311421709135175,4654.775634765625,405.2148983478546,0.0,0.0,0.0,0.0,0.0,0.0,0.625,0.375
standard_dqn,800,3300000,static,nominal,0.0,physics_correlated,1.0,1.0,1.0,1.0,1.0,8.571439161896706,8.571439161896706,0.0,0.3938803067430854,4492.329051971436,120.30404150485992,0.0,0.0,0.0,0.0,0.0,0.0,0.0,1.0
standard_dqn,800,3300001,static,nominal,0.0,physics_correlated,1.0,1.0,1.0,1.0,1.0,8.117948472499847,8.117948472499847,0.0,0.38520877435803413,4255.1506423950195,112.59499228000641,0.0,0.0,0.0,0.0,0.0,0.0,0.0,1.0
standard_dqn,800,3300002,static,nominal,0.0,physics_correlated,1.0,1.0,1.0,1.0,1.0,7.888648435473442,7.888648435473442,0.0,0.38456211145967245,4120.748031616211,126.78776931762695,0.0,0.0,0.0,0.0,0.0,0.0,0.0,1.0
md_cfba_dqn,800,3300000,static,nominal,0.0,physics_correlated,1.0,1.0,1.0,1.0,1.0,8.571439161896706,8.571439161896706,0.0,0.3938803067430854,4492.329051971436,120.30404150485992,0.0,0.0,0.0,0.0,0.0,0.0,0.0,1.0
md_cfba_dqn,800,3300001,static,nominal,0.0,physics_correlated,1.0,1.0,1.0,1.0,1.0,8.117948472499847,8.117948472499847,0.0,0.38520877435803413,4255.1506423950195,112.59499228000641,0.0,0.0,0.0,0.0,0.0,0.0,0.0,1.0
md_cfba_dqn,800,3300002,static,nominal,0.0,physics_correlated,1.0,1.0,1.0,1.0,1.0,7.888648435473442,7.888648435473442,0.0,0.38456211145967245,4120.748031616211,126.78776931762695,0.0,0.0,0.0,0.0,0.0,0.0,0.0,1.0
md_cbad_dqn,800,3300000,static,nominal,0.0,physics_correlated,1.0,1.0,1.0,1.0,1.0,8.571439161896706,8.571439161896706,0.0,0.3938803067430854,4492.329051971436,120.30404150485992,0.0,0.0,0.0,0.0,0.0,0.0,0.0,1.0
md_cbad_dqn,800,3300001,static,nominal,0.0,physics_correlated,1.0,1.0,1.0,1.0,1.0,8.117948472499847,8.117948472499847,0.0,0.38520877435803413,4255.1506423950195,112.59499228000641,0.0,0.0,0.0,0.0,0.0,0.0,0.0,1.0
md_cbad_dqn,800,3300002,static,nominal,0.0,physics_correlated,1.0,1.0,1.0,1.0,1.0,7.888648435473442,7.888648435473442,0.0,0.38456211145967245,4120.748031616211,126.78776931762695,0.0,0.0,0.0,0.0,0.0,0.0,0.0,1.0
fixed_onboard,800,3300000,static,nominal,0.0,physics_correlated,1.0,1.0,1.0,1.0,1.0,15.41512893140316,15.41512893140316,0.0,0.5044640535488725,9069.570892333984,18.577319905161858,0.0,0.0,0.0,0.0,0.0,1.0,0.0,0.0
fixed_onboard,800,3300001,static,nominal,0.0,physics_correlated,1.0,1.0,1.0,1.0,1.0,14.30279816687107,14.30279816687107,0.0,0.4895253963768482,8632.64557647705,15.192918062210083,0.0,0.0,0.0,0.0,0.0,1.0,0.0,0.0
fixed_onboard,800,3300002,static,nominal,0.0,physics_correlated,1.0,1.0,1.0,1.0,1.0,13.796968519687653,13.796968519687653,0.0,0.4617630187422037,7910.565078735352,20.541596472263336,0.0,0.0,0.0,0.0,0.0,1.0,0.0,0.0
fixed_ground,800,3300000,static,nominal,0.0,physics_correlated,1.0,1.0,1.0,1.0,1.0,6.8788077384233475,6.8788077384233475,0.0,0.4483921742066741,5103.0190505981445,600.6958150863647,0.0,0.0,0.0,0.0,0.0,0.0,1.0,0.0
fixed_ground,800,3300001,static,nominal,0.0,physics_correlated,1.0,1.0,1.0,1.0,1.0,6.347807794809341,6.347807794809341,0.0,0.4436687622219324,5010.792068481445,548.7664251327515,0.0,0.0,0.0,0.0,0.0,0.0,1.0,0.0
fixed_ground,800,3300002,static,nominal,0.0,physics_correlated,1.0,1.0,1.0,1.0,1.0,7.533006593585014,7.533006593585014,0.0,0.543794633820653,6333.482086181641,610.947657585144,0.0,0.0,0.0,0.0,0.0,0.0,1.0,0.0
immediate_argmin,800,3300000,reduced_coupling,nominal,0.5,physics_correlated,1.0,1.0,1.0,1.0,1.0,6.894970823824406,6.752041459083557,0.1429293647408486,0.40384033136069775,4354.063278198242,458.5179269313812,0.0,0.0,0.0,1.0,0.0,0.0,0.6875,0.3125
immediate_argmin,800,3300001,reduced_coupling,nominal,0.5,physics_correlated,1.0,1.0,1.0,1.0,1.0,6.179164499044418,6.179164499044418,0.0,0.4045325592160225,4332.280082702637,434.43391501903534,0.0,0.0,0.0,0.0,0.0,0.0,0.6875,0.3125
immediate_argmin,800,3300002,reduced_coupling,nominal,0.5,physics_correlated,1.0,1.0,1.0,1.0,1.0,6.885701109468937,6.804313018918037,0.08138809055089957,0.4406166924163699,4790.032485961914,405.2148983478546,0.0,0.0,0.0,1.0,0.0,0.0,0.625,0.375
mpc_h4,800,3300000,reduced_coupling,nominal,0.5,physics_correlated,1.0,1.0,1.0,1.0,1.0,6.888051618635655,6.745122253894806,0.1429293647408486,0.40283647179603577,4291.056999206543,438.6545934677124,0.0,0.0,0.0,1.0,68.06640012655407,0.0,0.625,0.375
mpc_h4,800,3300001,reduced_coupling,nominal,0.5,physics_correlated,1.0,1.0,1.0,1.0,1.0,6.179164499044418,6.179164499044418,0.0,0.4045325592160225,4332.280082702637,434.43391501903534,0.0,0.0,0.0,0.0,66.57560041639954,0.0,0.6875,0.3125
mpc_h4,800,3300002,reduced_coupling,nominal,0.5,physics_correlated,1.0,1.0,1.0,1.0,1.0,6.885701109468937,6.804313018918037,0.08138809055089957,0.4406166924163699,4790.032485961914,405.2148983478546,0.0,0.0,0.0,1.0,69.5504000177607,0.0,0.625,0.375
contextual_bandit,800,3300000,reduced_coupling,nominal,0.5,physics_correlated,1.0,1.0,1.0,1.0,1.0,8.51503238081932,8.51503238081932,0.0,0.39427131973206997,4499.701850891113,120.30404150485992,0.0,0.0,0.0,0.0,0.0,0.0,0.0,1.0
contextual_bandit,800,3300001,reduced_coupling,nominal,0.5,physics_correlated,1.0,1.0,1.0,1.0,1.0,8.077636629343033,8.077636629343033,0.0,0.38566876854747534,4263.786148071289,112.59499228000641,0.0,0.0,0.0,0.0,0.0,0.0,0.0,1.0
contextual_bandit,800,3300002,reduced_coupling,nominal,0.5,physics_correlated,1.0,1.0,1.0,1.0,1.0,7.8429460525512695,7.8429460525512695,0.0,0.38551674969494343,4138.496673583984,126.78776931762695,0.0,0.0,0.0,0.0,0.0,0.0,0.0,1.0
threshold,800,3300000,reduced_coupling,nominal,0.5,physics_correlated,1.0,1.0,1.0,1.0,1.0,7.679479867219925,7.679479867219925,0.0,0.4230206273496151,4965.624038696289,415.7316579222679,0.0,0.0,0.0,0.0,0.0,0.0625,0.625,0.3125
threshold,800,3300001,reduced_coupling,nominal,0.5,physics_correlated,1.0,1.0,1.0,1.0,1.0,6.242795184254646,6.242795184254646,0.0,0.40636383555829525,4390.236251831055,432.79389360547066,0.0,0.0,0.0,0.0,0.0,0.0625,0.6875,0.25
threshold,800,3300002,reduced_coupling,nominal,0.5,physics_correlated,1.0,1.0,1.0,1.0,1.0,7.2560092359781265,7.2560092359781265,0.0,0.448033113963902,5071.312774658203,372.47689867019653,0.0,0.0,0.0,0.0,0.0,0.0625,0.5625,0.375
standard_dqn,800,3300000,reduced_coupling,nominal,0.5,physics_correlated,1.0,1.0,1.0,1.0,1.0,8.51503238081932,8.51503238081932,0.0,0.39427131973206997,4499.701850891113,120.30404150485992,0.0,0.0,0.0,0.0,0.0,0.0,0.0,1.0
standard_dqn,800,3300001,reduced_coupling,nominal,0.5,physics_correlated,1.0,1.0,1.0,1.0,1.0,8.077636629343033,8.077636629343033,0.0,0.38566876854747534,4263.786148071289,112.59499228000641,0.0,0.0,0.0,0.0,0.0,0.0,0.0,1.0
standard_dqn,800,3300002,reduced_coupling,nominal,0.5,physics_correlated,1.0,1.0,1.0,1.0,1.0,7.8429460525512695,7.8429460525512695,0.0,0.38551674969494343,4138.496673583984,126.78776931762695,0.0,0.0,0.0,0.0,0.0,0.0,0.0,1.0
md_cfba_dqn,800,3300000,reduced_coupling,nominal,0.5,physics_correlated,1.0,1.0,1.0,1.0,1.0,8.51503238081932,8.51503238081932,0.0,0.39427131973206997,4499.701850891113,120.30404150485992,0.0,0.0,0.0,0.0,0.0,0.0,0.0,1.0
md_cfba_dqn,800,3300001,reduced_coupling,nominal,0.5,physics_correlated,1.0,1.0,1.0,1.0,1.0,8.077636629343033,8.077636629343033,0.0,0.38566876854747534,4263.786148071289,112.59499228000641,0.0,0.0,0.0,0.0,0.0,0.0,0.0,1.0
md_cfba_dqn,800,3300002,reduced_coupling,nominal,0.5,physics_correlated,1.0,1.0,1.0,1.0,1.0,7.8429460525512695,7.8429460525512695,0.0,0.38551674969494343,4138.496673583984,126.78776931762695,0.0,0.0,0.0,0.0,0.0,0.0,0.0,1.0
md_cbad_dqn,800,3300000,reduced_coupling,nominal,0.5,physics_correlated,1.0,1.0,1.0,1.0,1.0,8.51503238081932,8.51503238081932,0.0,0.39427131973206997,4499.701850891113,120.30404150485992,0.0,0.0,0.0,0.0,0.0,0.0,0.0,1.0
md_cbad_dqn,800,3300001,reduced_coupling,nominal,0.5,physics_correlated,1.0,1.0,1.0,1.0,1.0,8.077636629343033,8.077636629343033,0.0,0.38566876854747534,4263.786148071289,112.59499228000641,0.0,0.0,0.0,0.0,0.0,0.0,0.0,1.0
md_cbad_dqn,800,3300002,reduced_coupling,nominal,0.5,physics_correlated,1.0,1.0,1.0,1.0,1.0,7.8429460525512695,7.8429460525512695,0.0,0.38551674969494343,4138.496673583984,126.78776931762695,0.0,0.0,0.0,0.0,0.0,0.0,0.0,1.0
fixed_onboard,800,3300000,reduced_coupling,nominal,0.5,physics_correlated,1.0,1.0,1.0,1.0,1.0,15.741591900587082,15.741591900587082,0.0,0.5044640535488725,9072.019996643066,18.577319905161858,0.0,0.0,0.0,0.0,0.0,1.0,0.0,0.0
fixed_onboard,800,3300001,reduced_coupling,nominal,0.5,physics_correlated,1.0,1.0,1.0,1.0,1.0,14.660304561257362,14.660304561257362,0.0,0.4895253963768482,8635.238342285156,15.192918062210083,0.0,0.0,0.0,0.0,0.0,1.0,0.0,0.0
fixed_onboard,800,3300002,reduced_coupling,nominal,0.5,physics_correlated,1.0,1.0,1.0,1.0,1.0,14.096707224845886,14.096707224845886,0.0,0.4617630187422037,7915.293746948242,20.541596472263336,0.0,0.0,0.0,0.0,0.0,1.0,0.0,0.0
fixed_ground,800,3300000,reduced_coupling,nominal,0.5,physics_correlated,1.0,1.0,1.0,1.0,1.0,7.222950179874897,7.0800208151340485,0.1429293647408486,0.471990124322474,5422.407051086426,600.6958150863647,0.0,0.0,0.0,1.0,0.0,0.0,1.0,0.0
fixed_ground,800,3300001,reduced_coupling,nominal,0.5,physics_correlated,1.0,1.0,1.0,1.0,1.0,6.516212224960327,6.516212224960327,0.0,0.4711271468549967,5379.781951904297,548.7664251327515,0.0,0.0,0.0,0.0,0.0,0.0,1.0,0.0
fixed_ground,800,3300002,reduced_coupling,nominal,0.5,physics_correlated,1.0,1.0,1.0,1.0,1.0,8.027113677561283,7.923718884587288,0.10339479297399534,0.6015759259462357,7103.176315307617,610.947657585144,0.0,0.0,0.0,2.0,0.0,0.0,1.0,0.0
immediate_argmin,800,3300000,nominal,nominal,1.0,physics_correlated,1.0,1.0,1.0,1.0,1.0,7.676697838306428,6.893437087535858,0.7832607507705691,0.41315198317170143,4438.422309875488,438.6545934677124,0.0,0.0,0.0,2.0,0.0,0.0,0.625,0.375
immediate_argmin,800,3300001,nominal,nominal,1.0,physics_correlated,1.0,1.0,1.0,1.0,1.0,6.359437987208366,6.359437987208366,0.0,0.4205975830554962,4551.883689880371,434.43391501903534,0.0,0.0,0.0,0.0,0.0,0.0,0.6875,0.3125
immediate_argmin,800,3300002,nominal,nominal,1.0,physics_correlated,1.0,1.0,1.0,1.0,1.0,7.582115817070008,6.955188661813736,0.6269271552562716,0.4518583696335554,4950.650611877441,405.2148983478546,0.0,0.0,0.0,2.0,0.0,0.0,0.625,0.375
mpc_h4,800,3300000,nominal,nominal,1.0,physics_correlated,1.0,1.0,1.0,1.0,1.0,7.280853885412217,7.104793846607208,0.1760600388050082,0.4118347391486168,4508.361457824707,392.02157497406006,0.0,0.0,0.0,2.0,67.8252000361681,0.0,0.5625,0.4375
mpc_h4,800,3300001,nominal,nominal,1.0,physics_correlated,1.0,1.0,1.0,1.0,1.0,6.359437987208366,6.359437987208366,0.0,0.4205975830554962,4551.883689880371,434.43391501903534,0.0,0.0,0.0,0.0,65.81990013364702,0.0,0.6875,0.3125
mpc_h4,800,3300002,nominal,nominal,1.0,physics_correlated,1.0,1.0,1.0,1.0,1.0,7.236697420477867,7.236697420477867,0.0,0.4200990553945303,4657.102699279785,278.9963467121124,0.0,0.0,0.0,0.0,63.81479976698756,0.0,0.4375,0.5625
contextual_bandit,800,3300000,nominal,nominal,1.0,physics_correlated,1.0,1.0,1.0,1.0,1.0,8.553981000185013,8.483223885297775,0.07075711488723768,0.3946713004261255,4507.2397384643555,120.30404150485992,0.0,0.0,0.0,1.0,0.0,0.0,0.0,1.0
contextual_bandit,800,3300001,nominal,nominal,1.0,physics_correlated,1.0,1.0,1.0,1.0,1.0,8.06447683274746,8.06447683274746,0.0,0.3861445691436529,4272.710521697998,112.59499228000641,0.0,0.0,0.0,0.0,0.0,0.0,0.0,1.0
contextual_bandit,800,3300002,nominal,nominal,1.0,physics_correlated,1.0,1.0,1.0,1.0,1.0,7.823191255331039,7.823191255331039,0.0,0.38650959357619286,4156.934051513672,126.78776931762695,0.0,0.0,0.0,0.0,0.0,0.0,0.0,1.0
threshold,800,3300000,nominal,nominal,1.0,physics_correlated,1.0,1.0,1.0,1.0,1.0,7.8931844830513,7.8931844830513,0.0,0.42275897040963173,4939.986701965332,380.43468976020813,0.0,0.0,0.0,0.0,0.0,0.0625,0.5625,0.375
threshold,800,3300001,nominal,nominal,1.0,physics_correlated,1.0,1.0,1.0,1.0,1.0,6.422033995389938,6.422033995389938,0.0,0.4220158699899912,4603.841239929199,432.79389360547066,0.0,0.0,0.0,0.0,0.0,0.0625,0.6875,0.25
threshold,800,3300002,nominal,nominal,1.0,physics_correlated,1.0,1.0,1.0,1.0,1.0,7.588395178318024,7.588395178318024,0.0,0.4599966984242201,5298.839141845703,368.7114520072937,0.0,0.0,0.0,0.0,0.0,0.125,0.5625,0.3125
standard_dqn,800,3300000,nominal,nominal,1.0,physics_correlated,1.0,1.0,1.0,1.0,1.0,8.553981000185013,8.483223885297775,0.07075711488723768,0.3946713004261255,4507.2397384643555,120.30404150485992,0.0,0.0,0.0,1.0,0.0,0.0,0.0,1.0
standard_dqn,800,3300001,nominal,nominal,1.0,physics_correlated,1.0,1.0,1.0,1.0,1.0,8.06447683274746,8.06447683274746,0.0,0.3861445691436529,4272.710521697998,112.59499228000641,0.0,0.0,0.0,0.0,0.0,0.0,0.0,1.0
standard_dqn,800,3300002,nominal,nominal,1.0,physics_correlated,1.0,1.0,1.0,1.0,1.0,7.823191255331039,7.823191255331039,0.0,0.38650959357619286,4156.934051513672,126.78776931762695,0.0,0.0,0.0,0.0,0.0,0.0,0.0,1.0
md_cfba_dqn,800,3300000,nominal,nominal,1.0,physics_correlated,1.0,1.0,1.0,1.0,1.0,8.553981000185013,8.483223885297775,0.07075711488723768,0.3946713004261255,4507.2397384643555,120.30404150485992,0.0,0.0,0.0,1.0,0.0,0.0,0.0,1.0
md_cfba_dqn,800,3300001,nominal,nominal,1.0,physics_correlated,1.0,1.0,1.0,1.0,1.0,8.06447683274746,8.06447683274746,0.0,0.3861445691436529,4272.710521697998,112.59499228000641,0.0,0.0,0.0,0.0,0.0,0.0,0.0,1.0
md_cfba_dqn,800,3300002,nominal,nominal,1.0,physics_correlated,1.0,1.0,1.0,1.0,1.0,7.823191255331039,7.823191255331039,0.0,0.38650959357619286,4156.934051513672,126.78776931762695,0.0,0.0,0.0,0.0,0.0,0.0,0.0,1.0
md_cbad_dqn,800,3300000,nominal,nominal,1.0,physics_correlated,1.0,1.0,1.0,1.0,1.0,8.553981000185013,8.483223885297775,0.07075711488723768,0.3946713004261255,4507.2397384643555,120.30404150485992,0.0,0.0,0.0,1.0,0.0,0.0,0.0,1.0
md_cbad_dqn,800,3300001,nominal,nominal,1.0,physics_correlated,1.0,1.0,1.0,1.0,1.0,8.06447683274746,8.06447683274746,0.0,0.3861445691436529,4272.710521697998,112.59499228000641,0.0,0.0,0.0,0.0,0.0,0.0,0.0,1.0
md_cbad_dqn,800,3300002,nominal,nominal,1.0,physics_correlated,1.0,1.0,1.0,1.0,1.0,7.823191255331039,7.823191255331039,0.0,0.38650959357619286,4156.934051513672,126.78776931762695,0.0,0.0,0.0,0.0,0.0,0.0,0.0,1.0
fixed_onboard,800,3300000,nominal,nominal,1.0,physics_correlated,1.0,1.0,1.0,1.0,1.0,16.068099305033684,16.068099305033684,0.0,0.5044640535488725,9074.567573547363,18.577319905161858,0.0,0.0,0.0,0.0,0.0,1.0,0.0,0.0
fixed_onboard,800,3300001,nominal,nominal,1.0,physics_correlated,1.0,1.0,1.0,1.0,1.0,15.01786333322525,15.01786333322525,0.0,0.4895253963768482,8637.945426940918,15.192918062210083,0.0,0.0,0.0,0.0,0.0,1.0,0.0,0.0
fixed_onboard,800,3300002,nominal,nominal,1.0,physics_correlated,1.0,1.0,1.0,1.0,1.0,14.39655750989914,14.39655750989914,0.0,0.4617630187422037,7920.272109985352,20.541596472263336,0.0,0.0,0.0,0.0,0.0,1.0,0.0,0.0
fixed_ground,800,3300000,nominal,nominal,1.0,physics_correlated,1.0,1.0,1.0,1.0,1.0,8.233851483071874,7.320805013179779,0.9130464698920933,0.50067731551826,5808.522796630859,600.6958150863647,0.0,0.0,1.0,2.0,0.0,0.0,1.0,0.0
fixed_ground,800,3300001,nominal,nominal,1.0,physics_correlated,1.0,1.0,1.0,1.0,1.0,6.736585855484009,6.736585855484009,0.0,0.5071239825338125,5858.592712402344,548.7664251327515,0.0,0.0,0.0,0.0,0.0,0.0,1.0,0.0
fixed_ground,800,3300002,nominal,nominal,1.0,physics_correlated,1.0,1.0,1.0,1.0,1.0,25.812961387484517,8.460709512233734,17.35225187525078,0.6849320586770773,8197.933654785156,610.947657585144,0.0,0.0,10.0,3.0,0.0,0.0,1.0,0.0
immediate_argmin,800,3300000,burst,burst,1.0,physics_correlated,1.0,1.0,1.0,1.0,1.0,8.44177641272545,7.65851566195488,0.7832607507705691,0.4559622686356306,5123.92741394043,514.3370251655579,0.0,0.0,0.0,2.0,0.0,0.0,0.6875,0.3125
immediate_argmin,800,3300001,burst,burst,1.0,physics_correlated,1.0,1.0,1.0,1.0,1.0,6.980444252490997,6.980444252490997,0.0,0.461453078314662,5212.441879272461,488.8884074687958,0.0,0.0,0.0,0.0,0.0,0.0,0.75,0.25
immediate_argmin,800,3300002,burst,burst,1.0,physics_correlated,1.0,1.0,1.0,1.0,1.0,8.442287105321885,7.815359950065613,0.6269271552562716,0.5053071267902851,5752.960182189941,448.5954372882843,0.0,0.0,0.0,2.0,0.0,0.0,0.625,0.375
mpc_h4,800,3300000,burst,burst,1.0,physics_correlated,1.0,1.0,1.0,1.0,1.0,8.006013143062592,7.829953104257584,0.1760600388050082,0.42977130599319935,4831.568542480469,390.75556445121765,0.0,0.0,0.0,2.0,66.33259996306151,0.0,0.5,0.5
mpc_h4,800,3300001,burst,burst,1.0,physics_correlated,1.0,1.0,1.0,1.0,1.0,6.976030170917511,6.976030170917511,0.0,0.457337511703372,5107.019683837891,473.7797782421112,0.0,0.0,0.0,0.0,66.70319975819439,0.0,0.6875,0.3125
mpc_h4,800,3300002,burst,burst,1.0,physics_correlated,1.0,1.0,1.0,1.0,1.0,8.121563211083412,8.121563211083412,0.0,0.47354781255126,5459.412269592285,322.3768856525421,0.0,0.0,0.0,0.0,66.17310002911836,0.0,0.4375,0.5625
contextual_bandit,800,3300000,burst,burst,1.0,physics_correlated,1.0,1.0,1.0,1.0,1.0,9.443075352907181,9.372318238019943,0.07075711488723768,0.4191926456987858,4974.092880249023,133.40353953838348,0.0,0.0,0.0,1.0,0.0,0.0,0.0,1.0
contextual_bandit,800,3300001,burst,burst,1.0,physics_correlated,1.0,1.0,1.0,1.0,1.0,8.861807107925415,8.861807107925415,0.0,0.4093229118734598,4700.7902755737305,120.90970849990845,0.0,0.0,0.0,0.0,0.0,0.0,0.0,1.0
contextual_bandit,800,3300002,burst,burst,1.0,physics_correlated,1.0,1.0,1.0,1.0,1.0,8.853261843323708,8.853261843323708,0.0,0.41805436834692955,4756.414886474609,141.08923387527466,0.0,0.0,0.0,0.0,0.0,0.0,0.0,1.0
threshold,800,3300000,burst,burst,1.0,physics_correlated,1.0,1.0,1.0,1.0,1.0,8.663222521543503,8.663222521543503,0.0,0.4655692558735609,5625.491806030273,456.1171214580536,0.0,0.0,0.0,0.0,0.0,0.0625,0.625,0.3125
threshold,800,3300001,burst,burst,1.0,physics_correlated,1.0,1.0,1.0,1.0,1.0,7.041340693831444,7.041340693831444,0.0,0.46112322993576527,5264.618133544922,486.51037642359734,0.0,0.0,0.0,0.0,0.0,0.0625,0.75,0.1875
threshold,800,3300002,burst,burst,1.0,physics_correlated,1.0,1.0,1.0,1.0,1.0,8.4498952627182,8.4498952627182,0.0,0.5134454555809498,6101.148712158203,412.0919909477234,0.0,0.0,0.0,0.0,0.0,0.125,0.5625,0.3125
standard_dqn,800,3300000,burst,burst,1.0,physics_correlated,1.0,1.0,1.0,1.0,1.0,9.443075352907181,9.372318238019943,0.07075711488723768,0.4191926456987858,4974.092880249023,133.40353953838348,0.0,0.0,0.0,1.0,0.0,0.0,0.0,1.0
standard_dqn,800,3300001,burst,burst,1.0,physics_correlated,1.0,1.0,1.0,1.0,1.0,8.861807107925415,8.861807107925415,0.0,0.4093229118734598,4700.7902755737305,120.90970849990845,0.0,0.0,0.0,0.0,0.0,0.0,0.0,1.0
standard_dqn,800,3300002,burst,burst,1.0,physics_correlated,1.0,1.0,1.0,1.0,1.0,8.853261843323708,8.853261843323708,0.0,0.41805436834692955,4756.414886474609,141.08923387527466,0.0,0.0,0.0,0.0,0.0,0.0,0.0,1.0
md_cfba_dqn,800,3300000,burst,burst,1.0,physics_correlated,1.0,1.0,1.0,1.0,1.0,9.443075352907181,9.372318238019943,0.07075711488723768,0.4191926456987858,4974.092880249023,133.40353953838348,0.0,0.0,0.0,1.0,0.0,0.0,0.0,1.0
md_cfba_dqn,800,3300001,burst,burst,1.0,physics_correlated,1.0,1.0,1.0,1.0,1.0,8.861807107925415,8.861807107925415,0.0,0.4093229118734598,4700.7902755737305,120.90970849990845,0.0,0.0,0.0,0.0,0.0,0.0,0.0,1.0
md_cfba_dqn,800,3300002,burst,burst,1.0,physics_correlated,1.0,1.0,1.0,1.0,1.0,8.853261843323708,8.853261843323708,0.0,0.41805436834692955,4756.414886474609,141.08923387527466,0.0,0.0,0.0,0.0,0.0,0.0,0.0,1.0
md_cbad_dqn,800,3300000,burst,burst,1.0,physics_correlated,1.0,1.0,1.0,1.0,1.0,9.443075352907181,9.372318238019943,0.07075711488723768,0.4191926456987858,4974.092880249023,133.40353953838348,0.0,0.0,0.0,1.0,0.0,0.0,0.0,1.0
md_cbad_dqn,800,3300001,burst,burst,1.0,physics_correlated,1.0,1.0,1.0,1.0,1.0,8.861807107925415,8.861807107925415,0.0,0.4093229118734598,4700.7902755737305,120.90970849990845,0.0,0.0,0.0,0.0,0.0,0.0,0.0,1.0
md_cbad_dqn,800,3300002,burst,burst,1.0,physics_correlated,1.0,1.0,1.0,1.0,1.0,8.853261843323708,8.853261843323708,0.0,0.41805436834692955,4756.414886474609,141.08923387527466,0.0,0.0,0.0,0.0,0.0,0.0,0.0,1.0
fixed_onboard,800,3300000,burst,burst,1.0,physics_correlated,1.0,1.0,1.0,1.0,1.0,17.366622388362885,17.366622388362885,0.0,0.5360768381506205,9996.642288208008,20.806058168411255,0.0,0.0,0.0,0.0,0.0,1.0,0.0,0.0
fixed_onboard,800,3300001,burst,burst,1.0,physics_correlated,1.0,1.0,1.0,1.0,1.0,16.240509420633316,16.240509420633316,0.0,0.5210034660995007,9551.450256347656,16.618986666202545,0.0,0.0,0.0,0.0,0.0,1.0,0.0,0.0
fixed_onboard,800,3300002,burst,burst,1.0,physics_correlated,1.0,1.0,1.0,1.0,1.0,15.806647777557373,15.806647777557373,0.0,0.49716489017009735,8959.333038330078,22.609653890132904,0.0,0.0,0.0,0.0,0.0,1.0,0.0,0.0
fixed_ground,800,3300000,burst,burst,1.0,physics_correlated,1.0,1.0,1.0,1.0,1.0,10.864261342247577,8.144560664892197,2.719700677355379,0.5517057199031115,6556.087249755859,664.1394624710083,0.0,0.0,4.0,2.0,0.0,0.0,1.0,0.0
fixed_ground,800,3300001,burst,burst,1.0,physics_correlated,1.0,1.0,1.0,1.0,1.0,8.99062594452677,7.501175716519356,1.4894502280074127,0.5742559339851141,6794.120346069336,594.8352603912354,0.0,0.0,4.0,0.0,0.0,0.0,1.0,0.0
fixed_ground,800,3300002,burst,burst,1.0,physics_correlated,1.0,1.0,1.0,1.0,1.0,48.49672604475363,9.818701565265656,38.67802447948797,0.8310832008719444,10166.654724121094,674.2405824661255,0.0,2.0,10.0,3.0,0.0,0.0,1.0,0.0
immediate_argmin,800,3300000,link_limited,link_limited,1.0,physics_correlated,1.0,1.0,1.0,1.0,1.0,8.672378334403039,7.889117583632469,0.7832607507705691,0.5326785184442997,6164.087341308594,389.43902933597565,0.0,0.0,0.0,2.0,0.0,0.0,0.5,0.5
immediate_argmin,800,3300001,link_limited,link_limited,1.0,physics_correlated,1.0,1.0,1.0,1.0,1.0,7.8502804189920425,7.8502804189920425,0.0,0.5968639701604843,7016.0180740356445,418.0533345937729,0.0,0.0,0.0,0.0,0.0,0.0,0.625,0.375
immediate_argmin,800,3300002,link_limited,link_limited,1.0,physics_correlated,1.0,1.0,1.0,1.0,1.0,8.889709287881852,8.329281985759735,0.5604273021221162,0.5434020664542913,6617.113372802734,267.39281725883484,0.0,0.0,0.0,1.0,0.0,0.0,0.375,0.625
mpc_h4,800,3300000,link_limited,link_limited,1.0,physics_correlated,1.0,1.0,1.0,1.0,1.0,8.122043001651765,7.945982962846756,0.1760600388050082,0.48458964563906193,5526.961090087891,294.26675379276276,0.0,0.0,0.0,2.0,66.11449993215501,0.0,0.3125,0.6875
mpc_h4,800,3300001,link_limited,link_limited,1.0,physics_correlated,1.0,1.0,1.0,1.0,1.0,7.796544194221497,7.796544194221497,0.0,0.566128421574831,6611.213508605957,394.5651615858078,0.0,0.0,0.0,0.0,66.81430013850331,0.0,0.5625,0.4375
mpc_h4,800,3300002,link_limited,link_limited,1.0,physics_correlated,1.0,1.0,1.0,1.0,1.0,8.514059826731682,8.514059826731682,0.0,0.5001119915395975,6108.723609924316,178.69386053085327,0.0,0.0,0.0,0.0,63.20919969584793,0.0,0.1875,0.8125
contextual_bandit,800,3300000,link_limited,link_limited,1.0,physics_correlated,1.0,1.0,1.0,1.0,1.0,8.942461797595024,8.871704682707787,0.07075711488723768,0.43345165625214577,5216.655616760254,120.30404150485992,0.0,0.0,0.0,1.0,0.0,0.0,0.0,1.0
contextual_bandit,800,3300001,link_limited,link_limited,1.0,physics_correlated,1.0,1.0,1.0,1.0,1.0,8.430832371115685,8.430832371115685,0.0,0.4247673824429512,4982.772933959961,112.59499228000641,0.0,0.0,0.0,0.0,0.0,0.0,0.0,1.0
contextual_bandit,800,3300002,link_limited,link_limited,1.0,physics_correlated,1.0,1.0,1.0,1.0,1.0,8.66591790318489,8.66591790318489,0.0,0.4723222553730011,5679.282409667969,126.78776931762695,0.0,0.0,0.0,0.0,0.0,0.0,0.0,1.0
threshold,800,3300000,link_limited,link_limited,1.0,physics_correlated,1.0,1.0,1.0,1.0,1.0,9.600183591246605,9.600183591246605,0.0,0.524117742665112,6809.624053955078,315.57842260599136,0.0,0.0,0.0,0.0,0.0,0.25,0.4375,0.3125
threshold,800,3300001,link_limited,link_limited,1.0,physics_correlated,1.0,1.0,1.0,1.0,1.0,9.180138051509857,9.180138051509857,0.0,0.5471340492367744,7092.501068115234,363.60208627581596,0.0,0.0,0.0,0.0,0.0,0.25,0.5625,0.1875
threshold,800,3300002,link_limited,link_limited,1.0,physics_correlated,1.0,1.0,1.0,1.0,1.0,11.97913521528244,11.97913521528244,0.0,0.47067372128367424,7317.035697937012,152.6425542831421,0.0,0.0,0.0,0.0,0.0,0.625,0.1875,0.1875
standard_dqn,800,3300000,link_limited,link_limited,1.0,physics_correlated,1.0,1.0,1.0,1.0,1.0,8.942461797595024,8.871704682707787,0.07075711488723768,0.43345165625214577,5216.655616760254,120.30404150485992,0.0,0.0,0.0,1.0,0.0,0.0,0.0,1.0
standard_dqn,800,3300001,link_limited,link_limited,1.0,physics_correlated,1.0,1.0,1.0,1.0,1.0,8.430832371115685,8.430832371115685,0.0,0.4247673824429512,4982.772933959961,112.59499228000641,0.0,0.0,0.0,0.0,0.0,0.0,0.0,1.0
standard_dqn,800,3300002,link_limited,link_limited,1.0,physics_correlated,1.0,1.0,1.0,1.0,1.0,8.66591790318489,8.66591790318489,0.0,0.4723222553730011,5679.282409667969,126.78776931762695,0.0,0.0,0.0,0.0,0.0,0.0,0.0,1.0
md_cfba_dqn,800,3300000,link_limited,link_limited,1.0,physics_correlated,1.0,1.0,1.0,1.0,1.0,8.942461797595024,8.871704682707787,0.07075711488723768,0.43345165625214577,5216.655616760254,120.30404150485992,0.0,0.0,0.0,1.0,0.0,0.0,0.0,1.0
md_cfba_dqn,800,3300001,link_limited,link_limited,1.0,physics_correlated,1.0,1.0,1.0,1.0,1.0,8.430832371115685,8.430832371115685,0.0,0.4247673824429512,4982.772933959961,112.59499228000641,0.0,0.0,0.0,0.0,0.0,0.0,0.0,1.0
md_cfba_dqn,800,3300002,link_limited,link_limited,1.0,physics_correlated,1.0,1.0,1.0,1.0,1.0,8.66591790318489,8.66591790318489,0.0,0.4723222553730011,5679.282409667969,126.78776931762695,0.0,0.0,0.0,0.0,0.0,0.0,0.0,1.0
md_cbad_dqn,800,3300000,link_limited,link_limited,1.0,physics_correlated,1.0,1.0,1.0,1.0,1.0,8.942461797595024,8.871704682707787,0.07075711488723768,0.43345165625214577,5216.655616760254,120.30404150485992,0.0,0.0,0.0,1.0,0.0,0.0,0.0,1.0
md_cbad_dqn,800,3300001,link_limited,link_limited,1.0,physics_correlated,1.0,1.0,1.0,1.0,1.0,8.430832371115685,8.430832371115685,0.0,0.4247673824429512,4982.772933959961,112.59499228000641,0.0,0.0,0.0,0.0,0.0,0.0,0.0,1.0
md_cbad_dqn,800,3300002,link_limited,link_limited,1.0,physics_correlated,1.0,1.0,1.0,1.0,1.0,8.66591790318489,8.66591790318489,0.0,0.4723222553730011,5679.282409667969,126.78776931762695,0.0,0.0,0.0,0.0,0.0,0.0,0.0,1.0
fixed_onboard,800,3300000,link_limited,link_limited,1.0,physics_correlated,1.0,1.0,1.0,1.0,1.0,16.119583293795586,16.119583293795586,0.0,0.5044640535488725,9188.976165771484,18.577319905161858,0.0,0.0,0.0,0.0,0.0,1.0,0.0,0.0
fixed_onboard,800,3300001,link_limited,link_limited,1.0,physics_correlated,1.0,1.0,1.0,1.0,1.0,15.070688724517822,15.070688724517822,0.0,0.4895253963768482,8755.336433410645,15.192918062210083,0.0,0.0,0.0,0.0,0.0,1.0,0.0,0.0
fixed_onboard,800,3300002,link_limited,link_limited,1.0,physics_correlated,1.0,1.0,1.0,1.0,1.0,14.519294738769531,14.519294738769531,0.0,0.4617630187422037,8193.021286010742,20.541596472263336,0.0,0.0,0.0,0.0,0.0,1.0,0.0,0.0
fixed_ground,800,3300000,link_limited,link_limited,1.0,physics_correlated,1.0,1.0,1.0,1.0,1.0,50.26743355924631,9.721616625785828,40.545816933460486,0.8733789660036564,11143.659912109375,600.6958150863647,0.0,3.0,12.0,2.0,0.0,0.0,1.0,0.0
fixed_ground,800,3300001,link_limited,link_limited,1.0,physics_correlated,1.0,1.0,1.0,1.0,1.0,40.38403992707662,9.22315502166748,31.160884905409148,0.9070694036781788,11384.301971435547,548.7664251327515,0.0,4.0,7.0,0.0,0.0,0.0,1.0,0.0
fixed_ground,800,3300002,link_limited,link_limited,1.0,physics_correlated,1.0,1.0,1.0,1.0,1.0,95.49053910767773,13.293759942054749,82.196779165623,1.364833753556013,18938.045989990234,610.947657585144,0.0,11.0,13.0,3.0,0.0,0.0,1.0,0.0
immediate_argmin,800,3300000,energy_limited,energy_limited,1.0,physics_correlated,1.0,1.0,1.0,1.0,1.0,7.676697838306428,6.893437087535858,0.7832607507705691,0.41315198317170143,4438.422309875488,438.6545934677124,0.0,0.0,0.0,2.0,0.0,0.0,0.625,0.375
immediate_argmin,800,3300001,energy_limited,energy_limited,1.0,physics_correlated,1.0,1.0,1.0,1.0,1.0,6.359437987208366,6.359437987208366,0.0,0.4205975830554962,4551.883689880371,434.43391501903534,0.0,0.0,0.0,0.0,0.0,0.0,0.6875,0.3125
immediate_argmin,800,3300002,energy_limited,energy_limited,1.0,physics_correlated,1.0,1.0,1.0,1.0,1.0,7.582115817070008,6.955188661813736,0.6269271552562716,0.4518583696335554,4950.650611877441,405.2148983478546,0.0,0.0,0.0,2.0,0.0,0.0,0.625,0.375
mpc_h4,800,3300000,energy_limited,energy_limited,1.0,physics_correlated,1.0,1.0,1.0,1.0,1.0,7.280853885412217,7.104793846607208,0.1760600388050082,0.4118347391486168,4508.361457824707,392.02157497406006,0.0,0.0,0.0,2.0,66.16299995221198,0.0,0.5625,0.4375
mpc_h4,800,3300001,energy_limited,energy_limited,1.0,physics_correlated,1.0,1.0,1.0,1.0,1.0,6.359437987208366,6.359437987208366,0.0,0.4205975830554962,4551.883689880371,434.43391501903534,0.0,0.0,0.0,0.0,66.78099988494068,0.0,0.6875,0.3125
mpc_h4,800,3300002,energy_limited,energy_limited,1.0,physics_correlated,1.0,1.0,1.0,1.0,1.0,7.236697420477867,7.236697420477867,0.0,0.4200990553945303,4657.102699279785,278.9963467121124,0.0,0.0,0.0,0.0,67.11900036316365,0.0,0.4375,0.5625
contextual_bandit,800,3300000,energy_limited,energy_limited,1.0,physics_correlated,1.0,1.0,1.0,1.0,1.0,8.553981000185013,8.483223885297775,0.07075711488723768,0.3946713004261255,4507.2397384643555,120.30404150485992,0.0,0.0,0.0,1.0,0.0,0.0,0.0,1.0
contextual_bandit,800,3300001,energy_limited,energy_limited,1.0,physics_correlated,1.0,1.0,1.0,1.0,1.0,8.06447683274746,8.06447683274746,0.0,0.3861445691436529,4272.710521697998,112.59499228000641,0.0,0.0,0.0,0.0,0.0,0.0,0.0,1.0
contextual_bandit,800,3300002,energy_limited,energy_limited,1.0,physics_correlated,1.0,1.0,1.0,1.0,1.0,7.823191255331039,7.823191255331039,0.0,0.38650959357619286,4156.934051513672,126.78776931762695,0.0,0.0,0.0,0.0,0.0,0.0,0.0,1.0
threshold,800,3300000,energy_limited,energy_limited,1.0,physics_correlated,1.0,1.0,1.0,1.0,1.0,7.924384415149689,7.924384415149689,0.0,0.42275897040963173,4939.986701965332,380.43468976020813,0.0,0.0,0.0,0.0,0.0,0.0625,0.5625,0.375
threshold,800,3300001,energy_limited,energy_limited,1.0,physics_correlated,1.0,1.0,1.0,1.0,1.0,6.453233987092972,6.453233987092972,0.0,0.4220158699899912,4603.841239929199,432.79389360547066,0.0,0.0,0.0,0.0,0.0,0.0625,0.6875,0.25
threshold,800,3300002,energy_limited,energy_limited,1.0,physics_correlated,1.0,1.0,1.0,1.0,1.0,7.650795131921768,7.650795131921768,0.0,0.4599966984242201,5298.839141845703,368.7114520072937,0.0,0.0,0.0,0.0,0.0,0.125,0.5625,0.3125
standard_dqn,800,3300000,energy_limited,energy_limited,1.0,physics_correlated,1.0,1.0,1.0,1.0,1.0,8.553981000185013,8.483223885297775,0.07075711488723768,0.3946713004261255,4507.2397384643555,120.30404150485992,0.0,0.0,0.0,1.0,0.0,0.0,0.0,1.0
standard_dqn,800,3300001,energy_limited,energy_limited,1.0,physics_correlated,1.0,1.0,1.0,1.0,1.0,8.06447683274746,8.06447683274746,0.0,0.3861445691436529,4272.710521697998,112.59499228000641,0.0,0.0,0.0,0.0,0.0,0.0,0.0,1.0
standard_dqn,800,3300002,energy_limited,energy_limited,1.0,physics_correlated,1.0,1.0,1.0,1.0,1.0,7.823191255331039,7.823191255331039,0.0,0.38650959357619286,4156.934051513672,126.78776931762695,0.0,0.0,0.0,0.0,0.0,0.0,0.0,1.0
md_cfba_dqn,800,3300000,energy_limited,energy_limited,1.0,physics_correlated,1.0,1.0,1.0,1.0,1.0,8.553981000185013,8.483223885297775,0.07075711488723768,0.3946713004261255,4507.2397384643555,120.30404150485992,0.0,0.0,0.0,1.0,0.0,0.0,0.0,1.0
md_cfba_dqn,800,3300001,energy_limited,energy_limited,1.0,physics_correlated,1.0,1.0,1.0,1.0,1.0,8.06447683274746,8.06447683274746,0.0,0.3861445691436529,4272.710521697998,112.59499228000641,0.0,0.0,0.0,0.0,0.0,0.0,0.0,1.0
md_cfba_dqn,800,3300002,energy_limited,energy_limited,1.0,physics_correlated,1.0,1.0,1.0,1.0,1.0,7.823191255331039,7.823191255331039,0.0,0.38650959357619286,4156.934051513672,126.78776931762695,0.0,0.0,0.0,0.0,0.0,0.0,0.0,1.0
md_cbad_dqn,800,3300000,energy_limited,energy_limited,1.0,physics_correlated,1.0,1.0,1.0,1.0,1.0,8.553981000185013,8.483223885297775,0.07075711488723768,0.3946713004261255,4507.2397384643555,120.30404150485992,0.0,0.0,0.0,1.0,0.0,0.0,0.0,1.0
md_cbad_dqn,800,3300001,energy_limited,energy_limited,1.0,physics_correlated,1.0,1.0,1.0,1.0,1.0,8.06447683274746,8.06447683274746,0.0,0.3861445691436529,4272.710521697998,112.59499228000641,0.0,0.0,0.0,0.0,0.0,0.0,0.0,1.0
md_cbad_dqn,800,3300002,energy_limited,energy_limited,1.0,physics_correlated,1.0,1.0,1.0,1.0,1.0,7.823191255331039,7.823191255331039,0.0,0.38650959357619286,4156.934051513672,126.78776931762695,0.0,0.0,0.0,0.0,0.0,0.0,0.0,1.0
fixed_onboard,800,3300000,energy_limited,energy_limited,1.0,physics_correlated,1.0,1.0,1.0,1.0,1.0,16.5672989487648,16.5672989487648,0.0,0.5044640535488725,9074.567573547363,18.577319905161858,0.0,0.0,0.0,0.0,0.0,1.0,0.0,0.0
fixed_onboard,800,3300001,energy_limited,energy_limited,1.0,physics_correlated,1.0,1.0,1.0,1.0,1.0,15.517063319683075,15.517063319683075,0.0,0.4895253963768482,8637.945426940918,15.192918062210083,0.0,0.0,0.0,0.0,0.0,1.0,0.0,0.0
fixed_onboard,800,3300002,energy_limited,energy_limited,1.0,physics_correlated,1.0,1.0,1.0,1.0,1.0,14.895757347345352,14.895757347345352,0.0,0.4617630187422037,7920.272109985352,20.541596472263336,0.0,0.0,0.0,0.0,0.0,1.0,0.0,0.0
fixed_ground,800,3300000,energy_limited,energy_limited,1.0,physics_correlated,1.0,1.0,1.0,1.0,1.0,8.233851483071874,7.320805013179779,0.9130464698920933,0.50067731551826,5808.522796630859,600.6958150863647,0.0,0.0,1.0,2.0,0.0,0.0,1.0,0.0
fixed_ground,800,3300001,energy_limited,energy_limited,1.0,physics_correlated,1.0,1.0,1.0,1.0,1.0,6.736585855484009,6.736585855484009,0.0,0.5071239825338125,5858.592712402344,548.7664251327515,0.0,0.0,0.0,0.0,0.0,0.0,1.0,0.0
fixed_ground,800,3300002,energy_limited,energy_limited,1.0,physics_correlated,1.0,1.0,1.0,1.0,1.0,33.90518310949132,8.460709512233734,25.44447359725758,0.6849320586770773,8197.933654785156,610.947657585144,0.0,7.0,10.0,3.0,0.0,0.0,1.0,0.0
immediate_argmin,800,3300000,thermal_stress,thermal_stress,1.0,physics_correlated,1.0,1.0,1.0,1.0,1.0,8.571874308586121,7.788613557815552,0.7832607507705691,0.46943398378789425,5345.764633178711,534.3067388534546,0.0,0.0,0.0,2.0,0.0,0.0,0.75,0.25
immediate_argmin,800,3300001,thermal_stress,thermal_stress,1.0,physics_correlated,1.0,1.0,1.0,1.0,1.0,7.107687741518021,7.107687741518021,0.0,0.4973286520689726,5664.80827331543,534.7739818096161,0.0,0.0,0.0,0.0,0.0,0.0,0.8125,0.1875
immediate_argmin,800,3300002,thermal_stress,thermal_stress,1.0,physics_correlated,1.0,1.0,1.0,1.0,1.0,8.545807021856309,7.918879866600037,0.6269271552562716,0.5053071267902851,5752.960182189941,448.5954372882843,0.0,0.0,0.0,2.0,0.0,0.0,0.625,0.375
mpc_h4,800,3300000,thermal_stress,thermal_stress,1.0,physics_correlated,1.0,1.0,1.0,1.0,1.0,8.146656993031502,7.970596954226494,0.1760600388050082,0.45202174596488476,5109.193298339844,447.8406732082367,0.0,0.0,0.0,2.0,66.61349965725094,0.0,0.5625,0.4375
mpc_h4,800,3300001,thermal_stress,thermal_stress,1.0,physics_correlated,1.0,1.0,1.0,1.0,1.0,7.01143953204155,7.01143953204155,0.0,0.461453078314662,5212.441879272461,488.8884074687958,0.0,0.0,0.0,0.0,66.6891997680068,0.0,0.75,0.25
mpc_h4,800,3300002,thermal_stress,thermal_stress,1.0,physics_correlated,1.0,1.0,1.0,1.0,1.0,8.277473479509354,8.277473479509354,0.0,0.49567694403231144,5739.166954040527,361.4246027469635,0.0,0.0,0.0,0.0,65.81100018229336,0.0,0.5,0.5
contextual_bandit,800,3300000,thermal_stress,thermal_stress,1.0,physics_correlated,1.0,1.0,1.0,1.0,1.0,9.67719584107399,9.606438726186752,0.07075711488723768,0.4191926456987858,4974.092880249023,133.40353953838348,0.0,0.0,0.0,1.0,0.0,0.0,0.0,1.0
contextual_bandit,800,3300001,thermal_stress,thermal_stress,1.0,physics_correlated,1.0,1.0,1.0,1.0,1.0,9.095927625894547,9.095927625894547,0.0,0.4093229118734598,4700.7902755737305,120.90970849990845,0.0,0.0,0.0,0.0,0.0,0.0,0.0,1.0
contextual_bandit,800,3300002,thermal_stress,thermal_stress,1.0,physics_correlated,1.0,1.0,1.0,1.0,1.0,9.087382376194,9.087382376194,0.0,0.41805436834692955,4756.414886474609,141.08923387527466,0.0,0.0,0.0,0.0,0.0,0.0,0.0,1.0
threshold,800,3300000,thermal_stress,thermal_stress,1.0,physics_correlated,1.0,1.0,1.0,1.0,1.0,8.80468001961708,8.80468001961708,0.0,0.47904097102582455,5847.329025268555,476.0868351459503,0.0,0.0,0.0,0.0,0.0,0.0625,0.6875,0.25
threshold,800,3300001,thermal_stress,thermal_stress,1.0,physics_correlated,1.0,1.0,1.0,1.0,1.0,7.082509428262711,7.082509428262711,0.0,0.46112322993576527,5264.618133544922,486.51037642359734,0.0,0.0,0.0,0.0,0.0,0.0625,0.75,0.1875
threshold,800,3300002,thermal_stress,thermal_stress,1.0,physics_correlated,1.0,1.0,1.0,1.0,1.0,8.565488457679749,8.565488457679749,0.0,0.5134454555809498,6101.148712158203,412.0919909477234,0.0,0.0,0.0,0.0,0.0,0.125,0.5625,0.3125
standard_dqn,800,3300000,thermal_stress,thermal_stress,1.0,physics_correlated,1.0,1.0,1.0,1.0,1.0,9.67719584107399,9.606438726186752,0.07075711488723768,0.4191926456987858,4974.092880249023,133.40353953838348,0.0,0.0,0.0,1.0,0.0,0.0,0.0,1.0
standard_dqn,800,3300001,thermal_stress,thermal_stress,1.0,physics_correlated,1.0,1.0,1.0,1.0,1.0,9.095927625894547,9.095927625894547,0.0,0.4093229118734598,4700.7902755737305,120.90970849990845,0.0,0.0,0.0,0.0,0.0,0.0,0.0,1.0
standard_dqn,800,3300002,thermal_stress,thermal_stress,1.0,physics_correlated,1.0,1.0,1.0,1.0,1.0,9.087382376194,9.087382376194,0.0,0.41805436834692955,4756.414886474609,141.08923387527466,0.0,0.0,0.0,0.0,0.0,0.0,0.0,1.0
md_cfba_dqn,800,3300000,thermal_stress,thermal_stress,1.0,physics_correlated,1.0,1.0,1.0,1.0,1.0,9.67719584107399,9.606438726186752,0.07075711488723768,0.4191926456987858,4974.092880249023,133.40353953838348,0.0,0.0,0.0,1.0,0.0,0.0,0.0,1.0
md_cfba_dqn,800,3300001,thermal_stress,thermal_stress,1.0,physics_correlated,1.0,1.0,1.0,1.0,1.0,9.095927625894547,9.095927625894547,0.0,0.4093229118734598,4700.7902755737305,120.90970849990845,0.0,0.0,0.0,0.0,0.0,0.0,0.0,1.0
md_cfba_dqn,800,3300002,thermal_stress,thermal_stress,1.0,physics_correlated,1.0,1.0,1.0,1.0,1.0,9.087382376194,9.087382376194,0.0,0.41805436834692955,4756.414886474609,141.08923387527466,0.0,0.0,0.0,0.0,0.0,0.0,0.0,1.0
md_cbad_dqn,800,3300000,thermal_stress,thermal_stress,1.0,physics_correlated,1.0,1.0,1.0,1.0,1.0,9.67719584107399,9.606438726186752,0.07075711488723768,0.4191926456987858,4974.092880249023,133.40353953838348,0.0,0.0,0.0,1.0,0.0,0.0,0.0,1.0
md_cbad_dqn,800,3300001,thermal_stress,thermal_stress,1.0,physics_correlated,1.0,1.0,1.0,1.0,1.0,9.095927625894547,9.095927625894547,0.0,0.4093229118734598,4700.7902755737305,120.90970849990845,0.0,0.0,0.0,0.0,0.0,0.0,0.0,1.0
md_cbad_dqn,800,3300002,thermal_stress,thermal_stress,1.0,physics_correlated,1.0,1.0,1.0,1.0,1.0,9.087382376194,9.087382376194,0.0,0.41805436834692955,4756.414886474609,141.08923387527466,0.0,0.0,0.0,0.0,0.0,0.0,0.0,1.0
fixed_onboard,800,3300000,thermal_stress,thermal_stress,1.0,physics_correlated,1.0,1.0,1.0,1.0,1.0,17.821856826543808,17.821856826543808,0.0,0.5360768381506205,9996.642288208008,20.806058168411255,0.0,0.0,0.0,0.0,0.0,1.0,0.0,0.0
fixed_onboard,800,3300001,thermal_stress,thermal_stress,1.0,physics_correlated,1.0,1.0,1.0,1.0,1.0,16.695743560791016,16.695743560791016,0.0,0.5210034660995007,9551.450256347656,16.618986666202545,0.0,0.0,0.0,0.0,0.0,1.0,0.0,0.0
fixed_onboard,800,3300002,thermal_stress,thermal_stress,1.0,physics_correlated,1.0,1.0,1.0,1.0,1.0,16.26188227534294,16.26188227534294,0.0,0.49716489017009735,8959.333038330078,22.609653890132904,0.0,0.0,0.0,0.0,0.0,1.0,0.0,0.0
fixed_ground,800,3300000,thermal_stress,thermal_stress,1.0,physics_correlated,1.0,1.0,1.0,1.0,1.0,10.864261342247577,8.144560664892197,2.719700677355379,0.5517057199031115,6556.087249755859,664.1394624710083,0.0,0.0,4.0,2.0,0.0,0.0,1.0,0.0
fixed_ground,800,3300001,thermal_stress,thermal_stress,1.0,physics_correlated,1.0,1.0,1.0,1.0,1.0,8.99062594452677,7.501175716519356,1.4894502280074127,0.5742559339851141,6794.120346069336,594.8352603912354,0.0,0.0,4.0,0.0,0.0,0.0,1.0,0.0
fixed_ground,800,3300002,thermal_stress,thermal_stress,1.0,physics_correlated,1.0,1.0,1.0,1.0,1.0,48.49672604475363,9.818701565265656,38.67802447948797,0.8310832008719444,10166.654724121094,674.2405824661255,0.0,2.0,10.0,3.0,0.0,0.0,1.0,0.0
