configuration,scenario,coupling,mean_difference,improvement_percent,all_five_better,worst_improvement_percent
lambda_0p3,burst,1.0,-7.963455674143503,2.206352752422513,True,1.986865055762376
lambda_0p3,energy_limited,1.0,-7.38003521106684,1.986865055762376,True,1.986865055762376
lambda_0p3,link_limited,1.0,-11.208194307580257,2.4748592263545404,True,1.986865055762376
lambda_0p3,nominal,1.0,-7.514522765871931,2.2108076860200505,True,1.986865055762376
lambda_0p3,thermal_stress,1.0,-8.206422740011988,2.2698697877428873,True,1.986865055762376
lambda_1,burst,1.0,-7.7099597535928694,2.125741805810086,True,1.9676549969701003
lambda_1,energy_limited,1.0,-7.339229185090929,1.9676549969701003,True,1.9676549969701003
lambda_1,link_limited,1.0,-20.509710491421643,4.597246603820438,True,1.9676549969701003
lambda_1,nominal,1.0,-7.354383044611168,2.1632265788488554,True,1.9676549969701003
lambda_1,thermal_stress,1.0,-7.81377010279094,2.1514176510634124,True,1.9676549969701003
lambda_3,burst,1.0,-6.991029518740106,1.9161916413562738,True,1.268338873599311
lambda_3,energy_limited,1.0,-4.787236970238794,1.268338873599311,True,1.268338873599311
lambda_3,link_limited,1.0,-22.45937106023335,5.030310396384881,True,1.268338873599311
lambda_3,nominal,1.0,-5.313793988712305,1.5424533246595211,True,1.268338873599311
lambda_3,thermal_stress,1.0,-7.2682732235847425,1.9923525910752113,True,1.268338873599311
lambda_0p1,burst,1.0,-5.3042703319363795,1.4484909037241027,True,0.6098565155701255
lambda_0p1,energy_limited,1.0,-4.582450253551954,1.2276051951023779,True,0.6098565155701255
lambda_0p1,link_limited,1.0,-2.9024595377963323,0.6098565155701255,True,0.6098565155701255
lambda_0p1,nominal,1.0,-4.874710154153249,1.4290415492103044,True,0.6098565155701255
lambda_0p1,thermal_stress,1.0,-5.4083220731489945,1.4760500068933105,True,0.6098565155701255
