variant,model_seed,episode,cost,rolling_cost,immediate_cost,penalty,energy_use,latency_ms,thermal_violation,energy_violation,queue_violation,contact_violation,epsilon,loss,td_loss,auxiliary_loss
md_cbad_dqn,800,0,8.318210706114769,8.318210706114769,8.318210706114769,0.0,0.3852293351665139,4891.007835388184,0.0,0.0,0.0,0.0,0.9848,,,
md_cbad_dqn,800,1,8.190472894906998,8.254341800510883,8.150987356901169,0.03948553800582899,0.45009895227849483,5174.665542602539,0.0,0.0,0.0,1.0,0.9696,,,
md_cbad_dqn,800,2,9.870953872799873,8.793212491273879,9.870953872799873,0.0,0.46221607085317373,6185.067199707031,0.0,0.0,0.0,0.0,0.9544,,,
md_cbad_dqn,800,3,10.09011161327362,9.117437271773815,10.09011161327362,0.0,0.48724134638905525,6365.843910217285,0.0,0.0,0.0,0.0,0.9392,,,
md_cbad_dqn,800,4,11.360530152916908,9.566055848002433,11.360530152916908,0.0,0.4728179955855012,6811.252738952637,0.0,0.0,0.0,0.0,0.924,,,
md_cbad_dqn,800,5,9.507882609963417,9.556360308329264,9.507882609963417,0.0,0.4706410691142082,6125.302337646484,0.0,0.0,0.0,0.0,0.9088,,,
md_cbad_dqn,800,6,8.461665266752243,9.39997530238969,8.390491515398026,0.07117375135421766,0.3747309548780322,4566.265518188477,0.0,0.0,0.0,1.0,0.8936,,,
md_cbad_dqn,800,7,7.556640312075615,9.16955842860043,7.556640312075615,0.0,0.4415114317089319,5127.155113220215,0.0,0.0,0.0,0.0,0.8784,0.1812571883201599,0.17543891072273254,0.019394274801015854
md_cbad_dqn,800,8,8.663059398531914,9.113280758592817,8.663059398531914,0.0,0.4193220529705286,5171.017974853516,0.0,0.0,0.0,0.0,0.8632,0.1656033955514431,0.15957393124699593,0.020098222885280848
md_cbad_dqn,800,9,12.60626283288002,9.462578966021537,12.60626283288002,0.0,0.5372233726084232,7762.827072143555,0.0,0.0,0.0,0.0,0.848,0.15974970534443855,0.1533781737089157,0.02123845089226961
md_cbad_dqn,800,10,9.934914946556091,9.505518600615588,9.934914946556091,0.0,0.40935885440558195,5517.592441558838,0.0,0.0,0.0,0.0,0.8328,0.1575668267905712,0.1506139673292637,0.023176196962594986
md_cbad_dqn,800,11,8.833724305033684,9.44953574265043,8.833724305033684,0.0,0.4228827403858304,5294.420303344727,0.0,0.0,0.0,0.0,0.8176,0.1601731926202774,0.15287095308303833,0.024340800940990448
