variant,configuration,model_seed,episode,cost,rolling_cost,epsilon,loss,td_loss,counterfactual_loss
md_cfba_dqn,lambda_0p3,500,0,738.5411404668507,738.5411404668507,0.9954761904761905,,,
md_cfba_dqn,lambda_0p3,500,10,737.4701726776784,739.3460729786437,0.9502380952380952,5.804165303707123,4.433936163783073,4.56743061542511
md_cfba_dqn,lambda_0p3,500,20,681.7823886283047,710.5883928018673,0.905,5.248549520969391,3.9897216111421585,4.196093067526817
md_cfba_dqn,lambda_0p3,500,30,558.6671110794082,693.4519199862842,0.8597619047619047,5.942358016967773,4.498101532459259,4.8141882717609406
md_cfba_dqn,lambda_0p3,500,40,619.7462612330672,734.5931492388429,0.8145238095238095,7.2395917773246765,5.513043105602264,5.755161911249161
md_cfba_dqn,lambda_0p3,500,50,631.1939044048931,723.7421516123717,0.7692857142857144,7.067576825618744,5.435725420713425,5.439504384994507
md_cfba_dqn,lambda_0p3,500,60,681.3355323989723,663.8007003203728,0.724047619047619,6.960967808961868,5.293619841337204,5.557826668024063
md_cfba_dqn,lambda_0p3,500,70,542.6956431660291,642.2844128731067,0.6788095238095238,9.646883010864258,7.395741701126099,7.5038042068481445
md_cfba_dqn,lambda_0p3,500,80,558.7047314988815,653.74747682079,0.6335714285714286,8.497040450572968,6.521412760019302,6.585425615310669
md_cfba_dqn,lambda_0p3,500,90,598.0451107848304,628.2681976294987,0.5883333333333334,9.041044801473618,6.900907218456268,7.133791595697403
md_cfba_dqn,lambda_0p3,500,100,625.0157884162459,593.2655520657669,0.5430952380952381,8.655725598335266,6.633599907159805,6.740418702363968
md_cfba_dqn,lambda_0p3,500,110,538.2024433351936,580.6528875011809,0.4978571428571429,9.82967159152031,7.479613244533539,7.833527356386185
md_cfba_dqn,lambda_0p3,500,120,556.1573840207753,559.2496815980933,0.4526190476190477,8.991751551628113,6.834409117698669,7.1911410093307495
md_cfba_dqn,lambda_0p3,500,130,571.4437822217286,551.0168873080389,0.4073809523809524,9.25768455862999,7.011891931295395,7.485975235700607
md_cfba_dqn,lambda_0p3,500,140,578.3760955595317,542.0369789805982,0.3621428571428572,9.588297605514526,7.262412250041962,7.752951472997665
md_cfba_dqn,lambda_0p3,500,150,405.8921130303257,519.2431419682663,0.3169047619047619,11.04491275548935,8.400062710046768,8.816166698932648
md_cfba_dqn,lambda_0p3,500,160,484.75680256287416,480.62248438627194,0.2716666666666666,10.533932715654373,8.012540638446808,8.404639899730682
md_cfba_dqn,lambda_0p3,500,170,503.6812655907394,467.554044583764,0.22642857142857142,9.172939211130142,6.965143531560898,7.359318822622299
md_cfba_dqn,lambda_0p3,500,180,396.38522905111313,453.07179330865273,0.18119047619047624,11.19522500038147,8.505765467882156,8.964864581823349
md_cfba_dqn,lambda_0p3,500,190,462.5990387524259,439.2827488016728,0.13595238095238105,10.055105149745941,7.661502629518509,7.978674918413162
md_cfba_dqn,lambda_0p3,500,200,362.5927294695542,413.99089838746323,0.09071428571428575,11.247805118560791,8.564063042402267,8.945806235074997
md_cfba_dqn,lambda_0p3,500,210,320.2685856346786,377.2221873724608,0.050000000000000044,10.480269521474838,7.9902141988277435,8.300184458494186
md_cfba_dqn,lambda_0p3,500,220,360.0081098732261,383.5552629385211,0.050000000000000044,9.184797406196594,7.009765982627869,7.250104457139969
md_cfba_dqn,lambda_0p3,500,230,449.1283093941212,374.3235336966124,0.050000000000000044,10.62887454032898,8.093158215284348,8.452387183904648
md_cfba_dqn,lambda_0p3,500,240,274.9259768128395,356.29024068488957,0.050000000000000044,10.503552287817001,7.961517572402954,8.473448514938354
md_cfba_dqn,lambda_0p3,500,250,299.10845376197676,355.952688052135,0.050000000000000044,10.583667486906052,8.05685606598854,8.422704428434372
md_cfba_dqn,lambda_0p3,500,260,353.98935225009916,344.5959284813238,0.050000000000000044,12.188186705112457,9.290658235549927,9.658428072929382
md_cfba_dqn,lambda_0p3,500,270,329.76324969530106,332.3183380203513,0.050000000000000044,10.341026306152344,7.856795608997345,8.280768245458603
md_cfba_dqn,lambda_0p3,500,280,432.9124805895657,344.66185557867124,0.050000000000000044,10.361584961414337,7.896149635314941,8.218117445707321
md_cfba_dqn,lambda_0p3,500,290,324.21162408590317,350.26692665443517,0.050000000000000044,9.777247697114944,7.4493468105793,7.7596694231033325
md_cfba_dqn,lambda_0p3,500,300,307.2805726766586,343.44424342869223,0.050000000000000044,10.47041729092598,7.980332404375076,8.300282627344131
md_cfba_dqn,lambda_0p3,500,310,370.75614845371246,350.947339408833,0.050000000000000044,10.014185130596161,7.641783952713013,7.908003568649292
md_cfba_dqn,lambda_0p3,500,320,344.31120187044144,359.5068708800578,0.050000000000000044,9.333927243947983,7.11885678768158,7.3835680186748505
md_cfba_dqn,lambda_0p3,500,330,283.67803772091867,347.2320143954873,0.050000000000000044,9.510338574647903,7.25252828001976,7.5260337591171265
md_cfba_dqn,lambda_0p3,500,340,293.7351458531228,334.7984723508219,0.050000000000000044,10.936074674129486,8.332609713077545,8.678216397762299
md_cfba_dqn,lambda_0p3,500,350,351.64950013160706,337.1471056482772,0.050000000000000044,11.266148954629898,8.607523649930954,8.862084448337555
md_cfba_dqn,lambda_0p3,500,360,379.9237257480621,350.55735692022796,0.050000000000000044,9.476231217384338,7.22937473654747,7.4895214438438416
md_cfba_dqn,lambda_0p3,500,370,356.35917226374147,354.7927022811717,0.050000000000000044,10.514800429344177,8.01657971739769,8.327402174472809
md_cfba_dqn,lambda_0p3,500,380,325.7265328168869,344.6365278461666,0.050000000000000044,9.92753979563713,7.584834277629852,7.809018015861511
md_cfba_dqn,lambda_0p3,500,390,303.82433700561523,345.8413844244182,0.050000000000000044,9.95947715640068,7.609518304467201,7.833195894956589
md_cfba_dqn,lambda_0p3,500,400,340.67688581347466,347.76916192114356,0.050000000000000044,9.921815037727356,7.576290309429169,7.81841579079628
md_cfba_dqn,lambda_0p3,500,410,314.12087738513947,342.5550441606343,0.050000000000000044,9.739164173603058,7.4275947362184525,7.70523127913475
md_cfba_dqn,lambda_0p3,500,420,283.88291719555855,339.7832343660295,0.050000000000000044,10.303959995508194,7.877732902765274,8.087423473596573
md_cfba_dqn,lambda_0p3,500,430,344.99298610687254,337.9008421200514,0.050000000000000044,9.278113186359406,7.066716268658638,7.371322810649872
md_cfba_dqn,lambda_0p3,500,440,357.2805834412575,328.5296789776959,0.050000000000000044,9.32675525546074,7.108093082904816,7.395540922880173
md_cfba_dqn,lambda_0p3,500,450,434.0849484113106,334.542122143188,0.050000000000000044,10.841847598552704,8.283561900258064,8.527618825435638
md_cfba_dqn,lambda_0p3,500,460,321.72556268572805,345.71953797341496,0.050000000000000044,9.591840118169785,7.3254150450229645,7.554749935865402
md_cfba_dqn,lambda_0p3,500,470,326.24558317661285,333.47552876750893,0.050000000000000044,9.598394095897675,7.291938036680222,7.6881867200136185
md_cfba_dqn,lambda_0p3,500,480,366.0113211274147,323.7634638128705,0.050000000000000044,9.394976645708084,7.14904910326004,7.486425191164017
md_cfba_dqn,lambda_0p3,500,490,308.78215458393095,329.1474775612354,0.050000000000000044,9.504415214061737,7.268302410840988,7.4537089467048645
md_cfba_dqn,lambda_0p3,500,500,358.2448570728302,338.5136405545473,0.050000000000000044,8.967157304286957,6.854018718004227,7.043794602155685
md_cfba_dqn,lambda_0p3,500,510,353.9565508365631,337.92643509283664,0.050000000000000044,10.890351116657257,8.339357420802116,8.503312215209007
md_cfba_dqn,lambda_0p3,500,520,283.17519868314264,335.78440179829295,0.050000000000000044,8.687760651111603,6.613274097442627,6.914954796433449
md_cfba_dqn,lambda_0p3,500,530,322.36536341905594,332.54769578997934,0.050000000000000044,8.673499971628189,6.618790626525879,6.849031090736389
md_cfba_dqn,lambda_0p3,500,540,309.7256380915642,335.5380484718085,0.050000000000000044,9.280275523662567,7.065874978899956,7.381334960460663
md_cfba_dqn,lambda_0p3,500,550,348.2196155488491,339.11555892405966,0.050000000000000044,7.789853751659393,5.919162392616272,6.235637933015823
md_cfba_dqn,lambda_0p3,500,560,391.13712868344055,339.84010229287713,0.050000000000000044,8.917172938585281,6.8209497183561325,6.987410619854927
md_cfba_dqn,lambda_0p3,500,570,345.0994738340378,345.6667192941594,0.050000000000000044,9.032665759325027,6.886084631085396,7.155270129442215
md_cfba_dqn,lambda_0p3,500,580,333.95676296949387,344.3718424780359,0.050000000000000044,7.8576450645923615,5.986406698822975,6.23746058344841
md_cfba_dqn,lambda_0p3,500,590,319.02467811107635,339.0250019408762,0.050000000000000044,8.528270691633224,6.494956538081169,6.777713745832443
md_cfba_dqn,lambda_0p3,500,599,273.9571816623211,332.9460177339017,0.050000000000000044,10.391972213983536,7.9426707327365875,8.164337992668152
