scenario,policy,model_seed,total_cost,immediate_cost,penalty,energy_use,latency_ms,transmitted_mbit,thermal_violation,energy_violation,queue_violation,contact_violation,planning_time_ms,maximum_heat,minimum_energy,threshold_free_episode,onboard_fraction,ground_fraction,hybrid_fraction
burst,md_cbad_dqn_exact,800,96.96786360248925,31.08348842486739,65.88437527932226,1.5688807908911258,17577.92926530838,1014.9177450060845,0.0,28.9,0.0,1.4,0.0,0.1919797368347645,0.0,0.0,0.00078125,0.3125,0.68671875
burst,md_cbad_dqn_exact,801,99.48351261392236,32.86359452158213,66.61991812959313,1.5985279634594918,18440.469000434874,918.3420934572816,0.0,29.1,0.0,1.4,0.0,0.19209709241986275,0.0,0.0,0.04375,0.27421875,0.68203125
burst,md_cbad_dqn_exact,802,96.19852253630758,31.929246801137925,64.26927564166486,1.577409012010321,17900.276473522186,949.0723684549332,0.0,28.7,0.0,1.4,0.0,0.19062386229634284,0.0,0.0,0.0,0.28359375,0.71640625
burst,md_cbad_dqn_exact,803,94.39793811611831,31.11526595763862,63.28267203181982,1.569952491670847,17505.99670677185,1008.6775282397866,0.0,28.3,0.0,0.95,0.0,0.1924815446138382,0.0,0.0,0.03515625,0.296875,0.66796875
burst,md_cbad_dqn_exact,804,96.94982281059026,31.50707096233964,65.44275171861052,1.580600730003789,17880.873177719117,1046.5059780165552,0.0,29.1,0.0,1.8,0.0,0.19207115843892097,0.0,0.0,0.03046875,0.33359375,0.6359375
burst,md_cbad_dqn_exact,805,98.44625931695103,32.23830116800964,66.2079580129683,1.6016855761408806,18199.8673992157,930.7743877381087,0.0,28.95,0.0,1.2,0.0,0.1904309667646885,0.0,0.0,0.0,0.25234375,0.74765625
burst,md_cbad_dqn_exact,806,97.72258399605752,32.26332770101726,65.45925620898603,1.5902296993415803,18184.192295074463,1052.546445056796,0.0,28.6,0.0,1.45,0.0,0.19300064519047738,0.0,0.0,0.0375,0.325,0.6375
burst,md_cbad_dqn_exact,807,96.58592354029417,31.78401944003999,64.80190421313048,1.5740632257889957,17813.462409973145,921.0984530776739,0.0,28.4,0.0,1.45,0.0,0.19142023250460624,0.0,0.0,0.0,0.26953125,0.73046875
burst,md_cbad_dqn_exact,808,98.12753984346986,31.948314191401003,66.17922569826246,1.577226601820439,17870.381196880342,929.6351792126894,0.0,29.0,0.0,1.3,0.0,0.1926097884774208,0.0,0.0,0.00078125,0.26484375,0.734375
burst,md_cbad_dqn_exact,809,101.97986423701047,33.28775370009244,68.69211053505539,1.6011377686169,18394.15046892166,784.7856347829104,0.0,29.75,0.0,1.15,0.0,0.19199434146285058,0.0,0.0,0.0,0.184375,0.815625
burst,md_cbad_dqn_exact,810,95.71014757886529,31.072819874808193,64.63732765376568,1.5709665948990732,17709.541959285736,1106.2781315982343,0.0,28.4,0.0,1.35,0.0,0.19178858324885367,0.0,0.0,0.0234375,0.36953125,0.60703125
burst,md_cbad_dqn_exact,811,99.35850452132523,32.06437750421465,67.29412700295448,1.589518864871934,17941.732633399963,912.4073507577181,0.0,29.3,0.0,1.65,0.0,0.19096107184886932,0.0,0.0,0.0,0.240625,0.759375
burst,md_cbad_dqn_exact,812,93.87679346308111,30.70877769961953,63.16801583498716,1.5869275618810206,17850.52940969467,1226.7298573702574,0.0,28.1,0.0,1.8,0.0,0.1920882284641266,0.0,0.0,0.0,0.41796875,0.58203125
burst,md_cbad_dqn_exact,813,97.96870778925717,31.521990850567818,66.4467169021815,1.5854692331515252,17866.39157857895,1013.7956920564175,0.0,29.1,0.0,1.5,0.0,0.19142150655388832,0.0,0.0,0.0,0.303125,0.696875
burst,md_cbad_dqn_exact,814,96.15448890827597,31.680522549897432,64.47396634794771,1.5771276131737977,17790.622945976258,1016.2189972430467,0.0,28.5,0.0,1.3,0.0,0.19197046682238578,0.0,0.0,0.00078125,0.296875,0.70234375
burst,md_cbad_dqn_exact,815,97.25821932092309,31.949594759196042,65.3086246407032,1.5803617410361768,17938.60785179138,905.9176123321056,0.0,28.85,0.0,0.85,0.0,0.19248755499720574,0.0,0.0,0.0015625,0.2515625,0.746875
burst,md_cbad_dqn_exact,816,93.40339076049625,30.824625201895834,62.57876551389694,1.5617829391732811,17498.183355808258,1027.9163275748492,0.0,27.7,0.0,1.05,0.0,0.19129121154546738,0.0,0.0,0.0,0.325,0.675
burst,md_cbad_dqn_exact,817,96.35634672112764,31.197247796133162,65.15909878343344,1.5780192373786122,17730.684889507294,1003.0929215997458,0.0,28.5,0.0,1.4,0.0,0.190986081212759,0.0,0.0,0.0,0.28984375,0.71015625
burst,md_cbad_dqn_exact,818,98.16346058048308,31.31604019626975,66.84742065913976,1.5794602440670134,17703.157890701295,1086.8341752827168,0.0,29.0,0.0,1.6,0.0,0.19126395434141158,0.0,0.0,0.0,0.3453125,0.6546875
burst,md_cbad_dqn_exact,819,93.96274704530836,31.208180656284092,62.7545663804561,1.5688864536583425,17691.576764774323,998.9429994046689,0.0,28.0,0.0,0.95,0.0,0.19208334311842917,0.0,0.0,0.0,0.3046875,0.6953125
burst,md_cbad_dqn_preview_0p85,800,97.22982028640807,30.894891131296752,66.33492906831205,1.5780209398828446,17759.299901103972,1135.4030105024576,0.0,29.0,0.0,1.6,0.0,0.1917959526181221,0.0,0.0,0.0,0.38125,0.61875
burst,md_cbad_dqn_preview_0p85,801,99.02282473772765,32.66386546865105,66.3589593938738,1.5939758342225105,18287.744260787964,875.2579677909613,0.0,29.0,0.0,1.35,0.0,0.19214396178722382,0.0,0.0,0.0234375,0.24765625,0.72890625
burst,md_cbad_dqn_preview_0p85,802,96.8294995508343,32.07823267392814,64.75126691378652,1.580260194791481,18004.176393318176,970.4123735547066,0.0,28.7,0.0,1.5,0.0,0.19062386229634284,0.0,0.0,0.0,0.2953125,0.7046875
burst,md_cbad_dqn_preview_0p85,803,94.32721081048251,30.611538386717438,63.715672425627716,1.569427626626566,17416.0142496109,1105.2133480392397,0.0,28.4,0.0,1.25,0.0,0.19201093912124634,0.0,0.0,0.0078125,0.353125,0.6390625
burst,md_cbad_dqn_preview_0p85,804,97.09517342999578,31.341244373843075,65.75392899692058,1.5790924043860286,17842.235010433196,1057.267795432359,0.0,29.2,0.0,1.9,0.0,0.19145070388913155,0.0,0.0,0.00703125,0.3453125,0.64765625
burst,md_cbad_dqn_preview_0p85,805,98.40374746397137,32.16769390590489,66.23605344407261,1.6026086143683642,18161.02100944519,972.2678072303534,0.0,28.95,0.0,1.3,0.0,0.1914596252143383,0.0,0.0,0.0,0.26875,0.73125
burst,md_cbad_dqn_preview_0p85,806,98.32235869310797,33.25018228515982,65.07217632561921,1.5986536270473153,18553.034783935545,960.8888033173978,0.0,28.45,0.0,1.35,0.0,0.19300064519047738,0.0,0.0,0.06953125,0.2734375,0.65703125
burst,md_cbad_dqn_preview_0p85,807,97.32538027614355,32.13450755402446,65.19087268859148,1.5812137432862072,17886.409227085114,862.9922915607691,0.0,28.55,0.0,1.2,0.0,0.19085185900330542,0.0,0.0,0.0,0.225,0.775
burst,md_cbad_dqn_preview_0p85,808,98.28654964804649,32.0687705129385,66.2177792006731,1.5793770408257841,17921.128005218507,919.4347863018513,0.0,29.1,0.0,1.3,0.0,0.1935100331902504,0.0,0.0,0.0,0.25390625,0.74609375
burst,md_cbad_dqn_preview_0p85,809,101.16985099427401,32.690945513919,68.4789054132998,1.5945714473724366,18255.427856826784,902.0032219201327,0.0,29.85,0.0,1.4,0.0,0.19075939431786537,0.0,0.0,0.0,0.2515625,0.7484375
burst,md_cbad_dqn_preview_0p85,810,95.48275165751576,31.151530643180013,64.3312210892141,1.5618952000048012,17553.53916015625,999.4594147801399,0.0,28.45,0.0,1.1,0.0,0.19178858324885367,0.0,0.0,0.0,0.3109375,0.6890625
burst,md_cbad_dqn_preview_0p85,811,99.27461069829762,32.1021886985749,67.17242206901312,1.5851660440675914,17959.305370998383,907.0828831464053,0.0,29.25,0.0,1.7,0.0,0.19096107184886932,0.0,0.0,0.0,0.25078125,0.74921875
burst,md_cbad_dqn_preview_0p85,812,94.27992904417218,31.030987511202692,63.24894156426192,1.582413680711761,17903.15267457962,1186.0016998387873,0.0,28.1,0.0,1.8,0.0,0.1920882284641266,0.0,0.0,0.00078125,0.40390625,0.5953125
burst,md_cbad_dqn_preview_0p85,813,98.1400932341069,31.942843336984517,66.19724989451467,1.5869450660888105,17878.02658405304,897.5408210903406,0.0,29.05,0.0,1.2,0.0,0.19183979779481888,0.0,0.0,0.00078125,0.2265625,0.77265625
burst,md_cbad_dqn_preview_0p85,814,95.60667367503046,31.409823859483005,64.19684985242785,1.5751320821233095,17710.75026597977,1020.7378484904766,0.0,28.5,0.0,1.2,0.0,0.19197046682238578,0.0,0.0,0.0,0.29453125,0.70546875
burst,md_cbad_dqn_preview_0p85,815,96.83476836524905,31.439050044864416,65.39571826636791,1.5853831184562295,17978.826796150206,1083.696399589628,0.0,28.8,0.0,1.15,0.0,0.19287444427609443,0.0,0.0,0.009375,0.35859375,0.63203125
burst,md_cbad_dqn_preview_0p85,816,93.09903577640652,30.728864777088166,62.37017101496458,1.5600426519755275,17447.69354944229,1019.5896147638559,0.0,27.7,0.0,0.9,0.0,0.19129121154546738,0.0,0.0,0.0,0.31953125,0.68046875
burst,md_cbad_dqn_preview_0p85,817,96.19125028885901,31.387038515135647,64.8042117908597,1.5744432983919978,17791.520836925505,1010.8350254446268,0.0,28.45,0.0,1.4,0.0,0.19072671830654145,0.0,0.0,0.0,0.30546875,0.69453125
burst,md_cbad_dqn_preview_0p85,818,97.88264491848648,31.519053522869946,66.36359156362712,1.5753613353241236,17724.308049964904,1045.4301653444768,0.0,28.95,0.0,1.65,0.0,0.1917575128376484,0.0,0.0,0.0,0.33359375,0.66640625
burst,md_cbad_dqn_preview_0p85,819,93.76895060889423,31.028292927518486,62.740657644122834,1.5703557765576988,17645.89796180725,1026.8752889633179,0.0,27.95,0.0,1.0,0.0,0.19242409914731978,0.0,0.0,0.0,0.31171875,0.68828125
burst,md_cbad_dqn_preview_1p15,800,97.10642373397947,31.096029327437282,66.01039434842765,1.5710486333351583,17710.716952323914,1054.504666158557,0.0,28.85,0.0,1.5,0.0,0.19101652950048448,0.0,0.0,0.0,0.3484375,0.6515625
burst,md_cbad_dqn_preview_1p15,801,98.9009877563268,32.52820831760764,66.37277962312103,1.5938551215920598,18205.374652481078,833.9677679687738,0.0,29.1,0.0,1.25,0.0,0.19214396178722382,0.0,0.0,0.0,0.21875,0.78125
burst,md_cbad_dqn_preview_1p15,802,96.40490474306047,32.22242538891733,64.18247932471334,1.577494780207053,17922.621029949187,847.263888412714,0.0,28.65,0.0,1.35,0.0,0.19062386229634284,0.0,0.0,0.0,0.22734375,0.77265625
burst,md_cbad_dqn_preview_1p15,803,94.81179489687085,30.534971660003066,64.27682316049933,1.5716226961929352,17384.35290813446,1095.2991198033094,0.0,28.55,0.0,1.25,0.0,0.19287349730730058,0.0,0.0,0.0,0.3375,0.6625
burst,md_cbad_dqn_preview_1p15,804,96.66478712320328,31.292788898944856,65.37199826672673,1.5761793344281614,17742.809381484985,1010.3183997824788,0.0,29.05,0.0,1.85,0.0,0.19191532209515572,0.0,0.0,0.0109375,0.3109375,0.678125
burst,md_cbad_dqn_preview_1p15,805,98.85633639067412,31.883755918964745,66.97258051268757,1.6095167969353497,18233.99130783081,1082.3259491711856,0.0,29.1,0.0,1.6,0.0,0.1903177484869957,0.0,0.0,0.0,0.33046875,0.66953125
burst,md_cbad_dqn_preview_1p15,806,99.26385798059404,32.759101742878556,66.5047561572492,1.6058361820876599,18583.819664001465,1135.1466133132576,0.0,28.85,0.0,1.55,0.0,0.19275851920247078,0.0,0.0,0.0734375,0.36484375,0.56171875
burst,md_cbad_dqn_preview_1p15,807,96.5516995292157,31.64615244343877,64.90554705411196,1.5760278522968292,17741.690343952177,939.9781690090895,0.0,28.55,0.0,1.25,0.0,0.19209270030260087,0.0,0.0,0.0,0.2625,0.7375
burst,md_cbad_dqn_preview_1p15,808,98.11231179617346,32.11594055965543,65.99637122496964,1.5799253925215453,17926.02019519806,896.0317884862422,0.0,29.0,0.0,1.15,0.0,0.1926097884774208,0.0,0.0,0.00078125,0.2390625,0.76015625
burst,md_cbad_dqn_preview_1p15,809,100.86310411058366,32.548291478678586,68.31481257006526,1.5934605601709335,18194.048580932616,908.2596961379052,0.0,29.7,0.0,1.5,0.0,0.1919977642595768,0.0,0.0,0.0,0.25078125,0.74921875
burst,md_cbad_dqn_preview_1p15,810,95.85537544049323,30.837823329493403,65.01755199030042,1.5732747985515743,17739.441658687592,1146.6377419605851,0.0,28.45,0.0,1.4,0.0,0.19178858324885367,0.0,0.0,0.01328125,0.396875,0.58984375
burst,md_cbad_dqn_preview_1p15,811,99.53166838094593,32.206019937247035,67.32564854577183,1.5881325522903353,18029.62236843109,892.744287136197,0.0,29.35,0.0,1.7,0.0,0.19096107184886932,0.0,0.0,0.0,0.24765625,0.75234375
burst,md_cbad_dqn_preview_1p15,812,93.86925128795207,30.898762783780693,62.970488571226596,1.580499277729541,17829.872669410706,1164.8838034659625,0.0,28.1,0.0,1.65,0.0,0.1920882284641266,0.0,0.0,0.0,0.39609375,0.60390625
burst,md_cbad_dqn_preview_1p15,813,98.09385322459042,31.847635689750312,66.24621748231351,1.5833990342449398,17954.004669570924,992.1981981255115,0.0,29.1,0.0,1.45,0.0,0.19183979779481888,0.0,0.0,0.003125,0.30078125,0.69609375
burst,md_cbad_dqn_preview_1p15,814,96.60300497949123,31.5118821375072,65.09112283192574,1.5826078653801232,17834.780641937257,1057.2718242764472,0.0,28.8,0.0,1.05,0.0,0.19072704538702964,0.0,0.0,0.0,0.31640625,0.68359375
burst,md_cbad_dqn_preview_1p15,815,96.9819300647825,31.445781346783043,65.53614876717329,1.5823050303384663,17863.40717687607,1056.4632121652364,0.0,28.8,0.0,0.95,0.0,0.19192850217223167,0.0,0.0,0.0,0.33125,0.66875
burst,md_cbad_dqn_preview_1p15,816,93.43585926748813,30.875784966349602,62.56007443636656,1.5612351289018989,17495.775092887878,1015.2570845872164,0.0,27.85,0.0,0.95,0.0,0.19129121154546738,0.0,0.0,0.0,0.3234375,0.6765625
burst,md_cbad_dqn_preview_1p15,817,96.73301012299956,31.17466065660119,65.5583494719863,1.5814567224122584,17801.95187110901,1092.6317147105933,0.0,28.65,0.0,1.6,0.0,0.190986081212759,0.0,0.0,0.0,0.33984375,0.66015625
burst,md_cbad_dqn_preview_1p15,818,98.9919109826535,31.379839112982154,67.61207201980054,1.585682077985257,17886.304300785065,1153.7960401654243,0.0,29.25,0.0,1.6,0.0,0.19104001224040984,0.0,0.0,0.0,0.396875,0.603125
burst,md_cbad_dqn_preview_1p15,819,93.94828579746186,31.264388890191913,62.683896911367775,1.5687105858698487,17706.28136396408,1003.7416693300008,0.0,27.95,0.0,1.05,0.0,0.19208334311842917,0.0,0.0,0.0,0.309375,0.690625
burst,standard_dqn,800,96.93589175067842,31.24413519576192,65.69175659291446,1.5693602957762778,17630.029446029665,990.224080722779,0.0,28.85,0.0,1.35,0.0,0.19192990362644197,0.0,0.0,0.00859375,0.3046875,0.68671875
burst,standard_dqn,801,103.94120704539121,34.55622324347496,69.3849838436395,1.6347767825238406,18838.360723304748,634.168539981544,0.0,29.75,0.0,0.85,0.0,0.19192809760570526,0.0,0.0,0.0328125,0.071875,0.8953125
burst,standard_dqn,802,97.94545792572201,32.99348399117589,64.95197404369712,1.5952906868420542,18078.11786260605,711.5505977123976,0.0,28.8,0.0,1.15,0.0,0.19068478122353555,0.0,0.0,0.0,0.12421875,0.87578125
burst,standard_dqn,803,97.23730033606292,32.834292182698846,64.40300805836917,1.6036855003330857,18610.778849029542,1078.3334880724549,0.0,28.5,0.0,1.1,0.0,0.1924028918147087,0.0,0.0,0.12890625,0.3421875,0.52890625
burst,standard_dqn,804,99.75719758346676,33.650617179647085,66.10658039152622,1.604576836619526,18420.178201389313,692.4111588053405,0.0,29.25,0.0,1.1,0.0,0.19259915575385095,0.0,0.0,0.03671875,0.1265625,0.83671875
burst,standard_dqn,805,100.57807256534696,32.356190209835766,68.22188237711786,1.6199425716418774,18359.187044334412,1039.565946574509,0.0,29.4,0.0,1.65,0.0,0.19009340330958366,0.0,0.0,0.00078125,0.3,0.69921875
burst,standard_dqn,806,98.58813963793219,32.57755599506199,66.01058363094926,1.6012975290883333,18366.8924243927,1065.9808845415712,0.0,28.7,0.0,1.45,0.0,0.19321633353829384,0.0,0.0,0.059375,0.31875,0.621875
burst,standard_dqn,807,97.76102939762175,32.4648051019758,65.29622424647212,1.5862051835749298,17952.55069065094,793.2016201674938,0.0,28.6,0.0,1.1,0.0,0.19185218065977097,0.0,0.0,0.0,0.1828125,0.8171875
burst,standard_dqn,808,99.20591635465622,32.81882943212986,66.38708704173565,1.5903112687636167,18087.932861804962,760.7477268755435,0.0,29.15,0.0,1.0,0.0,0.1926097884774208,0.0,0.0,0.0015625,0.16171875,0.83671875
burst,standard_dqn,809,101.40062963545321,32.899747741222384,68.50088179513811,1.599502693908289,18235.476092720033,821.0822391092777,0.0,29.7,0.0,1.15,0.0,0.19159199222922324,0.0,0.0,0.0,0.1921875,0.8078125
burst,standard_dqn,810,95.96325268357992,30.836133651062845,65.12711898446084,1.5681617177091538,17559.996808624266,1117.7566301621496,0.0,28.55,0.0,1.3,0.0,0.19211526587605476,0.0,0.0,0.003125,0.36640625,0.63046875
burst,standard_dqn,811,99.63570427000522,32.32094783969224,67.31475650295616,1.5883378153666854,18053.3175195694,855.5142493396997,0.0,29.4,0.0,1.5,0.0,0.19093716517090797,0.0,0.0,0.0,0.22890625,0.77109375
burst,standard_dqn,812,94.54031833514571,31.075992109626533,63.46432627990841,1.5853076837491245,17880.7048207283,1152.6685139071196,0.0,28.15,0.0,1.65,0.0,0.1920882284641266,0.0,0.0,0.0203125,0.3859375,0.59375
burst,standard_dqn,813,98.44886180147529,31.58047136440873,66.86839046798647,1.5900763921439647,17936.83883113861,1061.7267971098422,0.0,29.35,0.0,1.65,0.0,0.19200022742152215,0.0,0.0,0.0,0.33125,0.66875
burst,standard_dqn,814,96.1283870740235,32.064526131376624,64.06386096648872,1.5761420970316977,17856.848920059205,903.2514109373093,0.0,28.55,0.0,1.05,0.0,0.19200584441423416,0.0,0.0,0.00078125,0.24140625,0.7578125
burst,standard_dqn,815,98.33483389347792,32.20755281038582,66.12728115797043,1.595441883476451,18337.59777545929,1069.4704293269665,0.0,29.0,0.0,0.75,0.0,0.19248755499720574,0.0,0.0,0.04609375,0.35,0.60390625
burst,standard_dqn,816,93.55865715354682,30.449486627057194,63.109170531332495,1.5681249927729368,17475.921158409117,1102.7028073102235,0.0,27.85,0.0,1.1,0.0,0.19129121154546738,0.0,0.0,0.0,0.3546875,0.6453125
burst,standard_dqn,817,96.50747027911247,31.796295468509197,64.71117480576038,1.574910475127399,17786.222237300874,874.8702398091555,0.0,28.4,0.0,1.1,0.0,0.1911615662276745,0.0,0.0,0.0,0.225,0.775
burst,standard_dqn,818,98.38793900333346,32.313531341031194,66.07440768502653,1.5769061511848121,17877.885674285888,859.2421208262443,0.0,28.9,0.0,1.3,0.0,0.1916259080171585,0.0,0.0,0.0,0.2328125,0.7671875
burst,standard_dqn,819,94.98598581627012,32.0276684531942,62.958317410200834,1.572398966178298,17831.912919616698,823.3070223748684,0.0,28.05,0.0,0.85,0.0,0.1927759386599064,0.0,0.0,0.0,0.209375,0.790625
energy_limited,md_cbad_dqn_exact,800,117.67034970492125,27.400413213670255,90.26993654042482,1.4640862388536333,15713.837065696716,947.1067522376776,0.0,38.65,0.0,1.35,0.0,0.19240895733237268,0.0,0.0,0.0,0.32890625,0.67109375
energy_limited,md_cbad_dqn_exact,801,119.02122444666922,29.453508437797428,89.56771602749825,1.4919561276677995,16518.04979019165,767.6811129584909,0.0,38.1,0.0,1.2,0.0,0.19258396476507186,0.0,0.0,0.046875,0.23125,0.721875
energy_limited,md_cbad_dqn_exact,802,119.30345480948685,28.426632125675678,90.87682255752385,1.4793145014904439,16111.18787355423,870.8446849972009,0.0,38.95,0.0,1.45,0.0,0.19068478122353555,0.0,0.0,0.0,0.28671875,0.71328125
energy_limited,md_cbad_dqn_exact,803,116.56373684830965,27.786214788258075,88.77752202689648,1.4692757934797556,15782.360530853271,938.1725603587926,0.0,38.0,0.0,1.05,0.0,0.19287349730730058,0.0,0.0,0.0390625,0.31796875,0.64296875
energy_limited,md_cbad_dqn_exact,804,118.81543670535089,28.421542654559016,90.39389407873153,1.4862725069746374,16287.41965341568,1001.2202347248792,0.0,38.2,0.0,1.75,0.0,0.19290023520588875,0.0,0.0,0.0640625,0.3578125,0.578125
energy_limited,md_cbad_dqn_exact,805,117.85977102003991,28.408758287131786,89.45101279884577,1.4917202790733426,16168.133084106445,856.3092958927155,0.0,38.1,0.0,1.45,0.0,0.19218797683715821,0.0,0.0,0.0,0.2546875,0.7453125
energy_limited,md_cbad_dqn_exact,806,118.75172445431352,29.22936285585165,89.52236147329212,1.4927809074986726,16583.357479286195,972.0392335779965,0.0,38.4,0.0,1.35,0.0,0.19321633353829384,0.0,0.0,0.06796875,0.33984375,0.5921875
energy_limited,md_cbad_dqn_exact,807,118.09461640916766,28.29623483605683,89.79838156864047,1.4743783508427442,16021.4289935112,861.0294408619404,0.0,38.55,0.0,1.3,0.0,0.1920482933521271,0.0,0.0,0.0,0.28046875,0.71953125
energy_limited,md_cbad_dqn_exact,808,119.60857157133519,28.537708244472743,91.07086337268353,1.4745993431657554,16066.97956237793,844.0740597009659,0.0,39.05,0.0,1.15,0.0,0.1926097884774208,0.0,0.0,0.0,0.26875,0.73125
energy_limited,md_cbad_dqn_exact,809,122.74890618078412,29.76910357326269,92.9798026227951,1.4956905578728765,16433.111877632142,669.2878293335438,0.0,39.6,0.0,1.1,0.0,0.1933676518499851,0.0,0.0,0.0,0.1578125,0.8421875
energy_limited,md_cbad_dqn_exact,810,116.98283455327153,27.59560004286468,89.38723455250263,1.4745788640342652,15994.26888923645,1060.886665415764,0.0,38.1,0.0,1.3,0.0,0.19227258563041688,0.0,0.0,0.02890625,0.39609375,0.575
energy_limited,md_cbad_dqn_exact,811,119.16155360221862,28.393661884590983,90.76789163678885,1.4811267296317965,15965.462607479096,818.7529141545295,0.0,38.6,0.0,1.7,0.0,0.19096107184886932,0.0,0.0,0.0,0.2375,0.7625
energy_limited,md_cbad_dqn_exact,812,116.88621469728648,27.37369397357106,89.51252057135105,1.500640331208706,16283.727238559723,1207.2129649192095,0.0,38.6,0.0,1.95,0.0,0.1920882284641266,0.0,0.0,0.0,0.46796875,0.53203125
energy_limited,md_cbad_dqn_exact,813,118.3915996850282,27.772075149416924,90.6195245281607,1.4785790361929685,15987.425930404663,958.8581012487411,0.0,38.65,0.0,1.45,0.0,0.19169784635305404,0.0,0.0,0.0,0.33671875,0.66328125
energy_limited,md_cbad_dqn_exact,814,117.12510084867476,27.945564468577505,89.17953644305467,1.472437279112637,15859.640456676483,933.3352937817574,0.0,38.25,0.0,1.1,0.0,0.19197046682238578,0.0,0.0,0.00078125,0.29921875,0.7
energy_limited,md_cbad_dqn_exact,815,119.23211950145662,28.455331966653468,90.77678763836623,1.4775408770423382,16096.304655075073,828.1515026658774,0.0,39.2,0.0,0.75,0.0,0.19287444427609443,0.0,0.0,0.003125,0.2625,0.734375
energy_limited,md_cbad_dqn_exact,816,114.20184661738574,27.106264908611774,87.09558170169592,1.4592146278824658,15650.605568790435,965.8294446259737,0.0,37.55,0.0,0.9,0.0,0.19159540235996247,0.0,0.0,0.0,0.34375,0.65625
energy_limited,md_cbad_dqn_exact,817,118.21017716579141,27.77033906020224,90.43983790814876,1.4796837016008795,15951.188216781617,911.4858010828495,0.0,39.15,0.0,1.2,0.0,0.19107408672571183,0.0,0.0,0.0,0.2890625,0.7109375
energy_limited,md_cbad_dqn_exact,818,117.72909271337092,27.43587559238076,90.29321708001197,1.4726803437341005,15820.45494775772,1033.1319017350675,0.0,38.6,0.0,1.75,0.0,0.1917575128376484,0.0,0.0,0.0,0.378125,0.621875
energy_limited,md_cbad_dqn_exact,819,116.57278694264592,27.693095786124466,88.8796911520511,1.472039395943284,15881.366860485077,942.396104696393,0.0,38.15,0.0,1.0,0.0,0.1927759386599064,0.0,0.0,0.0,0.31875,0.68125
energy_limited,md_cbad_dqn_preview_0p85,800,117.89729239165783,27.310442765802144,90.58684962883592,1.4799908607732504,15962.734314918518,1083.6005406588315,0.0,38.75,0.0,1.5,0.0,0.1919506959617138,0.0,0.0,0.0,0.4046875,0.5953125
energy_limited,md_cbad_dqn_preview_0p85,801,118.67323385410012,29.18635553754866,89.4868783299625,1.4882358566857874,16362.082576179504,762.830479376018,0.0,38.0,0.0,1.25,0.0,0.19319853708148002,0.0,0.0,0.028125,0.22109375,0.75078125
energy_limited,md_cbad_dqn_preview_0p85,802,119.90486971996725,28.75529463067651,91.14957512579858,1.4805018635001033,16244.698918628692,857.5586118638515,0.0,39.0,0.0,1.55,0.0,0.19062386229634284,0.0,0.0,0.0,0.2875,0.7125
energy_limited,md_cbad_dqn_preview_0p85,803,116.41560519479215,27.10012890473008,89.31547634258865,1.4726464023813606,15744.05157699585,1059.798905956,0.0,38.1,0.0,1.4,0.0,0.19287349730730058,0.0,0.0,0.00546875,0.3890625,0.60546875
energy_limited,md_cbad_dqn_preview_0p85,804,118.0160855510831,27.721560234203935,90.29452534258365,1.4801782140508295,16052.49815158844,1036.4581624723971,0.0,38.2,0.0,1.95,0.0,0.19290023520588875,0.0,0.0,0.02265625,0.3828125,0.59453125
energy_limited,md_cbad_dqn_preview_0p85,805,117.47007430881263,28.20282528679818,89.26724917158484,1.49336494281888,16092.936966705322,897.227552703023,0.0,38.05,0.0,1.4,0.0,0.1914783351123333,0.0,0.0,0.0,0.26640625,0.73359375
energy_limited,md_cbad_dqn_preview_0p85,806,120.166329382658,30.656831204518674,89.50949810922147,1.505846374714747,17115.794944381712,844.0262554503977,0.0,38.4,0.0,1.3,0.0,0.19321633353829384,0.0,0.0,0.11328125,0.26875,0.61796875
energy_limited,md_cbad_dqn_preview_0p85,807,118.97227572441102,28.885380218550562,90.08689542800188,1.4802306490950286,16119.237949943543,744.095917826891,0.0,38.6,0.0,1.05,0.0,0.19209270030260087,0.0,0.0,0.0,0.20546875,0.79453125
energy_limited,md_cbad_dqn_preview_0p85,808,119.7144808190316,28.602692089416088,91.11178875997663,1.4764336698222906,16111.212861442566,851.6025842428207,0.0,39.1,0.0,1.35,0.0,0.19237195923924447,0.0,0.0,0.00078125,0.2703125,0.72890625
energy_limited,md_cbad_dqn_preview_0p85,809,121.26373942553997,28.92490042410791,92.33883906364441,1.4849701709579677,16250.58398656845,821.7143566787242,0.0,39.35,0.0,1.4,0.0,0.1919977642595768,0.0,0.0,0.0,0.25078125,0.74921875
energy_limited,md_cbad_dqn_preview_0p85,810,116.73169998027383,27.365005030483008,89.36669509395958,1.4588398547377437,15647.650039100647,939.1790120631456,0.0,38.2,0.0,1.1,0.0,0.19227258563041688,0.0,0.0,0.0,0.3234375,0.6765625
energy_limited,md_cbad_dqn_preview_0p85,811,119.13947871044279,28.30153585374355,90.83794275313616,1.479080528113991,15986.280739402771,873.6012587815524,0.0,38.65,0.0,1.9,0.0,0.19203855469822884,0.0,0.0,0.0,0.2734375,0.7265625
energy_limited,md_cbad_dqn_preview_0p85,812,117.02041765525937,27.562340297922493,89.45807726159691,1.4887408186215907,16219.707381343842,1147.7433919698,0.0,38.6,0.0,1.9,0.0,0.19278645738959313,0.0,0.0,0.0,0.4421875,0.5578125
energy_limited,md_cbad_dqn_preview_0p85,813,118.91880174472928,28.408645828440786,90.51015590585769,1.4780145266558975,15952.455393314362,815.5891433693469,0.0,38.6,0.0,1.35,0.0,0.19183979779481888,0.0,0.0,0.0015625,0.2375,0.7609375
energy_limited,md_cbad_dqn_preview_0p85,814,116.9558585112542,27.767373885586856,89.18848448857665,1.4726557526737452,15837.091389083862,940.4392768710852,0.0,38.35,0.0,1.15,0.0,0.1921501949429512,0.0,0.0,0.0,0.30546875,0.69453125
energy_limited,md_cbad_dqn_preview_0p85,815,118.55351854622363,27.899625964835288,90.6538925921917,1.4901308276690544,16254.137596130371,1071.632934629172,0.0,39.1,0.0,1.15,0.0,0.19287444427609443,0.0,0.0,0.02421875,0.4015625,0.57421875
energy_limited,md_cbad_dqn_preview_0p85,816,114.3056086539477,27.155054757744075,87.15055383250117,1.459730572020635,15626.033633995055,953.6893373459577,0.0,37.65,0.0,0.9,0.0,0.1924306869506836,0.0,0.0,0.0,0.33203125,0.66796875
energy_limited,md_cbad_dqn_preview_0p85,817,118.27000958502292,27.94075297936797,90.32925655052067,1.4764582911971957,16055.971940898895,935.5391547709703,0.0,39.1,0.0,1.2,0.0,0.19150148704648018,0.0,0.0,0.0,0.3203125,0.6796875
energy_limited,md_cbad_dqn_preview_0p85,818,117.30649392649532,27.573376639187337,89.73311747021974,1.4671059927437455,15774.953927516937,956.3626521945,0.0,38.5,0.0,1.55,0.0,0.1917575128376484,0.0,0.0,0.0,0.334375,0.665625
energy_limited,md_cbad_dqn_preview_0p85,819,116.44730168819429,27.602050287276505,88.84525127723813,1.4745251260697843,15890.41431388855,973.2479320198297,0.0,38.1,0.0,1.0,0.0,0.1927759386599064,0.0,0.0,0.0,0.33046875,0.66953125
energy_limited,md_cbad_dqn_preview_1p15,800,117.69938722401858,27.442810528725385,90.25657678060233,1.4673202024772762,15825.047069168091,988.5584458321333,0.0,38.7,0.0,1.4,0.0,0.1919506959617138,0.0,0.0,0.0,0.36171875,0.63828125
energy_limited,md_cbad_dqn_preview_1p15,801,118.57826255306603,29.064118606969714,89.51414393752813,1.4872194968629628,16278.784329986573,695.6161743879318,0.0,38.05,0.0,1.1,0.0,0.19258396476507186,0.0,0.0,0.0,0.184375,0.815625
energy_limited,md_cbad_dqn_preview_1p15,802,120.17793041996659,28.991529270634054,91.18640122942627,1.4822486394550651,16191.889641475678,750.0363411396742,0.0,39.1,0.0,1.35,0.0,0.19124687388539313,0.0,0.0,0.0,0.2140625,0.7859375
energy_limited,md_cbad_dqn_preview_1p15,803,116.31823278948664,26.995887341722845,89.32234560087323,1.468803175445646,15599.3003616333,1038.4725145101547,0.0,38.15,0.0,1.3,0.0,0.19201093912124634,0.0,0.0,0.0,0.3671875,0.6328125
energy_limited,md_cbad_dqn_preview_1p15,804,117.92973097354175,27.715014019608496,90.21471696957946,1.4758955541066825,15853.399381732941,955.0451919957995,0.0,38.35,0.0,1.85,0.0,0.19290023520588875,0.0,0.0,0.0296875,0.3171875,0.653125
energy_limited,md_cbad_dqn_preview_1p15,805,117.23175489604473,27.740068289265036,89.49168646000325,1.506223227037117,16269.154514312744,1030.2332169204951,0.0,38.1,0.0,1.6,0.0,0.19174470156431198,0.0,0.0,0.0,0.35703125,0.64296875
energy_limited,md_cbad_dqn_preview_1p15,806,120.51666181921959,29.911837692931293,90.60482403315604,1.5127592695411294,17087.826166534425,1065.1548514917492,0.0,38.8,0.0,1.5,0.0,0.1924532175064087,0.0,0.0,0.11328125,0.3875,0.49921875
energy_limited,md_cbad_dqn_preview_1p15,807,117.87708586484193,28.23360775001347,89.64347796916962,1.4746562739368527,15971.463815879823,861.1055433094501,0.0,38.5,0.0,1.25,0.0,0.19209270030260087,0.0,0.0,0.00078125,0.27265625,0.7265625
energy_limited,md_cbad_dqn_preview_1p15,808,119.64471496909857,28.710336235165595,90.93437879726291,1.4781416894868016,16119.187962722779,811.7594410866499,0.0,39.1,0.0,1.15,0.0,0.1926097884774208,0.0,0.0,0.0015625,0.24375,0.7546875
energy_limited,md_cbad_dqn_preview_1p15,809,121.11921326205133,28.824811747297645,92.29440166115761,1.4843814188614488,16224.288808631896,832.9950901925564,0.0,39.25,0.0,1.45,0.0,0.19281353056430817,0.0,0.0,0.0,0.25625,0.74375
energy_limited,md_cbad_dqn_preview_1p15,810,117.26241153448821,27.470990792661905,89.79142073363066,1.4822798176202923,16098.952684783935,1116.8491836071014,0.0,38.2,0.0,1.45,0.0,0.19227258563041688,0.0,0.0,0.02421875,0.434375,0.54140625
energy_limited,md_cbad_dqn_preview_1p15,811,118.988704938218,28.4413001652807,90.5474046999216,1.478186252573505,16007.947513008117,809.369835460186,0.0,38.6,0.0,1.6,0.0,0.19135271161794662,0.0,0.0,0.0,0.24296875,0.75703125
energy_limited,md_cbad_dqn_preview_1p15,812,116.7413635982573,27.442138788849114,89.29922488987447,1.490401452081278,16204.003355884552,1143.7439872950315,0.0,38.55,0.0,1.85,0.0,0.1920882284641266,0.0,0.0,0.0,0.440625,0.559375
energy_limited,md_cbad_dqn_preview_1p15,813,118.91530755303799,28.155420802161096,90.75988679669798,1.4794173064175993,16122.736850643158,954.6825051859021,0.0,38.7,0.0,1.6,0.0,0.19183979779481888,0.0,0.0,0.0046875,0.34296875,0.65234375
energy_limited,md_cbad_dqn_preview_1p15,814,116.94953004062177,27.80475177653134,89.14477820560336,1.4732204293832183,15872.687944412231,945.2768275648356,0.0,38.15,0.0,1.05,0.0,0.19197046682238578,0.0,0.0,0.0,0.30859375,0.69140625
energy_limited,md_cbad_dqn_preview_1p15,815,118.28961758866906,27.688804237917065,90.60081328108906,1.4777755208779126,15980.944870376587,981.597969815135,0.0,39.2,0.0,0.95,0.0,0.19248755499720574,0.0,0.0,0.0,0.3484375,0.6515625
energy_limited,md_cbad_dqn_preview_1p15,816,114.4275504297763,27.119230464100838,87.30832012102007,1.4600270182825625,15617.231657409668,953.0638910859823,0.0,37.9,0.0,0.9,0.0,0.19096963629126548,0.0,0.0,0.00078125,0.33203125,0.6671875
energy_limited,md_cbad_dqn_preview_1p15,817,118.19018472142518,27.48849412947893,90.70169048130512,1.48503982485272,16031.406515884399,1050.6658853203057,0.0,39.2,0.0,1.45,0.0,0.19072671830654145,0.0,0.0,0.0,0.3703125,0.6296875
energy_limited,md_cbad_dqn_preview_1p15,818,118.2576629111916,27.357647164724767,90.90001588635147,1.4840375398285688,16028.34339799881,1126.5116510689259,0.0,38.75,0.0,1.7,0.0,0.19104001224040984,0.0,0.0,0.0,0.4375,0.5625
energy_limited,md_cbad_dqn_preview_1p15,819,116.36263008952142,27.691448555327952,88.67118171952664,1.4710265959613025,15896.339545917512,959.0001566261053,0.0,38.05,0.0,1.0,0.0,0.19242409914731978,0.0,0.0,0.0,0.3296875,0.6703125
energy_limited,standard_dqn,800,117.81755170866847,27.604475994035603,90.21307576753199,1.4673160664271563,15779.442718315124,928.1496274285018,0.0,38.7,0.0,1.25,0.0,0.19240895733237268,0.0,0.0,0.01640625,0.31796875,0.665625
energy_limited,standard_dqn,801,125.39345322765409,31.648529624193905,93.74492346152664,1.5436200639698654,17143.774069976807,491.5987860694528,0.0,39.75,0.0,0.7,0.0,0.19413160234689714,0.0,0.0,0.0375,0.02265625,0.93984375
energy_limited,standard_dqn,802,122.36237151414157,30.08306296207011,92.27930849023163,1.5072992395143956,16432.59562997818,590.3188030004501,0.0,39.35,0.0,0.95,0.0,0.19252266064286233,0.0,0.0,0.0,0.090625,0.909375
energy_limited,standard_dqn,803,119.51550200499594,29.866798875108362,89.6487033161521,1.5147335274145006,17135.14680900574,1038.2601479627192,0.0,38.15,0.0,1.15,0.0,0.19287349730730058,0.0,0.0,0.15625,0.375,0.46875
energy_limited,standard_dqn,804,122.45801898635924,30.821159275621177,91.63685964405536,1.5152137012220919,16739.904633426668,552.3503597773612,0.0,38.8,0.0,1.05,0.0,0.19290023520588875,0.0,0.0,0.0546875,0.07578125,0.86953125
energy_limited,standard_dqn,805,118.61623614557088,28.324591379612684,90.29164479799569,1.513551659602672,16406.88487329483,990.3897161900998,0.0,38.2,0.0,1.85,0.0,0.19210346788167953,0.0,0.0,0.0,0.3203125,0.6796875
energy_limited,standard_dqn,806,119.6200952152163,29.781038323789836,89.83905680537224,1.5051493829116225,16865.54697532654,981.5572078868747,0.0,38.6,0.0,1.35,0.0,0.19321633353829384,0.0,0.0,0.1015625,0.33359375,0.56484375
energy_limited,standard_dqn,807,119.34994618356227,29.177724833413958,90.17222136914731,1.486881756503135,16143.827453231812,697.0137148171664,0.0,38.6,0.0,1.0,0.0,0.1928681492805481,0.0,0.0,0.0,0.1640625,0.8359375
energy_limited,standard_dqn,808,121.36679640039802,29.60839336607605,91.75840321481228,1.494269978394732,16316.016070079804,638.0279833734036,0.0,39.35,0.0,0.8,0.0,0.19284197986125945,0.0,0.0,0.0015625,0.1296875,0.86875
energy_limited,standard_dqn,809,122.56029400095345,29.555318270251156,93.00497581079603,1.496027111262083,16328.171506404877,678.010126966238,0.0,39.6,0.0,1.05,0.0,0.1931212030351162,0.0,0.0,0.0,0.153125,0.846875
energy_limited,standard_dqn,810,116.6964229797572,27.05427716001868,89.64214578919112,1.4661758807953447,15746.383213043213,1065.6216433092952,0.0,38.2,0.0,1.35,0.0,0.19211526587605476,0.0,0.0,0.00234375,0.396875,0.60078125
energy_limited,standard_dqn,811,119.20432534635067,28.621398711577058,90.58292667239905,1.4787174498196691,16029.804573249818,769.3667654305697,0.0,38.65,0.0,1.6,0.0,0.19198724254965782,0.0,0.0,0.00078125,0.2203125,0.77890625
energy_limited,standard_dqn,812,117.4281544917822,27.744467766210438,89.68368674233555,1.4944689437747,16268.608204746246,1131.2735056135803,0.0,38.7,0.0,1.7,0.0,0.19224330335855483,0.0,0.0,0.028125,0.43046875,0.54140625
energy_limited,standard_dqn,813,119.6140082836151,27.87458262704313,91.739425695315,1.4925470090005546,16159.690986061096,1062.4884983181953,0.0,38.95,0.0,1.8,0.0,0.19227656722068787,0.0,0.0,0.0,0.38828125,0.61171875
energy_limited,standard_dqn,814,117.78499498687684,28.502885930240154,89.28210903465748,1.4723196028731764,15988.474015426636,821.5021244496107,0.0,38.25,0.0,0.8,0.0,0.1921501949429512,0.0,0.0,0.0,0.24609375,0.75390625
energy_limited,standard_dqn,815,120.39375966668129,28.892694841325284,91.50106478884817,1.5013350632973015,16696.813578987123,1051.6901955019682,0.0,39.25,0.0,0.8,0.0,0.19248755499720574,0.0,0.0,0.07265625,0.39609375,0.53125
energy_limited,standard_dqn,816,114.56227389365435,26.863784207776188,87.69848974138498,1.470535935414955,15721.334960365295,1071.344853451848,0.0,37.8,0.0,1.3,0.0,0.19160798490047454,0.0,0.0,0.0,0.39296875,0.60703125
energy_limited,standard_dqn,817,120.32643326677382,28.94532328695059,91.38110984161497,1.4822215104475618,16119.682366085053,728.545086658001,0.0,39.45,0.0,1.0,0.0,0.19198180213570595,0.0,0.0,0.0,0.18515625,0.81484375
energy_limited,standard_dqn,818,118.58448413424193,28.573896330967546,90.01058788113296,1.4691790603566914,15943.506478500367,784.354903382063,0.0,38.6,0.0,1.15,0.0,0.19320783838629724,0.0,0.0,0.0,0.23828125,0.76171875
energy_limited,standard_dqn,819,118.3545112222433,28.914048227854074,89.44046285897494,1.4763416745699942,16074.84562473297,699.9880537211895,0.0,38.35,0.0,0.8,0.0,0.1927759386599064,0.0,0.0,0.0,0.18046875,0.81953125
link_limited,md_cbad_dqn_exact,800,101.48076406925917,31.110549729317427,70.37021426394583,1.6803199757356198,19450.331839942934,618.7032165169716,0.0,30.25,0.0,0.95,0.0,0.1924587905406952,0.0,0.0,0.00078125,0.128125,0.87109375
link_limited,md_cbad_dqn_exact,801,106.06360719569027,33.55913097336888,72.50447620928288,1.7220669949892908,20648.45366449356,553.1736982814967,0.0,30.7,0.0,0.75,0.0,0.19319853708148002,0.0,0.0,0.08515625,0.0890625,0.82578125
link_limited,md_cbad_dqn_exact,802,101.3511214902997,31.841738557443023,69.50938290566206,1.6988477831706406,19849.236467266084,609.0026266634464,0.0,30.15,0.0,1.05,0.0,0.19153287410736083,0.0,0.0,0.0,0.11328125,0.88671875
link_limited,md_cbad_dqn_exact,803,99.95992085956037,32.02062477469444,67.93929616048932,1.6851346149109303,19738.41234254837,603.7022389318794,0.0,29.8,0.0,0.5,0.0,0.19367759302258492,0.0,0.0,0.06875,0.115625,0.815625
link_limited,md_cbad_dqn_exact,804,103.19531866222621,32.50283695347607,70.69248162418604,1.7080836195033045,20235.432099056245,634.5666965484619,0.0,30.45,0.0,1.0,0.0,0.19290023520588875,0.0,0.0,0.08046875,0.13984375,0.7796875
link_limited,md_cbad_dqn_exact,805,101.63041532389819,32.00497989915311,69.62543545678258,1.7145389386918395,20090.516076374053,612.0149954110384,0.0,29.9,0.0,0.9,0.0,0.19208426028490067,0.0,0.0,0.0,0.10234375,0.89765625
link_limited,md_cbad_dqn_exact,806,101.97338624812663,33.020057344064114,68.95332891225816,1.7071832345798612,20367.830813694,633.6455198898911,0.0,29.55,0.0,1.0,0.0,0.19345005601644516,0.0,0.0,0.08828125,0.13125,0.78046875
link_limited,md_cbad_dqn_exact,807,102.41318507239222,31.857449600473046,70.55573543503881,1.6943285799585284,19742.678261470795,594.1983925014734,0.0,29.9,0.0,0.9,0.0,0.1928681492805481,0.0,0.0,0.0,0.09765625,0.90234375
link_limited,md_cbad_dqn_exact,808,103.54924747362733,31.9577948320657,71.59145274475216,1.6951737435534597,19793.831335926057,586.976134583354,0.0,30.8,0.0,0.65,0.0,0.19378030747175218,0.0,0.0,0.00078125,0.090625,0.90859375
link_limited,md_cbad_dqn_exact,809,105.53317735090852,32.67604531832039,72.85713210001589,1.7077815152239055,20073.866098976134,529.9824961364269,0.0,31.1,0.0,0.85,0.0,0.1933676518499851,0.0,0.0,0.0,0.053125,0.946875
link_limited,md_cbad_dqn_exact,810,101.64923506185411,31.86381249204278,69.78542261153459,1.6946859004441648,19908.247219467165,680.5739956758916,0.0,30.1,0.0,0.6,0.0,0.19229903370141982,0.0,0.0,0.06328125,0.1671875,0.76953125
link_limited,md_cbad_dqn_exact,811,104.07385874681174,31.858097810670735,72.21576095327734,1.7028004320338368,19871.196922302246,575.2341233193874,0.0,30.55,0.0,1.1,0.0,0.19174859225749968,0.0,0.0,0.0,0.08984375,0.91015625
link_limited,md_cbad_dqn_exact,812,100.04759702913464,31.152051625028253,68.89554541006684,1.7320906082168221,20276.31878128052,795.4139214128256,0.0,29.75,0.0,1.2,0.0,0.19385460242629052,0.0,0.0,0.0,0.23203125,0.76796875
link_limited,md_cbad_dqn_exact,813,102.34549247205258,31.412022939696907,70.9334695532173,1.6991601915098726,19766.59516057968,650.8875433057547,0.0,30.45,0.0,0.9,0.0,0.19340190514922143,0.0,0.0,0.0,0.13828125,0.86171875
link_limited,md_cbad_dqn_exact,814,100.76069255404175,31.600402016937732,69.16029055759311,1.6876896483823658,19623.756462574005,625.094369699061,0.0,29.75,0.0,0.65,0.0,0.19209640249609947,0.0,0.0,0.00234375,0.11640625,0.88125
link_limited,md_cbad_dqn_exact,815,101.74987028501928,32.04379113465548,69.70607922375203,1.69634180967696,19855.64379787445,575.3066680837422,0.0,30.15,0.0,0.5,0.0,0.19287444427609443,0.0,0.0,0.009375,0.0875,0.903125
link_limited,md_cbad_dqn_exact,816,97.72878878101707,30.740963328629732,66.98782543450594,1.6732026055455207,19323.398375988007,650.4178060323,0.0,29.05,0.0,0.65,0.0,0.192550165951252,0.0,0.0,0.0,0.14609375,0.85390625
link_limited,md_cbad_dqn_exact,817,102.59657727241515,31.55051288306713,71.04606441169977,1.709177777171135,19930.443524360657,645.3260689020157,0.0,30.55,0.0,0.75,0.0,0.19202126935124397,0.0,0.0,0.0,0.12578125,0.87421875
link_limited,md_cbad_dqn_exact,818,101.78868292719126,31.08847489953041,70.70020800717175,1.693292572395876,19619.374267005922,689.547847506404,0.0,30.0,0.0,0.9,0.0,0.19279746040701867,0.0,0.0,0.0,0.17109375,0.82890625
link_limited,md_cbad_dqn_exact,819,99.3445143699646,31.39871629141271,67.94579808712005,1.6912405124399812,19679.336782836916,628.3511161386966,0.0,29.55,0.0,0.8,0.0,0.19291035011410712,0.0,0.0,0.0,0.12109375,0.87890625
link_limited,md_cbad_dqn_preview_0p85,800,101.28284368611872,30.88953530937433,70.39330831304193,1.6918657914735378,19546.79921474457,685.0239240854978,0.0,30.15,0.0,1.05,0.0,0.19240895733237268,0.0,0.0,0.0,0.16484375,0.83515625
link_limited,md_cbad_dqn_preview_0p85,801,104.89754225604236,32.87295359373093,72.02458864480258,1.714534674026072,20333.917263889314,550.1052691571415,0.0,30.6,0.0,0.8,0.0,0.19363974407315254,0.0,0.0,0.04609375,0.07890625,0.875
link_limited,md_cbad_dqn_preview_0p85,802,101.55999097816647,32.0170609164983,69.54293014883996,1.6991648821160197,19876.438722610474,604.0659289330245,0.0,30.15,0.0,1.05,0.0,0.19153287410736083,0.0,0.0,0.0,0.109375,0.890625
link_limited,md_cbad_dqn_preview_0p85,803,99.21569411672651,30.89762105345726,68.31807308971881,1.689825902506709,19524.07313861847,684.8031123884023,0.0,29.85,0.0,0.7,0.0,0.19367759302258492,0.0,0.0,0.01640625,0.16484375,0.81875
link_limited,md_cbad_dqn_preview_0p85,804,102.03553418993951,31.687264158204197,70.34827014014125,1.7055788221769035,19977.19854402542,662.2110561862588,0.0,30.4,0.0,1.25,0.0,0.19290023520588875,0.0,0.0,0.03828125,0.1578125,0.80390625
link_limited,md_cbad_dqn_preview_0p85,805,101.73192947082222,32.02365547269583,69.70827399328351,1.712351274676621,20070.67383623123,618.5997472554445,0.0,29.95,0.0,0.95,0.0,0.1920203983783722,0.0,0.0,0.0,0.1078125,0.8921875
link_limited,md_cbad_dqn_preview_0p85,806,103.24017014406623,34.43993786238134,68.80023232787848,1.7114695861004292,20861.388058948516,557.5514172524214,0.0,29.55,0.0,0.75,0.0,0.19363948553800583,0.0,0.0,0.13515625,0.0890625,0.77578125
link_limited,md_cbad_dqn_preview_0p85,807,102.6684879873693,32.09564528763294,70.57284276679158,1.69640181963332,19795.075208187103,563.3726531296968,0.0,29.9,0.0,0.9,0.0,0.1927506536245346,0.0,0.0,0.0,0.07734375,0.92265625
link_limited,md_cbad_dqn_preview_0p85,808,103.58809283457697,32.110692808777095,71.4774000529945,1.6956096755340695,19822.811133098603,571.1240608453751,0.0,30.8,0.0,0.6,0.0,0.19378030747175218,0.0,0.0,0.00234375,0.0796875,0.91796875
link_limited,md_cbad_dqn_preview_0p85,809,105.5591595170647,32.44366781115532,73.11549167722464,1.7076648344751448,20072.028978157043,569.1373614311218,0.0,31.2,0.0,0.9,0.0,0.1931212030351162,0.0,0.0,0.0,0.0828125,0.9171875
link_limited,md_cbad_dqn_preview_0p85,810,100.67495602287352,31.098233147710562,69.57672284945845,1.676726312749088,19423.00980234146,623.6264223188161,0.0,30.2,0.0,0.65,0.0,0.19227258563041688,0.0,0.0,0.0,0.1265625,0.8734375
link_limited,md_cbad_dqn_preview_0p85,811,103.7257013182342,31.716836301609874,72.00886506691575,1.700976430810988,19848.26749448776,594.1210727214814,0.0,30.45,0.0,1.15,0.0,0.19203855469822884,0.0,0.0,0.0,0.1015625,0.8984375
link_limited,md_cbad_dqn_preview_0p85,812,100.21744247987866,31.21250826790929,69.00493430733681,1.7206499485298992,20136.150362586974,760.2775963313877,0.0,29.65,0.0,1.25,0.0,0.19385460242629052,0.0,0.0,0.0015625,0.2109375,0.7875
link_limited,md_cbad_dqn_preview_0p85,813,102.43595134161413,31.963186277076602,70.47276516027749,1.6921748333144933,19720.46352586746,571.0850754290819,0.0,30.45,0.0,0.75,0.0,0.19423259571194648,0.0,0.0,0.00859375,0.08046875,0.9109375
link_limited,md_cbad_dqn_preview_0p85,814,100.5006809257716,31.40169499181211,69.09898584157229,1.6890395265538245,19595.5392952919,644.5540043950081,0.0,29.75,0.0,0.7,0.0,0.1920646272599697,0.0,0.0,0.0,0.12265625,0.87734375
link_limited,md_cbad_dqn_preview_0p85,815,102.42520837001503,32.24726900607347,70.17793951630593,1.7214272576849907,20321.091191864012,689.5612200271338,0.0,30.35,0.0,0.5,0.0,0.19288468956947327,0.0,0.0,0.0515625,0.17109375,0.77734375
link_limited,md_cbad_dqn_preview_0p85,816,97.70449101462961,30.74439321011305,66.96009776502848,1.674425194086507,19331.745125102996,644.6651934355498,0.0,29.0,0.0,0.65,0.0,0.192550165951252,0.0,0.0,0.0,0.14296875,0.85703125
link_limited,md_cbad_dqn_preview_0p85,817,102.43360954470931,31.62413695640862,70.80947269707919,1.7058203571476043,19944.16690273285,642.2848036937415,0.0,30.45,0.0,0.75,0.0,0.19198180213570595,0.0,0.0,0.0015625,0.128125,0.8703125
link_limited,md_cbad_dqn_preview_0p85,818,101.46407065406441,31.12125357836485,70.34281708873809,1.6846675558947026,19518.742868423462,662.6912293225527,0.0,29.9,0.0,0.95,0.0,0.19279746040701867,0.0,0.0,0.0,0.15546875,0.84453125
link_limited,md_cbad_dqn_preview_0p85,819,99.32912291623651,31.32985157035291,67.99927125573159,1.6922557854093612,19671.103087425232,639.8096081256866,0.0,29.55,0.0,0.8,0.0,0.19291035011410712,0.0,0.0,0.0,0.125,0.875
link_limited,md_cbad_dqn_preview_1p15,800,101.83691089995206,31.107032510265707,70.72987838968635,1.6844505165237933,19496.196758079528,629.9251482516527,0.0,30.45,0.0,0.95,0.0,0.1919506959617138,0.0,0.0,0.0,0.1359375,0.8640625
link_limited,md_cbad_dqn_preview_1p15,801,104.06438918255269,32.351690924167634,71.71269829899073,1.7061853201128543,20075.58762216568,537.0270339623094,0.0,30.55,0.0,0.75,0.0,0.19363974407315254,0.0,0.0,0.003125,0.0671875,0.9296875
link_limited,md_cbad_dqn_preview_1p15,802,101.67691964372992,32.164202959463,69.51271659970283,1.699757818924263,19877.997672843932,558.2533380240202,0.0,30.2,0.0,0.95,0.0,0.19232023358345032,0.0,0.0,0.00078125,0.075,0.92421875
link_limited,md_cbad_dqn_preview_1p15,803,99.1056057459861,30.663064993172885,68.44254078224301,1.6836973122786731,19381.19341211319,657.5723686367273,0.0,29.95,0.0,0.65,0.0,0.19388239905238153,0.0,0.0,0.0,0.14375,0.85625
link_limited,md_cbad_dqn_preview_1p15,804,102.21941929891706,31.71636748574674,70.5030516563356,1.6996686785947532,19861.102946186067,620.4020048722625,0.0,30.5,0.0,1.1,0.0,0.19290023520588875,0.0,0.0,0.03359375,0.128125,0.83828125
link_limited,md_cbad_dqn_preview_1p15,805,101.66578119501472,31.830391782149672,69.8353895369172,1.7307738568633795,20284.607360363007,696.9432968229055,0.0,29.85,0.0,1.05,0.0,0.19200790375471116,0.0,0.0,0.0,0.16015625,0.83984375
link_limited,md_cbad_dqn_preview_1p15,806,103.73582796938717,34.117208138853314,69.6186198323965,1.725384322134778,21034.743414211272,677.477480328828,0.0,29.85,0.0,0.9,0.0,0.19345005601644516,0.0,0.0,0.14375,0.1640625,0.6921875
link_limited,md_cbad_dqn_preview_1p15,807,102.4082870644331,31.875604047626258,70.5326830458641,1.6939948461949825,19738.094321727753,588.9997342616319,0.0,29.9,0.0,0.9,0.0,0.19326547309756278,0.0,0.0,0.0015625,0.09453125,0.90390625
link_limited,md_cbad_dqn_preview_1p15,808,103.70080851890148,32.3228110935539,71.37799741119146,1.6962154680863022,19892.174373149872,562.5630205847323,0.0,30.75,0.0,0.65,0.0,0.19378030747175218,0.0,0.0,0.01484375,0.0765625,0.90859375
link_limited,md_cbad_dqn_preview_1p15,809,105.27727393746378,32.34757614471018,72.92969779014587,1.7060164530295878,20022.915445899962,573.5111518025399,0.0,31.15,0.0,0.95,0.0,0.19346696734428406,0.0,0.0,0.0,0.08359375,0.91640625
link_limited,md_cbad_dqn_preview_1p15,810,101.69257255114614,31.490573090314864,70.20199963927269,1.704813232831657,19960.974848556518,735.4648065209389,0.0,30.2,0.0,0.7,0.0,0.19227258563041688,0.0,0.0,0.04140625,0.20625,0.75234375
link_limited,md_cbad_dqn_preview_1p15,811,104.36434645980596,31.761961171776058,72.6023854087293,1.7055725965183228,19903.22999153137,594.709531313181,0.0,30.6,0.0,1.15,0.0,0.19169728010892867,0.0,0.0,0.0,0.1046875,0.8953125
link_limited,md_cbad_dqn_preview_1p15,812,100.0313761820644,31.253874353691934,68.7775016592443,1.7212985180784017,20171.54712600708,742.0964114703238,0.0,29.75,0.0,1.25,0.0,0.19385460242629052,0.0,0.0,0.00078125,0.20703125,0.7921875
link_limited,md_cbad_dqn_preview_1p15,813,102.87984643235802,32.09951226003468,70.78033423863351,1.6966691660694777,19954.45821094513,627.025399441272,0.0,30.55,0.0,0.8,0.0,0.19423259571194648,0.0,0.0,0.0375,0.1296875,0.8328125
link_limited,md_cbad_dqn_preview_1p15,814,101.10304287269712,31.4701800506562,69.63286281347276,1.6930517916567625,19680.728622341157,654.3155113220215,0.0,29.9,0.0,0.65,0.0,0.19197046682238578,0.0,0.0,0.0,0.134375,0.865625
link_limited,md_cbad_dqn_preview_1p15,815,102.02602568604053,31.6249104373157,70.40111516863108,1.708366595255211,19894.43271551132,673.9791607350111,0.0,30.55,0.0,0.55,0.0,0.19287444427609443,0.0,0.0,0.00078125,0.14765625,0.8515625
link_limited,md_cbad_dqn_preview_1p15,816,97.87035898588599,30.84190773330629,67.02845122426749,1.6739290814846755,19351.167301273344,649.102985111624,0.0,29.1,0.0,0.65,0.0,0.19264752343297004,0.0,0.0,0.003125,0.146875,0.85
link_limited,md_cbad_dqn_preview_1p15,817,102.59570361889898,31.431309105083347,71.16439440578223,1.7124086590018124,19974.652117919923,687.1261550009251,0.0,30.55,0.0,0.8,0.0,0.19213937669992448,0.0,0.0,0.0,0.1515625,0.8484375
link_limited,md_cbad_dqn_preview_1p15,818,102.31553429663181,31.07055778540671,71.24497649930417,1.6998410660307854,19718.826384735108,744.0777190148831,0.0,30.05,0.0,1.15,0.0,0.1922553673386574,0.0,0.0,0.0,0.2078125,0.7921875
link_limited,md_cbad_dqn_preview_1p15,819,99.38509815707803,31.43711363337934,67.9479845955968,1.6909678949974478,19705.35489616394,627.9239262998104,0.0,29.6,0.0,0.8,0.0,0.1927759386599064,0.0,0.0,0.0,0.12421875,0.87578125
link_limited,standard_dqn,800,101.52647027470172,31.346755612641573,70.1797146013379,1.6837241786532104,19536.756924438476,614.9494953222572,0.0,30.2,0.0,0.8,0.0,0.19240895733237268,0.0,0.0,0.021875,0.12421875,0.85390625
link_limited,standard_dqn,801,106.6183982039988,33.7429333742708,72.87546479508282,1.7293611351400613,20556.15838842392,479.3707787580788,0.0,30.75,0.0,0.6,0.0,0.19288040623068808,0.0,0.0,0.053125,0.01484375,0.93203125
link_limited,standard_dqn,802,102.2861579322815,32.55163415707648,69.7345238314569,1.7050860039424152,19949.53915681839,515.4898365736008,0.0,30.25,0.0,0.95,0.0,0.19252266064286233,0.0,0.0,0.0,0.0375,0.9625
link_limited,standard_dqn,803,102.9774903523922,34.06843292713165,68.90905743271112,1.7246276151854545,21078.47566232681,647.5068224258721,0.0,29.9,0.0,0.5,0.0,0.19376712292432785,0.0,0.0,0.17578125,0.15859375,0.665625
link_limited,standard_dqn,804,103.97643163479866,33.59326246455312,70.38316912814975,1.7067846554797144,20327.32336215973,478.17166471332314,0.0,30.4,0.0,0.85,0.0,0.19290023520588875,0.0,0.0,0.07578125,0.02890625,0.8953125
link_limited,standard_dqn,805,104.22573542244731,32.09660107903183,72.1291345334053,1.750124036287889,20485.130790233612,709.3085397273302,0.0,30.55,0.0,1.25,0.0,0.19067251980304717,0.0,0.0,0.003125,0.15625,0.840625
link_limited,standard_dqn,806,102.85502751715481,33.85772042460739,68.99730703666806,1.7155129085294902,20752.345451450346,630.2394265539945,0.0,29.55,0.0,0.85,0.0,0.19363948553800583,0.0,0.0,0.125,0.13046875,0.74453125
link_limited,standard_dqn,807,102.84469677217305,32.23819537125528,70.60650138154627,1.6988298776559532,19806.659144878387,546.3360675662756,0.0,29.9,0.0,0.9,0.0,0.1928681492805481,0.0,0.0,0.0,0.0609375,0.9390625
link_limited,standard_dqn,808,104.76118713855745,32.81350297369063,71.94768421441316,1.7036405495367943,20034.406262493132,516.9034448266029,0.0,30.9,0.0,0.65,0.0,0.19378030747175218,0.0,0.0,0.0140625,0.04296875,0.94296875
link_limited,standard_dqn,809,105.41347065955401,32.61136580742895,72.8021049515903,1.7083689599763603,20052.55964012146,533.1004179298877,0.0,31.1,0.0,0.85,0.0,0.1933676518499851,0.0,0.0,0.0,0.053125,0.946875
link_limited,standard_dqn,810,101.62276840955019,31.009975019842386,70.61279343590141,1.6915607784874738,19575.202065753936,688.8305849343539,0.0,30.35,0.0,0.7,0.0,0.192303928732872,0.0,0.0,0.01171875,0.16484375,0.8234375
link_limited,standard_dqn,811,104.75079374633728,31.914668414369224,72.83612527534366,1.7068666859529913,19949.537356567384,577.0785025835037,0.0,30.7,0.0,1.1,0.0,0.19150350987911224,0.0,0.0,0.00234375,0.09609375,0.9015625
link_limited,standard_dqn,812,101.8544684664905,31.891010711342098,69.96345770299435,1.7332999819889665,20437.362878608703,748.5578441664577,0.0,30.1,0.0,1.1,0.0,0.19392531290650367,0.0,0.0,0.0546875,0.209375,0.7359375
link_limited,standard_dqn,813,103.68846814088525,31.56772779300809,72.12074031956493,1.7164569198619575,20001.447773838045,712.585252353549,0.0,30.75,0.0,1.2,0.0,0.19383469820022584,0.0,0.0,0.00859375,0.17578125,0.815625
link_limited,standard_dqn,814,100.68994603835047,31.82921958975494,68.8607263994217,1.6842084569390863,19615.8638630867,578.3235530748964,0.0,29.7,0.0,0.65,0.0,0.1922101117670536,0.0,0.0,0.00234375,0.084375,0.91328125
link_limited,standard_dqn,815,103.80014279343189,33.015791446343066,70.78435150429607,1.7214918090961873,20605.15093421936,678.6350529175252,0.0,30.5,0.0,0.55,0.0,0.19292750135064124,0.0,0.0,0.090625,0.17265625,0.73671875
link_limited,standard_dqn,816,98.5353580082208,30.55826923586428,67.97708868592977,1.6922272889874876,19512.49918832779,712.1148766607046,0.0,29.35,0.0,0.75,0.0,0.192550165951252,0.0,0.0,0.0,0.1828125,0.8171875
link_limited,standard_dqn,817,103.34339089773596,32.200903467833996,71.14248733192683,1.7063770313747226,19974.636178970337,549.7180548846721,0.0,30.55,0.0,0.6,0.0,0.19251176863908767,0.0,0.0,0.0,0.06015625,0.93984375
link_limited,standard_dqn,818,101.44512842968106,31.52065794467926,69.92447059415281,1.679471617937088,19474.48410434723,579.1809261649847,0.0,29.6,0.0,0.8,0.0,0.19326601251959802,0.0,0.0,0.0,0.09375,0.90625
link_limited,standard_dqn,819,100.01177576929331,32.01607575099915,67.99570001661777,1.6875567832030356,19673.656034755706,531.3820270121098,0.0,29.65,0.0,0.7,0.0,0.19329758062958718,0.0,0.0,0.0,0.0546875,0.9453125
nominal,md_cbad_dqn_exact,800,76.91263533040882,27.593639502301812,49.318995779305695,1.464028325304389,15742.536759853363,934.609083789587,0.0,23.5,0.0,1.45,0.0,0.1919797368347645,0.0,0.0,0.00078125,0.32265625,0.6765625
nominal,md_cbad_dqn_exact,801,79.32086886383593,29.05498170144856,50.265887195169924,1.491857251757756,16467.555332183838,840.2415982082487,0.0,23.85,0.0,1.45,0.0,0.19209709241986275,0.0,0.0,0.0375,0.27578125,0.68671875
nominal,md_cbad_dqn_exact,802,78.07548269368708,28.4100700058043,49.66541266972199,1.4809016343671828,16128.80795583725,888.0538776487113,0.0,23.2,0.0,1.35,0.0,0.19062386229634284,0.0,0.0,0.0,0.29609375,0.70390625
nominal,md_cbad_dqn_exact,803,75.54002681106329,27.514833445101978,48.0251933182776,1.4652861083857716,15671.26027393341,929.6973528191447,0.0,22.8,0.0,1.0,0.0,0.1924815446138382,0.0,0.0,0.021875,0.315625,0.6625
nominal,md_cbad_dqn_exact,804,76.22703555040061,28.003237295150758,48.22379828393459,1.4757761043030768,16086.6525888443,977.2689605176449,0.0,23.1,0.0,1.8,0.0,0.19207115843892097,0.0,0.0,0.03125,0.3546875,0.6140625
nominal,md_cbad_dqn_exact,805,78.43554242916404,28.556796892732383,49.87874549210072,1.4939156465698034,16274.703841781617,860.0042479723692,0.0,23.65,0.0,1.35,0.0,0.1904309667646885,0.0,0.0,0.0,0.2625,0.7375
nominal,md_cbad_dqn_exact,806,78.17561815917492,28.589864790067075,49.585753344893455,1.4831782950554042,16267.095977878571,974.223283738643,0.0,23.4,0.0,1.45,0.0,0.19300064519047738,0.0,0.0,0.03359375,0.34140625,0.625
nominal,md_cbad_dqn_exact,807,78.41049346670509,28.275711270421745,50.13478227674961,1.474899641936645,16001.058345127105,865.0547491550445,0.0,23.8,0.0,1.5,0.0,0.19142023250460624,0.0,0.0,0.0,0.2796875,0.7203125
nominal,md_cbad_dqn_exact,808,78.42068771317602,28.428437826596202,49.99224999368191,1.4755047059152275,16012.262092018127,845.1489170372486,0.0,23.9,0.0,1.35,0.0,0.1926097884774208,0.0,0.0,0.0,0.2625,0.7375
nominal,md_cbad_dqn_exact,809,82.28726274520159,29.47125287950039,52.81600985601544,1.4931257830467075,16381.292897987365,716.311627420783,0.0,24.65,0.0,1.15,0.0,0.19199434146285058,0.0,0.0,0.0,0.1875,0.8125
nominal,md_cbad_dqn_exact,810,75.23522086165846,27.412533343210818,47.82268755830824,1.4710768439341337,15863.40790939331,1053.1849514707924,0.0,23.15,0.0,1.45,0.0,0.19178858324885367,0.0,0.0,0.02109375,0.38671875,0.5921875
nominal,md_cbad_dqn_exact,811,79.13695784218609,28.339366384595632,50.7975915492326,1.4813448801636695,16037.008653831483,844.339947733283,0.0,24.35,0.0,1.55,0.0,0.19096107184886932,0.0,0.0,0.0,0.2640625,0.7359375
nominal,md_cbad_dqn_exact,812,75.25175973571837,27.375396655127407,47.87636302247643,1.489972470421344,16182.71717967987,1162.4090770483017,0.0,22.7,0.0,1.9,0.0,0.1920882284641266,0.0,0.0,0.0,0.44609375,0.55390625
nominal,md_cbad_dqn_exact,813,76.67000809289515,27.777859004586936,48.89214906670153,1.47864097841084,15973.814916419982,953.3636078447104,0.0,23.55,0.0,1.5,0.0,0.19142150655388832,0.0,0.0,0.0,0.3296875,0.6703125
nominal,md_cbad_dqn_exact,814,76.97295657329262,28.057127791643143,48.91582871496677,1.4734705589246004,15953.168159389495,950.6160019993782,0.0,23.2,0.0,1.15,0.0,0.19197046682238578,0.0,0.0,0.00078125,0.31796875,0.68125
nominal,md_cbad_dqn_exact,815,78.37579214632511,28.32460261322558,50.05118941575289,1.4771503563039006,16060.061036872863,854.5856954246759,0.0,23.45,0.0,0.8,0.0,0.19248755499720574,0.0,0.0,0.0015625,0.27265625,0.72578125
nominal,md_cbad_dqn_exact,816,73.99459961049259,27.225809729471802,46.7687898311019,1.4609113867860288,15715.541283035278,979.0239223688841,0.0,22.45,0.0,1.1,0.0,0.19129121154546738,0.0,0.0,0.0,0.35546875,0.64453125
nominal,md_cbad_dqn_exact,817,77.31853541441262,27.927981371432544,49.39055399641394,1.4771511920262128,15997.637485313415,897.7724716663361,0.0,23.6,0.0,1.35,0.0,0.190986081212759,0.0,0.0,0.0,0.290625,0.709375
nominal,md_cbad_dqn_exact,818,78.25541942868382,27.575297001190485,50.6801227221638,1.4757536565419287,15905.823503303527,1045.0210017502309,0.0,24.0,0.0,1.7,0.0,0.19126395434141158,0.0,0.0,0.0,0.38828125,0.61171875
nominal,md_cbad_dqn_exact,819,75.89123880527913,27.892805000953377,47.998433778807524,1.4723429678939284,15938.418261623383,909.2983216494322,0.0,22.5,0.0,1.0,0.0,0.19208334311842917,0.0,0.0,0.0,0.303125,0.696875
nominal,md_cbad_dqn_preview_0p85,800,76.81832826271653,27.394492330029607,49.42383581720293,1.4715220619924367,15870.44040260315,1019.7676687151194,0.0,23.45,0.0,1.55,0.0,0.1917959526181221,0.0,0.0,0.0,0.37421875,0.62578125
nominal,md_cbad_dqn_preview_0p85,801,78.78311689034105,28.80577776618302,49.977339276894924,1.4877829765435309,16308.194063568115,830.6893482029438,0.0,23.7,0.0,1.35,0.0,0.19214396178722382,0.0,0.0,0.01875,0.26171875,0.71953125
nominal,md_cbad_dqn_preview_0p85,802,78.31569776497781,28.478374610468745,49.837323085963725,1.4806620270945132,16194.463544654845,908.7732204020024,0.0,23.3,0.0,1.35,0.0,0.19062386229634284,0.0,0.0,0.0,0.315625,0.684375
nominal,md_cbad_dqn_preview_0p85,803,75.75165106855333,27.133224291726947,48.61842677161097,1.469636108679697,15691.083871269226,1030.9013311117887,0.0,22.9,0.0,1.35,0.0,0.19201093912124634,0.0,0.0,0.00234375,0.3734375,0.62421875
nominal,md_cbad_dqn_preview_0p85,804,76.37128933668137,27.781485649198295,48.58980364948511,1.4770908130332827,16063.28069448471,995.940494069457,0.0,23.3,0.0,1.8,0.0,0.19145070388913155,0.0,0.0,0.0140625,0.3671875,0.61875
nominal,md_cbad_dqn_preview_0p85,805,77.85488125167788,28.382396132685244,49.47248509980738,1.492623675102368,16206.359504699707,896.8167844623327,0.0,23.45,0.0,1.35,0.0,0.1914596252143383,0.0,0.0,0.0,0.2828125,0.7171875
nominal,md_cbad_dqn_preview_0p85,806,79.34450411431492,29.45964572019875,49.884858397841455,1.4904937219340355,16572.644886398317,883.3183119639755,0.0,23.35,0.0,1.35,0.0,0.19300064519047738,0.0,0.0,0.0609375,0.290625,0.6484375
nominal,md_cbad_dqn_preview_0p85,807,79.18700334124267,28.612073331698774,50.57492999315262,1.4806862101890146,16076.157634162902,802.6915307998657,0.0,23.95,0.0,1.05,0.0,0.19085185900330542,0.0,0.0,0.0,0.23671875,0.76328125
nominal,md_cbad_dqn_preview_0p85,808,78.19006185650827,28.43480002954602,49.755261867940426,1.4744638167321682,16053.101251602173,863.3009079098701,0.0,23.8,0.0,1.3,0.0,0.1935100331902504,0.0,0.0,0.0,0.278125,0.721875
nominal,md_cbad_dqn_preview_0p85,809,81.12231811366976,28.78213881701231,52.34017928361893,1.4863103778101503,16226.301535892486,835.1585666328668,0.0,24.55,0.0,1.45,0.0,0.19075939431786537,0.0,0.0,0.0,0.25703125,0.74296875
nominal,md_cbad_dqn_preview_0p85,810,74.65459927216173,27.385862903669477,47.26873637221753,1.4601398401893675,15687.548539543151,966.7121048867702,0.0,23.15,0.0,1.25,0.0,0.19178858324885367,0.0,0.0,0.0,0.3421875,0.6578125
nominal,md_cbad_dqn_preview_0p85,811,79.39533202767373,28.305373843386768,51.089958248734476,1.4819083846639842,16015.598171901704,863.8446478903294,0.0,24.45,0.0,1.85,0.0,0.19096107184886932,0.0,0.0,0.0,0.26875,0.73125
nominal,md_cbad_dqn_preview_0p85,812,75.38154258318245,27.563785799592733,47.817756715416905,1.484442399116233,16157.17190694809,1123.3511516489089,0.0,22.65,0.0,2.0,0.0,0.1920882284641266,0.0,0.0,0.00078125,0.4265625,0.57265625
nominal,md_cbad_dqn_preview_0p85,813,77.02958971850575,28.248408742621542,48.781181011274455,1.4779862134251744,15959.463288211822,842.4209299445153,0.0,23.45,0.0,1.3,0.0,0.19183979779481888,0.0,0.0,0.00078125,0.25703125,0.7421875
nominal,md_cbad_dqn_preview_0p85,814,76.76199446350336,27.8734027441591,48.88859166234732,1.4740173384547233,15907.549538135529,949.5268958598375,0.0,23.15,0.0,1.1,0.0,0.19197046682238578,0.0,0.0,0.0,0.3140625,0.6859375
nominal,md_cbad_dqn_preview_0p85,815,78.05163601376117,27.828809668496252,50.222826302051544,1.4862431266810745,16189.400666713715,1032.7603577770292,0.0,23.35,0.0,1.05,0.0,0.19287444427609443,0.0,0.0,0.0109375,0.384375,0.6046875
nominal,md_cbad_dqn_preview_0p85,816,73.73275279596449,27.22110349498689,46.51164927601814,1.459586623730138,15689.351827049255,962.40464451015,0.0,22.45,0.0,0.9,0.0,0.19129121154546738,0.0,0.0,0.0,0.34609375,0.65390625
nominal,md_cbad_dqn_preview_0p85,817,77.34101562969387,27.980375667661427,49.36063981041312,1.4765738452784718,16070.992725276947,936.4512734055519,0.0,23.55,0.0,1.35,0.0,0.19072671830654145,0.0,0.0,0.0,0.31953125,0.68046875
nominal,md_cbad_dqn_preview_0p85,818,77.8611813832447,27.72924213986844,50.13193949632346,1.4710954022128135,15885.186784267426,994.0569027841091,0.0,23.85,0.0,1.7,0.0,0.1917575128376484,0.0,0.0,0.0,0.36484375,0.63515625
nominal,md_cbad_dqn_preview_0p85,819,75.48355792954564,27.751332476362585,47.73222539320588,1.472235256107524,15926.599946022034,937.4605176627636,0.0,22.5,0.0,1.05,0.0,0.19242409914731978,0.0,0.0,0.0,0.31953125,0.68046875
nominal,md_cbad_dqn_preview_1p15,800,76.89314788751304,27.55860514268279,49.33454283870757,1.4659259828273208,15829.946119308472,951.9280092209577,0.0,23.5,0.0,1.4,0.0,0.19101652950048448,0.0,0.0,0.0,0.34375,0.65625
nominal,md_cbad_dqn_preview_1p15,801,78.5007320549339,28.694577886909247,49.80615413710475,1.4855138157028704,16230.364002799988,778.3020672619343,0.0,23.7,0.0,1.3,0.0,0.19214396178722382,0.0,0.0,0.0,0.23359375,0.76640625
nominal,md_cbad_dqn_preview_1p15,802,78.632334658131,28.84854015111923,49.78379440680146,1.4811717787757517,16161.00044260025,782.7943629354238,0.0,23.3,0.0,1.35,0.0,0.19062386229634284,0.0,0.0,0.0,0.23359375,0.76640625
nominal,md_cbad_dqn_preview_1p15,803,75.58414121165872,27.099600828438998,48.48454039141536,1.4668392630759626,15616.074930000304,1015.2311623007059,0.0,23.0,0.0,1.25,0.0,0.19287349730730058,0.0,0.0,0.0,0.3578125,0.6421875
nominal,md_cbad_dqn_preview_1p15,804,75.98144643634558,27.74341442845762,48.238032064139844,1.472435066755861,15891.34664478302,931.149601776898,0.0,23.25,0.0,1.75,0.0,0.19191532209515572,0.0,0.0,0.0125,0.31796875,0.66953125
nominal,md_cbad_dqn_preview_1p15,805,78.41480923727156,28.191745310276747,50.223063951954245,1.5036261747125537,16369.02972316742,1004.3960385650396,0.0,23.6,0.0,1.7,0.0,0.1903177484869957,0.0,0.0,0.0,0.3453125,0.6546875
nominal,md_cbad_dqn_preview_1p15,806,80.10898885317147,28.885105615481734,51.22388323619962,1.501220989925787,16645.39151649475,1080.186734676361,0.0,23.7,0.0,1.65,0.0,0.19275851920247078,0.0,0.0,0.06484375,0.39375,0.54140625
nominal,md_cbad_dqn_preview_1p15,807,78.08612137511372,28.144056957960128,49.94206442162395,1.4745404310524464,15932.432724094391,868.0268459022045,0.0,23.75,0.0,1.3,0.0,0.19209270030260087,0.0,0.0,0.0,0.2734375,0.7265625
nominal,md_cbad_dqn_preview_1p15,808,78.1327929854393,28.482788264006377,49.650004672259094,1.4750626480206848,16056.737198066712,848.0335763275623,0.0,23.65,0.0,1.2,0.0,0.1926097884774208,0.0,0.0,0.0,0.26640625,0.73359375
nominal,md_cbad_dqn_preview_1p15,809,80.76172460325063,28.680938463285564,52.080786270350224,1.485055033210665,16167.182134723664,838.4402695298195,0.0,24.25,0.0,1.55,0.0,0.1919977642595768,0.0,0.0,0.0,0.25546875,0.74453125
nominal,md_cbad_dqn_preview_1p15,810,75.25326369412244,27.22682585529983,48.026437705829736,1.4732412005774678,15896.627076721192,1084.1928839445113,0.0,23.3,0.0,1.35,0.0,0.19178858324885367,0.0,0.0,0.0125,0.41171875,0.57578125
nominal,md_cbad_dqn_preview_1p15,811,79.49469078987838,28.343663276731967,51.15102752916515,1.4822908148635179,16082.039534950256,855.1177323460579,0.0,24.4,0.0,1.7,0.0,0.19096107184886932,0.0,0.0,0.0,0.27578125,0.72421875
nominal,md_cbad_dqn_preview_1p15,812,75.18389405176043,27.458990432694556,47.72490363210439,1.4840605890844016,16126.718412971497,1109.666560074687,0.0,22.65,0.0,1.85,0.0,0.1920882284641266,0.0,0.0,0.0,0.4234375,0.5765625
nominal,md_cbad_dqn_preview_1p15,813,77.15625869125128,28.10455413646996,49.0517045301944,1.479440045496449,16112.366550064087,958.1551861315966,0.0,23.65,0.0,1.55,0.0,0.19183979779481888,0.0,0.0,0.00234375,0.34375,0.65390625
nominal,md_cbad_dqn_preview_1p15,814,77.48881517767907,28.007239098474383,49.48157607808709,1.4781322123948484,16018.039917945862,969.9344975501299,0.0,23.45,0.0,1.0,0.0,0.19072704538702964,0.0,0.0,0.0,0.3296875,0.6703125
nominal,md_cbad_dqn_preview_1p15,815,78.11424512766301,27.791858030110596,50.32238704800606,1.4798966166563332,16020.276949882507,995.3845434397459,0.0,23.4,0.0,0.95,0.0,0.19192850217223167,0.0,0.0,0.0,0.3546875,0.6453125
nominal,md_cbad_dqn_preview_1p15,816,74.23500888258219,27.199455046653746,47.03555382475257,1.4626520068384707,15708.053101730347,975.708717635274,0.0,22.6,0.0,1.0,0.0,0.19129121154546738,0.0,0.0,0.0,0.353125,0.646875
nominal,md_cbad_dqn_preview_1p15,817,77.53652679383755,27.775680830329655,49.760846015661954,1.481574244471267,16100.183840370179,1015.9274358302355,0.0,23.55,0.0,1.45,0.0,0.190986081212759,0.0,0.0,0.0,0.3609375,0.6390625
nominal,md_cbad_dqn_preview_1p15,818,79.10544828414916,27.542583588883282,51.562864795103664,1.4851231071632356,16070.370166873932,1122.0849447071553,0.0,24.3,0.0,1.7,0.0,0.19104001224040984,0.0,0.0,0.0,0.4390625,0.5609375
nominal,md_cbad_dqn_preview_1p15,819,75.74869147449732,27.86842438392341,47.880267121121285,1.471421317011118,15931.32330121994,925.2438077151776,0.0,22.45,0.0,1.05,0.0,0.19208334311842917,0.0,0.0,0.0,0.3109375,0.6890625
nominal,standard_dqn,800,76.98174737520516,27.67265189141035,49.309095605984325,1.4655928100459277,15796.512957000732,913.6933752395213,0.0,23.45,0.0,1.25,0.0,0.19192990362644197,0.0,0.0,0.0078125,0.3171875,0.675
nominal,standard_dqn,801,84.77831991583109,30.75269057825208,54.02562930069864,1.528565024631098,16818.35949230194,581.1776679426432,0.0,25.2,0.0,0.9,0.0,0.19192809760570526,0.0,0.0,0.02734375,0.07265625,0.9
nominal,standard_dqn,802,80.38384502522648,29.606306390091778,50.777538732737305,1.498006730666384,16275.542234897614,643.2809539556504,0.0,23.65,0.0,1.2,0.0,0.19068478122353555,0.0,0.0,0.0,0.12421875,0.87578125
nominal,standard_dqn,803,78.0087751647085,28.732700173929334,49.276074997484685,1.4955320816021413,16529.853349304198,1020.7026222996413,0.0,22.9,0.0,1.2,0.0,0.1924028918147087,0.0,0.0,0.09375,0.36796875,0.53828125
nominal,standard_dqn,804,79.43519517868756,29.781429069489242,49.65376601457596,1.4967529429122806,16382.045410346986,638.5681876681745,0.0,23.6,0.0,1.15,0.0,0.19259915575385095,0.0,0.0,0.025,0.13359375,0.84140625
nominal,standard_dqn,805,81.31940414428712,28.484597363695503,52.834806726574904,1.5211090801749378,16551.748253440855,1002.2417366117239,0.0,24.45,0.0,1.8,0.0,0.19009340330958366,0.0,0.0,0.0015625,0.32890625,0.66953125
nominal,standard_dqn,806,79.29859193950891,28.88367134965956,50.41492061033845,1.4938762655481697,16483.045704460143,1002.9613688148559,0.0,23.55,0.0,1.5,0.0,0.19321633353829384,0.0,0.0,0.05625,0.34765625,0.59609375
nominal,standard_dqn,807,79.74930172108114,28.89125880934298,50.85804288864136,1.485269522620365,16121.613736915588,748.6668953210116,0.0,24.15,0.0,1.2,0.0,0.19185218065977097,0.0,0.0,0.0,0.19921875,0.80078125
nominal,standard_dqn,808,79.87016797609627,29.258845398947596,50.611322496682405,1.487863082718104,16223.174902629853,699.167416548729,0.0,24.1,0.0,1.0,0.0,0.1926097884774208,0.0,0.0,0.0,0.17265625,0.82734375
nominal,standard_dqn,809,82.17804942682385,29.255351919308303,52.92269751384854,1.4939554563723505,16266.240755081177,724.1950414061546,0.0,24.7,0.0,1.1,0.0,0.19159199222922324,0.0,0.0,0.0,0.18046875,0.81953125
nominal,standard_dqn,810,75.20933013282716,27.10827821046114,48.10105187989771,1.4672793563455344,15712.651867485047,1070.4891814686357,0.0,23.4,0.0,1.35,0.0,0.19211526587605476,0.0,0.0,0.003125,0.390625,0.60625
nominal,standard_dqn,811,79.72675613239407,28.438259228691457,51.28849701397121,1.4833311626221986,16076.672760200501,827.4772381544113,0.0,24.45,0.0,1.6,0.0,0.19093716517090797,0.0,0.0,0.0,0.25546875,0.74453125
nominal,standard_dqn,812,75.91715834163129,27.62636135146022,48.29079691007733,1.4880827156826855,16164.625364208221,1104.2161628644913,0.0,22.8,0.0,1.8,0.0,0.1920882284641266,0.0,0.0,0.0171875,0.41484375,0.56796875
nominal,standard_dqn,813,78.02645029447973,27.791553107649086,50.23489715255796,1.4912545080762356,16150.806139564515,1049.7559506654738,0.0,23.9,0.0,1.75,0.0,0.19200022742152215,0.0,0.0,0.0,0.38359375,0.61640625
nominal,standard_dqn,814,77.3338821516931,28.459767150878907,48.87411516174674,1.4730045142117887,16025.595031356812,852.5730235487223,0.0,23.25,0.0,0.95,0.0,0.19200584441423416,0.0,0.0,0.00078125,0.265625,0.73359375
nominal,standard_dqn,815,79.50423024706542,28.412243305519223,51.09198669865727,1.4949239250272512,16474.442901802064,1050.2040603157134,0.0,23.55,0.0,0.8,0.0,0.19248755499720574,0.0,0.0,0.04140625,0.39296875,0.565625
nominal,standard_dqn,816,73.96119295500219,26.96548480503261,46.9957082259655,1.4663188645150513,15725.698558807373,1042.8449578493833,0.0,22.5,0.0,1.2,0.0,0.19129121154546738,0.0,0.0,0.0,0.3859375,0.6140625
nominal,standard_dqn,817,79.0482258001715,28.791441663354636,50.25678410440683,1.4815420635044574,16107.545196723939,764.9085750102997,0.0,23.75,0.0,1.05,0.0,0.1911615662276745,0.0,0.0,0.0,0.20546875,0.79453125
nominal,standard_dqn,818,78.23945750616491,28.381333902105688,49.85812367670238,1.4707996070384979,15931.704956626892,842.4646664679051,0.0,23.75,0.0,1.35,0.0,0.1916259080171585,0.0,0.0,0.0,0.27109375,0.72890625
nominal,standard_dqn,819,77.10502220489084,28.78162510599941,48.32339701488614,1.4746452999301254,16078.57557144165,733.3847742587328,0.0,22.75,0.0,0.85,0.0,0.1927759386599064,0.0,0.0,0.0,0.20625,0.79375
thermal_stress,md_cbad_dqn_exact,800,97.13091475106776,31.23104527182877,65.8998695190996,1.5688968881964684,17569.73054742813,1018.6188980847597,0.0,28.95,0.0,1.45,0.0,0.36392987668514254,0.0,0.0,0.0,0.31328125,0.68671875
thermal_stress,md_cbad_dqn_exact,801,99.77055388689041,33.015407817810775,66.75514617413282,1.5993670706637204,18444.14979915619,921.2721710577607,0.0,29.15,0.0,1.4,0.0,0.3640970677137375,0.0,0.0,0.04375,0.275,0.68125
thermal_stress,md_cbad_dqn_exact,802,96.46016729347409,32.07484393902123,64.38532326094807,1.5782656418625265,17913.647807502748,954.8447297394275,0.0,28.7,0.0,1.4,0.0,0.36262384206056597,0.0,0.0,0.0,0.2875,0.7125
thermal_stress,md_cbad_dqn_exact,803,94.56295376442372,31.258517414703967,63.30443642050028,1.5698961402289568,17500.235251617432,1010.1224210776388,0.0,28.3,0.0,0.95,0.0,0.3640109196305275,0.0,0.0,0.034375,0.29765625,0.66796875
thermal_stress,md_cbad_dqn_exact,804,97.1767283744365,31.6686689581722,65.5080593715608,1.5810850497335196,17887.398180007935,1057.9206649437547,0.0,29.1,0.0,1.8,0.0,0.36327980160713197,0.0,0.0,0.0296875,0.33984375,0.63046875
thermal_stress,md_cbad_dqn_exact,805,98.79661692418158,32.42456392962485,66.37205302342772,1.6029251953586936,18232.54653015137,936.1692654639482,0.0,29.0,0.0,1.1,0.0,0.3623177245259285,0.0,0.0,0.0,0.25703125,0.74296875
thermal_stress,md_cbad_dqn_exact,806,97.8839095275849,32.44593790248037,65.43797171711921,1.590031027374789,18186.063962745666,1051.755554780364,0.0,28.6,0.0,1.5,0.0,0.3650006204843521,0.0,0.0,0.0375,0.325,0.6375
thermal_stress,md_cbad_dqn_exact,807,97.07460541918874,31.97292038537562,65.10168509602548,1.576279190601781,17843.90359325409,929.9355019003153,0.0,28.45,0.0,1.45,0.0,0.36322409361600877,0.0,0.0,0.0,0.27578125,0.72421875
thermal_stress,md_cbad_dqn_exact,808,98.31694540135562,32.12569597773254,66.19124955847859,1.5774615111295134,17877.553684139253,936.5790071099997,0.0,29.0,0.0,1.3,0.0,0.36460976749658586,0.0,0.0,0.00078125,0.26953125,0.7296875
thermal_stress,md_cbad_dqn_exact,809,102.20776880554855,33.45501113049686,68.75275767058135,1.6017489191144705,18395.853497123717,788.8915642052889,0.0,29.85,0.0,1.1,0.0,0.36324320286512374,0.0,0.0,0.0,0.1859375,0.8140625
thermal_stress,md_cbad_dqn_exact,810,95.77339465975761,31.261211355030536,64.51218328759074,1.5708904472645373,17706.118234539033,1095.5819249719382,0.0,28.35,0.0,1.35,0.0,0.3642990097403526,0.0,0.0,0.02578125,0.3625,0.61171875
thermal_stress,md_cbad_dqn_exact,811,99.99057144805789,32.29039629101753,67.7001752486825,1.5922157148830594,17993.141366767883,922.7581654518842,0.0,29.45,0.0,1.65,0.0,0.36285716891288755,0.0,0.0,0.0,0.24921875,0.75078125
thermal_stress,md_cbad_dqn_exact,812,94.00377055175602,30.841498898342252,63.16227162957191,1.586950761685148,17850.095534420012,1228.5833442658186,0.0,28.1,0.0,1.8,0.0,0.3640882045030594,0.0,0.0,0.0,0.41875,0.58125
thermal_stress,md_cbad_dqn_exact,813,98.19455919578671,31.668288798630236,66.52627045638859,1.5860188995487987,17864.86439599991,1020.8384120464325,0.0,29.15,0.0,1.5,0.0,0.36305311471223833,0.0,0.0,0.0,0.30546875,0.69453125
thermal_stress,md_cbad_dqn_exact,814,96.50395708277821,31.85280633829534,64.65115079514683,1.5782636713702232,17818.22585000992,1019.4166679710149,0.0,28.65,0.0,1.25,0.0,0.3630511686205864,0.0,0.0,0.00078125,0.3015625,0.69765625
thermal_stress,md_cbad_dqn_exact,815,97.5144623567909,32.12883031629026,65.3856321015954,1.5809617599006742,17942.582965660094,912.0077063977718,0.0,28.85,0.0,0.8,0.0,0.3644875302910805,0.0,0.0,0.0015625,0.2546875,0.74375
thermal_stress,md_cbad_dqn_exact,816,93.70474494598805,30.94180695079267,62.76293804436922,1.562990505900234,17505.35589532852,1033.1385998398066,0.0,27.7,0.0,1.05,0.0,0.3632692113518715,0.0,0.0,0.0,0.328125,0.671875
thermal_stress,md_cbad_dqn_exact,817,96.50717731259763,31.34807848446071,65.15909878343344,1.5780192373786122,17730.684889507294,1003.0929215997458,0.0,28.5,0.0,1.4,0.0,0.36298605501651765,0.0,0.0,0.0,0.28984375,0.71015625
thermal_stress,md_cbad_dqn_exact,818,98.3357378052175,31.455788414552806,66.87994953893124,1.5798759683035315,17707.488241767882,1085.8217500925064,0.0,29.05,0.0,1.55,0.0,0.3632639333605766,0.0,0.0,0.0,0.34375,0.65625
thermal_stress,md_cbad_dqn_exact,819,94.1120462049544,31.370345529541375,62.74170066423714,1.568816023832187,17693.449569034576,1002.6169157981873,0.0,28.0,0.0,0.95,0.0,0.3640833184123039,0.0,0.0,0.0,0.30703125,0.69296875
thermal_stress,md_cbad_dqn_preview_0p85,800,97.34908911615611,31.055990463495256,66.29309851966798,1.5782034945674241,17761.73025083542,1134.7615900665521,0.0,29.0,0.0,1.6,0.0,0.36392987668514254,0.0,0.0,0.0,0.38046875,0.61953125
thermal_stress,md_cbad_dqn_preview_0p85,801,99.09644027493894,32.87634237632155,66.22009804353118,1.5933717577718198,18292.882508659364,865.5692336827517,0.0,28.9,0.0,1.35,0.0,0.3641480103135109,0.0,0.0,0.0234375,0.2421875,0.734375
thermal_stress,md_cbad_dqn_preview_0p85,802,97.02693808034063,32.24711030237377,64.7798277503997,1.5806013521272688,18014.36494922638,976.4862870633602,0.0,28.75,0.0,1.5,0.0,0.36262384206056597,0.0,0.0,0.0,0.29921875,0.70078125
thermal_stress,md_cbad_dqn_preview_0p85,803,94.49445558384062,30.77793558500707,63.71652012586594,1.5694339090958238,17420.381471443176,1104.7182003580033,0.0,28.4,0.0,1.25,0.0,0.3640109196305275,0.0,0.0,0.0078125,0.353125,0.6390625
thermal_stress,md_cbad_dqn_preview_0p85,804,97.40551154047252,31.50408996678889,65.90142136543989,1.58006796897389,17850.738377285004,1063.6294899113477,0.0,29.3,0.0,1.9,0.0,0.362984861433506,0.0,0.0,0.00703125,0.34765625,0.6453125
thermal_stress,md_cbad_dqn_preview_0p85,805,98.77978993758559,32.39784580729902,66.38194395966828,1.6045406205579638,18205.678767585756,984.6851340144873,0.0,28.95,0.0,1.3,0.0,0.36292766481637956,0.0,0.0,0.0,0.2765625,0.7234375
thermal_stress,md_cbad_dqn_preview_0p85,806,98.54331172958017,33.44337584041059,65.09993597075342,1.5989970245864242,18570.352415847778,961.5830320857465,0.0,28.45,0.0,1.35,0.0,0.3650006204843521,0.0,0.0,0.06875,0.27578125,0.65546875
thermal_stress,md_cbad_dqn_preview_0p85,807,97.68712176159025,32.26531867273152,65.42180309221149,1.5828224857803435,17901.841747570037,878.6324499040842,0.0,28.6,0.0,1.2,0.0,0.36230583041906356,0.0,0.0,0.0,0.23203125,0.76796875
thermal_stress,md_cbad_dqn_preview_0p85,808,98.33635520286859,32.189510283619164,66.14684493154287,1.5786478614900261,17901.26307182312,938.8517046809196,0.0,29.05,0.0,1.35,0.0,0.36460976749658586,0.0,0.0,0.0,0.265625,0.734375
thermal_stress,md_cbad_dqn_preview_0p85,809,101.3758207704872,32.8351682331413,68.54065255448222,1.5950431018602103,18259.457464408875,909.620906880498,0.0,29.85,0.0,1.4,0.0,0.3626149967312813,0.0,0.0,0.0,0.25625,0.74375
thermal_stress,md_cbad_dqn_preview_0p85,810,95.79077577337623,31.29093186967075,64.4998439398408,1.5627742262091489,17541.967089080812,997.3353821456433,0.0,28.5,0.0,1.1,0.0,0.36411524266004563,0.0,0.0,0.0,0.30703125,0.69296875
thermal_stress,md_cbad_dqn_preview_0p85,811,99.69706787921488,32.292311147600415,67.40475677520037,1.5862890359014272,17977.432625865935,910.6047315508127,0.0,29.3,0.0,1.7,0.0,0.36296104788780215,0.0,0.0,0.0,0.253125,0.746875
thermal_stress,md_cbad_dqn_preview_0p85,812,94.4288764578104,31.179934882372617,63.24894156426192,1.582413680711761,17903.15267457962,1186.0016998387873,0.0,28.1,0.0,1.8,0.0,0.3640882045030594,0.0,0.0,0.00078125,0.40390625,0.5953125
thermal_stress,md_cbad_dqn_preview_0p85,813,98.26082136251033,32.1219668764621,66.13885447971522,1.5865613227710127,17885.007592582704,901.6053132206201,0.0,29.1,0.0,1.2,0.0,0.36369782239198684,0.0,0.0,0.00078125,0.23046875,0.76875
thermal_stress,md_cbad_dqn_preview_0p85,814,95.80495904676616,31.581802191212773,64.22315695352852,1.5752604567445814,17735.159124469756,1017.5682376146317,0.0,28.55,0.0,1.15,0.0,0.36360949128866193,0.0,0.0,0.0,0.29609375,0.70390625
thermal_stress,md_cbad_dqn_preview_0p85,815,97.04495455540717,31.606623636931182,65.43833096653222,1.5860770540777593,17976.83975753784,1093.0861308645458,0.0,28.9,0.0,1.15,0.0,0.36405440121889115,0.0,0.0,0.01015625,0.3625,0.62734375
thermal_stress,md_cbad_dqn_preview_0p85,816,93.4416736920178,30.93423699773848,62.50743684142829,1.5610548237804323,17472.18358850479,1020.5211501568556,0.0,27.75,0.0,0.95,0.0,0.3632692113518715,0.0,0.0,0.0,0.3203125,0.6796875
thermal_stress,md_cbad_dqn_preview_0p85,817,96.34421399012209,31.537051988393067,64.80716208964586,1.5744651541113854,17794.197054576875,1010.5859936743975,0.0,28.45,0.0,1.4,0.0,0.36272669285535813,0.0,0.0,0.0,0.30546875,0.69453125
thermal_stress,md_cbad_dqn_preview_0p85,818,98.02958115071058,31.625597086548805,66.40398421429097,1.5756221789866687,17715.885970306397,1044.441125047207,0.0,28.95,0.0,1.65,0.0,0.36370035707950593,0.0,0.0,0.0,0.33203125,0.66796875
thermal_stress,md_cbad_dqn_preview_0p85,819,93.95209495998918,31.226781199499964,62.72531377539038,1.5703220607247204,17651.97662887573,1025.3147463977336,0.0,27.95,0.0,1.0,0.0,0.36442407220602036,0.0,0.0,0.0,0.3125,0.6875
thermal_stress,md_cbad_dqn_preview_1p15,800,97.30926450140774,31.242925384640692,66.06633905045689,1.5713559687603265,17706.593740653992,1057.1913628071547,0.0,28.9,0.0,1.5,0.0,0.36301650255918505,0.0,0.0,0.0,0.34921875,0.65078125
thermal_stress,md_cbad_dqn_preview_1p15,801,99.09252830974758,32.70010478273034,66.39242364808918,1.5944583422504366,18201.041649246217,836.7122643500567,0.0,29.1,0.0,1.2,0.0,0.3641439363360405,0.0,0.0,0.0,0.21875,0.78125
thermal_stress,md_cbad_dqn_preview_1p15,802,96.64853753462434,32.39499016664922,64.25354735679925,1.5780295245815068,17936.952887821197,856.1515309035779,0.0,28.65,0.0,1.35,0.0,0.36262384206056597,0.0,0.0,0.0,0.23203125,0.76796875
thermal_stress,md_cbad_dqn_preview_1p15,803,94.84925930693745,30.692098791524767,64.15716054484248,1.5707487749867142,17372.761244773865,1097.3205137103796,0.0,28.5,0.0,1.25,0.0,0.36487347483634947,0.0,0.0,0.0,0.3390625,0.6609375
thermal_stress,md_cbad_dqn_preview_1p15,804,97.08441664226353,31.486669877916576,65.59774684146046,1.5772112565115095,17766.230030632018,1015.3768831238151,0.0,29.15,0.0,1.8,0.0,0.3634506806731224,0.0,0.0,0.01015625,0.31328125,0.6765625
thermal_stress,md_cbad_dqn_preview_1p15,805,99.3900022082776,32.135217941179874,67.25478421084583,1.611378983873874,18294.838657951354,1086.7583307057619,0.0,29.2,0.0,1.55,0.0,0.36196866631507874,0.0,0.0,0.0,0.33515625,0.66484375
thermal_stress,md_cbad_dqn_preview_1p15,806,99.69225054472685,32.89102781489491,66.80122269853949,1.6074373884592206,18591.308106040953,1141.7235847607255,0.0,28.9,0.0,1.55,0.0,0.36435829252004626,0.0,0.0,0.071875,0.36796875,0.56015625
thermal_stress,md_cbad_dqn_preview_1p15,807,96.72857896797359,31.761671729385853,64.96690716296435,1.576458663539961,17742.111831283568,954.0573001235723,0.0,28.55,0.0,1.25,0.0,0.36342020481824877,0.0,0.0,0.0,0.2703125,0.7296875
thermal_stress,md_cbad_dqn_preview_1p15,808,98.34786882407964,32.30755637921393,66.04031254395844,1.5803811344318093,17928.79878978729,897.8658047258854,0.0,29.05,0.0,1.15,0.0,0.36460976749658586,0.0,0.0,0.00078125,0.23984375,0.759375
thermal_stress,md_cbad_dqn_preview_1p15,809,101.09536772891879,32.72413095161319,68.37123679444194,1.5938419849146157,18194.079845428467,909.1803878426551,0.0,29.7,0.0,1.5,0.0,0.36359196752309797,0.0,0.0,0.0,0.25078125,0.74921875
thermal_stress,md_cbad_dqn_preview_1p15,810,95.76063168466092,31.003676771372557,64.75695482090116,1.5717517248820514,17727.7290350914,1132.4189050093294,0.0,28.4,0.0,1.4,0.0,0.36425750106573107,0.0,0.0,0.01328125,0.38984375,0.596875
thermal_stress,md_cbad_dqn_preview_1p15,811,99.94191853478551,32.35531876720488,67.58659969568252,1.5900042538531125,18031.228904628755,901.4681448370218,0.0,29.4,0.0,1.75,0.0,0.36296104788780215,0.0,0.0,0.0,0.25,0.75
thermal_stress,md_cbad_dqn_preview_1p15,812,93.9888226261735,31.04554053917527,62.94328213095665,1.5802631227765231,17830.836546516417,1161.647867152095,0.0,28.05,0.0,1.65,0.0,0.3640882045030594,0.0,0.0,0.0,0.3953125,0.6046875
thermal_stress,md_cbad_dqn_preview_1p15,813,98.33092578738928,31.9861756362021,66.34475011058151,1.5840496696997435,17952.472369766234,998.5269673742354,0.0,29.1,0.0,1.45,0.0,0.36369782239198684,0.0,0.0,0.003125,0.30390625,0.69296875
thermal_stress,md_cbad_dqn_preview_1p15,814,97.72291864991188,31.718800307065248,66.00411835886538,1.5889488592278211,17923.255100631715,1074.0464490413665,0.0,29.0,0.0,1.05,0.0,0.3624862939119339,0.0,0.0,0.0,0.32421875,0.67578125
thermal_stress,md_cbad_dqn_preview_1p15,815,97.49208974838257,31.648551571369172,65.8435381412506,1.5843361427076161,17907.896491146086,1067.4751943677663,0.0,28.9,0.0,0.95,0.0,0.3638976767659187,0.0,0.0,0.0,0.3390625,0.6609375
thermal_stress,md_cbad_dqn_preview_1p15,816,93.86661947526038,31.039316228032114,62.82730312988163,1.563060644827783,17513.169932174682,1020.8704987257719,0.0,27.85,0.0,0.95,0.0,0.3629476368427277,0.0,0.0,0.0,0.32578125,0.67421875
thermal_stress,md_cbad_dqn_preview_1p15,817,97.01588862098754,31.339336498826743,65.67655208006502,1.581694633839652,17804.147310256958,1096.0030373424293,0.0,28.75,0.0,1.6,0.0,0.36272669285535813,0.0,0.0,0.0,0.34140625,0.65859375
thermal_stress,md_cbad_dqn_preview_1p15,818,99.05768265411258,31.49667780660093,67.56100491084159,1.5853148164693267,17879.394490909577,1150.646607887745,0.0,29.25,0.0,1.65,0.0,0.36375748813152314,0.0,0.0,0.0,0.39609375,0.60390625
thermal_stress,md_cbad_dqn_preview_1p15,819,94.35966292269528,31.42263638228178,62.93702664546669,1.569984315149486,17719.384033966064,1018.102478992939,0.0,28.05,0.0,1.05,0.0,0.3640833184123039,0.0,0.0,0.0,0.31796875,0.68203125
thermal_stress,standard_dqn,800,97.07253056943418,31.41035751439631,65.66217306919395,1.5690756209660321,17628.67810096741,990.3533353023231,0.0,28.8,0.0,1.4,0.0,0.36392987668514254,0.0,0.0,0.00859375,0.3046875,0.68671875
thermal_stress,standard_dqn,801,104.19933550924063,34.7717497639358,69.42758573003114,1.635010111052543,18839.217416191103,633.5895303294062,0.0,29.75,0.0,0.85,0.0,0.3639280736446381,0.0,0.0,0.0328125,0.07109375,0.89609375
thermal_stress,standard_dqn,802,98.10918431140483,33.164243913441894,64.94494041323662,1.595207367138937,18082.195965862273,718.8845233798027,0.0,28.75,0.0,1.15,0.0,0.3626803532242775,0.0,0.0,0.0015625,0.1296875,0.86875
thermal_stress,standard_dqn,803,97.47629679486155,33.02764303199947,64.44865392118693,1.603615882899612,18628.01406402588,1082.0422411039472,0.0,28.5,0.0,1.1,0.0,0.3640109196305275,0.0,0.0,0.1296875,0.34609375,0.52421875
thermal_stress,standard_dqn,804,99.93050855696201,33.82744477763772,66.10306377708912,1.6045853357762099,18418.903251361848,693.8462288670241,0.0,29.25,0.0,1.1,0.0,0.3645991325378418,0.0,0.0,0.03671875,0.128125,0.83515625
thermal_stress,standard_dqn,805,100.83318546451628,32.50427860692143,68.32890692502261,1.619243264524266,18358.396931266783,1040.4759852439165,0.0,29.4,0.0,1.7,0.0,0.36198016107082365,0.0,0.0,0.0,0.30078125,0.69921875
thermal_stress,standard_dqn,806,98.73341433294118,32.72734615020454,66.00606819540262,1.6010504662059248,18363.476998901366,1067.157464917004,0.0,28.7,0.0,1.45,0.0,0.3652163103222847,0.0,0.0,0.059375,0.31953125,0.62109375
thermal_stress,standard_dqn,807,98.16932587020099,32.63391961287707,65.53540635138751,1.5882838399149477,17984.96261434555,807.6979339122772,0.0,28.6,0.0,1.05,0.0,0.36246076971292496,0.0,0.0,0.0,0.19140625,0.80859375
thermal_stress,standard_dqn,808,99.42758030615747,32.96182313077152,66.46575707852841,1.5908295303117483,18085.97965364456,773.4575003683567,0.0,29.15,0.0,1.0,0.0,0.36460976749658586,0.0,0.0,0.0015625,0.16796875,0.83046875
thermal_stress,standard_dqn,809,101.58299847945571,33.03231564648449,68.5506828765571,1.5998347397893666,18226.067394828795,828.7663205176592,0.0,29.75,0.0,1.15,0.0,0.36358854472637175,0.0,0.0,0.0,0.19609375,0.80390625
thermal_stress,standard_dqn,810,95.97890697471797,30.98258810862899,64.99631884634495,1.5674152269028128,17551.609641647337,1108.462093631178,0.0,28.55,0.0,1.25,0.0,0.3642725616693497,0.0,0.0,0.003125,0.3625,0.634375
thermal_stress,standard_dqn,811,99.85661103010179,32.495329254865645,67.36128191754223,1.5888151134364308,18062.21092853546,858.3410818606615,0.0,29.4,0.0,1.45,0.0,0.36296104788780215,0.0,0.0,0.0,0.23046875,0.76953125
thermal_stress,standard_dqn,812,94.61143663927912,31.22256074845791,63.38887598395347,1.584994908887893,17871.705399036407,1152.6826628994197,0.0,28.1,0.0,1.65,0.0,0.3640882045030594,0.0,0.0,0.01953125,0.38515625,0.5953125
thermal_stress,standard_dqn,813,98.61527081340552,31.76526841521263,66.8500024484843,1.58997982875444,17940.009966087342,1061.8290023267268,0.0,29.35,0.0,1.65,0.0,0.364000204205513,0.0,0.0,0.0,0.33203125,0.66796875
thermal_stress,standard_dqn,814,96.4756460467726,32.237139388173816,64.2385065766424,1.577213613782078,17871.114278030396,906.3219344735146,0.0,28.55,0.0,1.05,0.0,0.3631500005722046,0.0,0.0,0.00078125,0.24375,0.75546875
thermal_stress,standard_dqn,815,98.48960258021951,32.36442300491035,66.12517949745059,1.5949000114109366,18335.80582561493,1071.9576687056572,0.0,29.05,0.0,0.75,0.0,0.3644875302910805,0.0,0.0,0.04453125,0.353125,0.60234375
thermal_stress,standard_dqn,816,93.84343377895654,30.602124965563416,63.241308747082954,1.568710946943611,17480.810936546324,1105.5096865206956,0.0,27.9,0.0,1.05,0.0,0.36296961456537247,0.0,0.0,0.0,0.35546875,0.64453125
thermal_stress,standard_dqn,817,96.68080679245294,31.95618404150009,64.7246228057146,1.5750001268927007,17789.008369350435,876.9641498118639,0.0,28.4,0.0,1.1,0.0,0.36311414539813996,0.0,0.0,0.0,0.22578125,0.77421875
thermal_stress,standard_dqn,818,98.55597535301,32.4767231317237,66.07925239525736,1.576941070565954,17880.100096321105,859.2099447607994,0.0,28.9,0.0,1.3,0.0,0.36362588554620745,0.0,0.0,0.0,0.2328125,0.7671875
thermal_stress,standard_dqn,819,95.23693076632917,32.25024073906243,62.98668998703361,1.5726432441733778,17847.14961833954,819.9366363942623,0.0,28.05,0.0,0.85,0.0,0.3647759109735489,0.0,0.0,0.0,0.20859375,0.79140625
