scenario,policy,total_cost_mean,immediate_cost_mean,penalty_mean,energy_use_mean,latency_ms_mean,transmitted_mbit_mean,thermal_violation_mean,energy_violation_mean,queue_violation_mean,contact_violation_mean,planning_time_ms_mean,maximum_heat_mean,minimum_energy_mean,threshold_free_episode_mean,onboard_fraction_mean,ground_fraction_mean,hybrid_fraction_mean,total_cost_sd,immediate_cost_sd,penalty_sd,energy_use_sd,latency_ms_sd,transmitted_mbit_sd,thermal_violation_sd,energy_violation_sd,queue_violation_sd,contact_violation_sd,planning_time_ms_sd,maximum_heat_sd,minimum_energy_sd,threshold_free_episode_sd,onboard_fraction_sd,ground_fraction_sd,hybrid_fraction_sd,n_model_seeds
burst,contextual_bandit,129.31394966269835,31.756774996425957,97.55717467355532,1.7001968035497703,19002.10917825222,1476.625627260916,0.0,33.3675,26.685000000000002,1.9225,0.0,0.19026706483215095,0.0,0.0,0.0003515625,0.5022656249999999,0.4973828125,8.08376643523986,0.4859076343081617,7.882755577295266,0.012409529546233826,211.51992514679003,29.471246642864227,0.0,0.5130597072056009,3.8714916206058168,0.2830635970943633,0.0,0.00021792390471863743,0.0,0.0,0.000780221362292543,0.01330638102207379,0.012812888613329881,20
burst,fixed_ground,319.2467237088028,31.996316643264144,287.25040706553875,2.299083119845018,27326.31510528565,2568.160271167755,0.0,39.1825,48.335,3.1125,0.0,0.19001285031437873,0.0,0.0,0.0,1.0,0.0,4.149269022816231,0.2948697255331198,4.007608680870111,0.03043436948540116,416.33865232316157,20.696588326480367,0.0,0.565981913417548,0.8548776459082803,0.2674809388191594,0.0,7.453495027447035e-05,0.0,0.0,0.0,0.0,0.0,20
burst,fixed_onboard,290.1899029445771,68.51435742624105,221.6755455184479,2.0902252760855484,38411.593496646885,76.84725188808515,0.0,37.7875,36.065,0.0,0.0,0.199569203928113,0.0,0.0,1.0,0.0,0.0,6.113228846149136,0.5753154884737938,5.783071145360302,0.01140455491100558,330.78624248085913,1.147866084714432,0.0,0.36845159647824643,0.774613655824292,0.0,0.0,0.0013359124084453258,0.0,0.0,0.0,0.0,0.0,20
burst,immediate_argmin,241.19734847991012,29.963807952590287,211.2335405280835,1.9420836917613635,22156.237722702026,2096.239135341197,0.0,34.325,36.230000000000004,2.6225,0.0,0.19026075288653374,0.0,0.0,0.00011718750000000002,0.793984375,0.2058984375,6.837583142654505,0.29183484253424835,6.654196218252776,0.028306547408172643,404.9977908772242,32.09498208589583,0.0,0.514653690410001,1.1770167462923509,0.2940081452505768,0.0,0.00022671709330227666,0.0,0.0,0.0002862090222910338,0.00977129769451675,0.009762664024794651,20
burst,md_cbad_dqn,96.9536318651177,31.678227997850627,65.27540385944397,1.5809117171517575,17874.431383666993,992.724493913129,0.0,28.7125,0.0,1.3475,0.0,0.19175256855785847,0.0,0.0,0.008710937499999998,0.2970703125,0.69421875,2.115434519154159,0.663499459117456,1.5870922730634074,0.011100167622623176,260.4611383074524,92.82689454551206,0.0,0.48798053239857936,0.0,0.2653076664831547,0.0,0.0006833149367323104,0.0,0.0,0.015424859233742023,0.05022684138688322,0.05524469435259682,20
burst,mpc_h4,108.34735332994671,31.487785438541323,76.85956788950548,1.6832128125941381,18875.349969758987,1435.1122805391997,0.0,32.255,4.15,1.0825,308.5721249959897,0.19030441608279944,0.0,0.0,0.0047265625,0.49242187499999995,0.5028515625,1.9928027986384163,0.4807422528146629,1.6071114807674738,0.011569550596151718,228.28297616747733,23.309123727265614,0.0,0.4263986274294097,0.9847521729375689,0.2196138956393578,4.786583933139307,0.0002601904678547656,0.0,0.0,0.0015308261698623808,0.010411148483558912,0.00986674619147933,20
burst,standard_dqn,97.9921126271151,32.25342430346645,65.73868834068254,1.5900378761906178,18058.8375430727,920.3888251833245,0.0,28.845,0.0,1.2075,0.0,0.19186987195163965,0.0,0.0,0.016953125,0.2525390625,0.7305078125,2.449137142427173,0.9587414951905484,1.7531684644775072,0.017619509992428912,353.02498606831597,159.33130470981732,0.0,0.5323483228508434,0.0,0.26816874106467087,0.0,0.000758567852900916,0.0,0.0,0.031989703479411276,0.09168114555427366,0.1038214975756997,20
burst,threshold,238.74015542205092,32.012112829573454,206.7280425943401,1.9645590239833108,23047.391576509475,2053.797425732482,0.0,34.17,34.472500000000004,0.9724999999999999,0.0,0.19026075288653374,0.0,0.0,0.0225,0.762109375,0.215390625,6.564908894066521,0.4015506348181804,6.303258583208404,0.02192713677490541,336.76504659058594,20.680755097121914,0.0,0.5302432411043481,0.8456506370836614,0.16421664124916782,0.0,0.00022671709330227666,0.0,0.0,0.003005528759636147,0.006660549636765425,0.006997359846333395,20
energy_limited,contextual_bandit,134.57211686092631,27.61143493613228,106.96068196122735,1.5985041316202842,17205.29129502773,1466.2957974315807,0.0,42.8275,13.205000000000002,1.9725000000000001,0.0,0.19030418910086155,0.0,0.0,0.000234375,0.5700000000000001,0.42976562500000004,2.931106291615628,0.3974324588738693,2.644000344146362,0.01167868567101671,198.71696809320142,24.82475800678598,0.0,0.7501710331300251,3.0816477137367517,0.24466679812607012,0.0,0.00022504916500830168,0.0,0.0,0.0006260271165515874,0.013646063510848315,0.013811028217014985,20
energy_limited,fixed_ground,327.8641407334,28.394989836215974,299.4691508975939,2.0447603380307555,23670.8112441349,2307.5062146043774,0.0,47.525,48.31,2.9675000000000002,0.0,0.19001285031437873,0.0,0.0,0.0,1.0,0.0,5.633031407350587,0.23801989148709035,5.516263511445818,0.021751455026814043,296.9887942325905,17.95066120750974,0.0,0.7335027714940632,0.8538766088597891,0.26718562441631644,0.0,7.453495027447035e-05,0.0,0.0,0.0,0.0,0.0,20
energy_limited,fixed_onboard,238.64499067276233,64.09522418711335,174.54976647454762,1.9557365540438334,34504.00611719132,69.03268153773621,0.0,46.55,26.747500000000002,0.0,0.0,0.1995370865985751,0.0,0.0,1.0,0.0,0.0,6.963984769481542,0.5145105561998019,6.600093875002723,0.009740279629597056,281.95680739700987,1.0065313299030076,0.0,0.33756091068287525,1.5776794251117843,0.0,0.0,0.001367851078585482,0.0,0.0,0.0,0.0,0.0,20
energy_limited,immediate_argmin,225.31141144742915,26.792721716724337,198.51868974705886,1.7744093297817745,19616.6046186018,1896.8102139461785,0.0,43.1375,31.555,2.4875,0.0,0.19026075288653374,0.0,0.0,3.90625e-05,0.7965234375,0.2034375,7.727179059247082,0.24844818332101132,7.547541054683902,0.02360484010310534,341.2062255919944,31.184565253908286,0.0,0.598875041882255,1.7264886787623983,0.319487665522556,0.0,0.00022671709330227666,0.0,0.0,0.0001746928107421711,0.011399080186194122,0.011427015614554083,20
energy_limited,md_cbad_dqn,118.14655592387541,28.163549092486498,89.98300681397319,1.4794297896651551,16058.815564093591,919.3902949485182,0.0,38.5225,0.0,1.3125,0.0,0.1921974531933665,0.0,0.0,0.0125390625,0.30769531250000004,0.679765625,1.6784052026781038,0.7168870147130303,1.172084213306203,0.010817189106870724,258.146715389636,114.78206726820996,0.0,0.492703337666155,0.0,0.30731220196029346,0.0,0.000743085730337778,0.0,0.0,0.023111041917924697,0.06729082620555948,0.07448894722463775,20
energy_limited,mpc_h4,125.99816219704803,27.418708446752284,98.57945377484542,1.5913955587637612,17155.934563913346,1421.4108121136203,0.0,41.802499999999995,1.27,1.1,308.57747699250467,0.19030441608279944,0.0,0.0,0.004296875,0.5513671875,0.4443359375,1.5832991709557511,0.3547862832882736,1.3317864788869884,0.011363785586902918,185.50514223632226,19.303010157783355,0.0,0.563932386764677,0.3415907061474533,0.2058359080739597,5.010731558368645,0.0002601904678547656,0.0,0.0,0.0012546172946046347,0.010026931636280918,0.009998056323235974,20
energy_limited,standard_dqn,119.60048168297484,28.9229225997068,90.67755908617377,1.4923952308786101,16302.02273701191,838.5926051654294,0.0,38.765,0.0,1.1724999999999999,0.0,0.19259108897298577,0.0,0.0,0.02359375,0.252890625,0.723515625,2.4190101021381802,1.2062723658399404,1.433219848247512,0.020380560243373556,425.99461459353984,201.0068196342528,0.0,0.5419506677879357,0.0,0.3492378920781047,0.0,0.0005805665737359546,0.0,0.0,0.04251336138652857,0.12477598656633404,0.1416514757198173,20
energy_limited,threshold,246.45740689847088,28.58194141438231,217.87546549273125,1.8402045355783776,20968.32324699402,1950.2811513878405,0.0,43.4975,34.5175,1.3525,0.0,0.19026075288653374,0.0,0.0,0.012773437500000002,0.8119531249999999,0.1752734375,6.450346282861077,0.2708664925332522,6.335816709591129,0.015013758923892489,215.99025830435815,19.963470811579683,0.0,0.5519045970188365,1.2993191536946918,0.2035701094799632,0.0,0.00022671709330227666,0.0,0.0,0.0032089364803161726,0.007931252073742007,0.008828925499338058,20
link_limited,contextual_bandit,137.55331145105623,33.708952283244585,103.8443591746662,1.8858502153586596,21987.09795867443,973.7677612563969,0.0,38.7,26.0925,1.3475,0.0,0.19044773280620575,0.0,0.0,0.0016015625,0.30460937499999996,0.6937890624999999,5.874196067533759,0.5433948805187314,5.51069845883031,0.018699822047406552,320.7346831639014,30.74089217482211,0.0,0.9074255080344505,4.533799237539725,0.24945994299264712,0.0,0.0002798149938790275,0.0,0.0,0.0024636935016820304,0.016991821211266855,0.0161854165590499,20
link_limited,fixed_ground,410.5527156508445,39.33192047657445,371.22079517427017,3.7609621473029256,47975.10198986054,2307.5062146043774,0.0,50.9975,56.08,2.9675000000000002,0.0,0.19001285031437873,0.0,0.0,0.0,1.0,0.0,5.801723895664578,0.48434237654055173,5.564160435635794,0.06322557734346756,928.6077592616293,17.95066120750974,0.0,0.8814573757494791,0.6906137621138541,0.26718562441631644,0.0,7.453495027447035e-05,0.0,0.0,0.0,0.0,0.0,20
link_limited,fixed_onboard,209.15411571315934,63.34037830147893,145.81373741387839,1.9557365540438334,34983.99477573395,69.03268153773621,0.0,35.8675,26.747500000000002,0.0,0.0,0.1995370865985751,0.0,0.0,1.0,0.0,0.0,7.222300438078015,0.5212575614649609,6.84947172727845,0.009740279629597056,284.8358033129254,1.0065313299030076,0.0,0.3569885004782149,1.5776794251117843,0.0,0.0,0.001367851078585482,0.0,0.0,0.0,0.0,0.0,20
link_limited,immediate_argmin,272.0244374446249,32.226231393497436,239.7982060503079,2.27476532347966,27039.813045239447,1592.2876689442433,0.0,38.7525,40.6875,2.2875,0.0,0.1906346056982875,0.0,0.0,0.0012890625,0.6488671874999999,0.34984375,7.9791622724289075,0.3580907420188483,7.732003753067867,0.03221478491069791,472.5212394757056,29.85145141531053,0.0,0.651814269639184,1.4739737732437874,0.3203102936381007,0.0,0.00034586305413671764,0.0,0.0,0.0008511115869192228,0.012011087749525818,0.012000719550795364,20
link_limited,md_cbad_dqn,101.96177266227454,31.863002670202405,70.09877000311762,1.6996570529066957,19892.24501470089,624.605973777026,0.0,30.125,0.0,0.8300000000000001,0.0,0.1927936340495944,0.0,0.0,0.0199609375,0.12281249999999999,0.8572265625,1.9682425184033674,0.6840009576409862,1.5582966758305512,0.013943715119516168,318.154604953169,56.49653676489055,0.0,0.4945758416642435,0.0,0.19628121608924703,0.0,0.0006842405206504175,0.0,0.0,0.03431839219823018,0.038396961935226896,0.05269872698620226,20
link_limited,mpc_h4,115.73190920219092,32.518809031751005,83.21310019856585,1.8338158512907103,21382.683631792068,996.6329428521916,0.0,35.0325,2.8975,0.865,308.9845604854054,0.19097127381712198,0.0,0.0,0.008125,0.3275,0.6643749999999999,1.9210397311408283,0.447065534025958,1.5511854130852027,0.012137408253102118,221.98561683214612,12.132116281065608,0.0,0.5368708067662965,0.8950852649770007,0.2090706251862979,4.641675888889612,0.00044337935840876305,0.0,0.0,0.0028609676144251395,0.009074119139502979,0.009909385918225024,20
link_limited,standard_dqn,102.86136533040181,32.32223517828621,70.53913015862554,1.7072788637108167,20069.959758090972,601.389158457499,0.0,30.2375,0.0,0.8175000000000001,0.0,0.19285690434277059,0.0,0.0,0.031953125,0.10511718750000001,0.8629296875,1.9322783585735566,0.9640356076571963,1.5508581120508047,0.018453615728682583,461.7211627848951,84.65249673406413,0.0,0.5012812531272661,0.0,0.2147673159491453,0.0,0.000823154015650261,0.0,0.0,0.049620074348712045,0.060158906618543624,0.08737893814714658,20
link_limited,threshold,227.24689988780287,36.370636741742494,190.87626314185079,2.037054906748235,25580.240045232775,1355.4681898811832,0.0,36.072500000000005,33.94,0.9225,0.0,0.19206926424056292,0.0,0.0,0.12378906249999999,0.512578125,0.3636328125,8.36373530475876,0.5091468723054294,8.234270072908267,0.017703714757318297,273.9400228403094,36.16893852370715,0.0,0.5097664583956687,1.5674820573135764,0.17050621226527973,0.0,0.0009095727438404533,0.0,0.0,0.00668930493196878,0.01806752030260013,0.015245125255582123,20
nominal,contextual_bandit,100.63001476808556,27.906608852110804,72.72340592821233,1.6028225084301084,17298.695544600487,1456.21426312048,0.0,29.74,16.725,1.9475000000000002,0.0,0.19026706483215095,0.0,0.0,0.00046875,0.5667187499999999,0.4328125,3.1091266351885674,0.4052008388736105,2.799521666249251,0.010823253739442765,190.1303803213484,22.07139181499577,0.0,0.6917940064559831,3.55244541422562,0.2750478427282674,0.0,0.00021792390471863743,0.0,0.0,0.0008558164961018221,0.01207490584440791,0.011676183657455538,20
nominal,fixed_ground,299.55582150066806,28.394989836215974,271.16083166445213,2.0447603380307555,23670.8112441349,2307.5062146043774,0.0,36.9825,48.31,2.9675000000000002,0.0,0.19001285031437873,0.0,0.0,0.0,1.0,0.0,5.703948025184018,0.23801989148709035,5.582352754896172,0.021751455026814043,296.9887942325905,17.95066120750974,0.0,0.7119792649257495,0.8538766088597891,0.26718562441631644,0.0,7.453495027447035e-05,0.0,0.0,0.0,0.0,0.0,20
nominal,fixed_onboard,208.93812082338596,63.12438341002911,145.81373741387839,1.9557365540438334,34504.00611719132,69.03268153773621,0.0,35.8675,26.747500000000002,0.0,0.0,0.1995370865985751,0.0,0.0,1.0,0.0,0.0,7.220911716734119,0.5198802709127265,6.84947172727845,0.009740279629597056,281.95680739700987,1.0065313299030076,0.0,0.3569885004782149,1.5776794251117843,0.0,0.0,0.001367851078585482,0.0,0.0,0.0,0.0,0.0,20
nominal,immediate_argmin,193.42332960352286,26.79269259463996,166.63063701271994,1.7744078450347296,19616.587143034936,1896.7996242107452,0.0,30.77,31.555,2.4875,0.0,0.19026075288653374,0.0,0.0,7.8125e-05,0.7965234375,0.20339843750000003,8.33019134441854,0.24846223639491052,8.160359602736527,0.023605978941105832,341.22135728836156,31.1781866592309,0.0,0.6090112780910587,1.7264886787623983,0.319487665522556,0.0,0.00022671709330227666,0.0,0.0,0.000240463676269958,0.011399080186194122,0.011398516551933576,20
nominal,md_cbad_dqn,77.44540711368806,28.09038022522815,49.35502689328883,1.4778144394024275,16033.041222715377,924.0114348631726,0.0,23.44,0.0,1.3675000000000002,0.0,0.19175256855785847,0.0,0.0,0.007421875,0.31265624999999997,0.679921875,1.855248039710851,0.5806183482275219,1.3589631309559456,0.00929118842162614,210.39458238225268,96.12891452033523,0.0,0.5775629380149158,0.0,0.2749521489469146,0.0,0.0006833149367323104,0.0,0.0,0.01325219344741704,0.05703975468310862,0.060741133087607514,20
nominal,mpc_h4,90.82778442196862,27.61021219495684,63.21757225882576,1.5883881984790786,17159.221444602015,1422.2249479448797,0.0,28.5325,1.4925,1.0825,307.85973449936137,0.19030441608279944,0.0,0.0,0.0047265625,0.554765625,0.44050781250000004,1.707040510645147,0.35064802091680675,1.4350192257155823,0.009061702214979888,167.23075581218998,18.28435368982245,0.0,0.5232175254589316,0.36823726618924146,0.22842423597102685,4.6547247893290855,0.0002601904678547656,0.0,0.0,0.0016712754089612768,0.009598152812794957,0.009279513034124876,20
nominal,standard_dqn,78.80375518168881,28.603792538763958,50.199962636321786,1.4878852507122793,16194.822757229806,865.6486928205937,0.0,23.692500000000003,0.0,1.25,0.0,0.19186987195163965,0.0,0.0,0.013710937500000001,0.27082031250000005,0.71546875,2.456002292214703,0.9078298349215143,1.7414137986754268,0.016662326846880616,289.24190172149935,167.841664053827,0.0,0.6877260393958897,0.0,0.3060787652326045,0.0,0.000758567852900916,0.0,0.0,0.0247617593072988,0.10464799277854366,0.11369313166008592,20
nominal,threshold,188.08077669705514,28.527264726683494,159.553511966814,1.8026819835160857,20460.340018343926,1860.1008050333148,0.0,30.6975,29.2625,0.9625,0.0,0.19026075288653374,0.0,0.0,0.02046875,0.7675390625,0.2119921875,6.414127647582824,0.3390813411551673,6.162293836849715,0.017006983859853192,263.51431647697984,14.026617086907896,0.0,0.6323462991947238,0.9674811299669399,0.16848785681685444,0.0,0.00022671709330227666,0.0,0.0,0.0035449707240272845,0.006096358879797265,0.007412780092282923,20
reduced_coupling,contextual_bandit,26.040355309863905,25.735820421874525,0.3045348879893862,1.6477139960555358,17768.42775975704,1778.7083570844122,0.0,0.0,1.9024999999999999,1.0525,0.0,0.1897335324436426,0.4401356959342957,0.24,0.001015625,0.7268749999999999,0.272109375,0.37035291006852133,0.26635383591557515,0.14758991149771503,0.021555805778187984,371.6597565859106,65.6009230395366,0.0,0.0,1.0762355201055398,0.2643139082705698,0.0,0.00010896175287691393,0.010776049905411209,0.15008769366431643,0.002296676392236811,0.038412687220157914,0.03828678799899001,20
reduced_coupling,fixed_ground,51.721448912911555,27.32610060973093,24.395348303180633,1.8897173141501846,21599.902082881927,2307.5062146043774,0.0,0.01,26.1875,1.2449999999999999,0.0,0.18960642520338297,0.3191343815997243,0.0,0.0,1.0,0.0,1.668981150595779,0.2153192073524645,1.5171335035460487,0.016857873916733736,234.76800265323652,17.95066120750974,0.0,0.03479261869692297,1.007325144810959,0.29951715529463324,0.0,3.7267567787568665e-05,0.008427647594671756,0.0,0.0,0.0,0.0,20
reduced_coupling,fixed_onboard,59.84182414773852,59.84182414773852,0.0,1.9557365540438334,34493.149369068145,69.03268153773621,0.0,0.0,0.0,0.0,0.0,0.1943685431033373,0.28613124269992113,1.0,1.0,0.0,0.0,0.5192173149222987,0.5192173149222987,0.0,0.009740279629597056,281.8889831547654,1.0065313299030076,0.0,0.0,0.0,0.0,0.0,0.00068392488299297,0.004870133700144011,0.0,0.0,0.0,0.0,20
reduced_coupling,immediate_argmin,26.653855428794884,25.58941998893395,1.0644354398609357,1.658220093175769,17875.039515757562,1799.542866163105,0.0,0.0,2.8225000000000002,1.0325,0.0,0.18973037645220756,0.4348826382309198,0.2425,0.0,0.735546875,0.264453125,0.6288234946536481,0.22738932285113053,0.46918532386795214,0.01737093460171445,260.27676776587714,28.07156508402705,0.0,0.0,1.0518748925008545,0.2514562847850391,0.0,0.000113358469728091,0.00868558452058526,0.12489469248341308,0.0,0.01161411620884257,0.011614116208842604,20
reduced_coupling,md_cbad_dqn,27.798297964394088,27.72731596129946,0.0709820030946285,1.4640565308509395,15823.46082847595,949.6647966668382,0.0,0.0,0.0,0.7424999999999999,0.0,0.1904762839525938,0.5319652896374464,0.4625,0.00042968750000000006,0.3307421875,0.668828125,0.5503709880840072,0.5519586641544814,0.0197318505136201,0.009922174057127127,204.05110334586664,88.58435169640669,0.0,0.0,0.0,0.23355096367084194,0.0,0.0003416574677743001,0.004959360182641139,0.15549158041176173,0.0013042060548042848,0.05494258822744664,0.055358257259353484,20
reduced_coupling,mpc_h4,25.703282035795485,25.604146955441685,0.0991350803538014,1.6342284502158873,17522.382269768714,1732.3835972002894,0.0,0.0,0.7325,0.8800000000000001,306.1769895206089,0.1897374490275979,0.44687843166291713,0.335,0.001328125,0.6990234375,0.29964843750000003,0.26058100604581275,0.24125887645904967,0.02509926368035579,0.015841031182724005,232.93499066853417,23.472100383224262,0.0,0.0,0.3407711842277748,0.23192557789991716,5.108362189797047,0.00011597492500829717,0.007920230590866932,0.15398222727246635,0.0010170473340043043,0.010851621853641994,0.010421556897615163,20
reduced_coupling,standard_dqn,28.0066023058556,27.935015888875352,0.07158641698025173,1.4701944514364005,15881.479341382981,926.0799400603771,0.0,0.0,0.0,0.7525000000000001,0.0,0.19053493559360504,0.5288978061079979,0.45999999999999996,0.0016796875,0.3087890625,0.68953125,0.7247666594358043,0.7259499239865981,0.018850205269767797,0.015811439041282512,227.17506289952547,127.36958663255997,0.0,0.0,0.0,0.2093064990063992,0.0,0.0003792838521371246,0.00790409928780313,0.14011273656369866,0.00361385075081659,0.07831058344136387,0.07993117735067133,20
reduced_coupling,threshold,26.433141310304638,26.432963804434984,0.0001775058696498588,1.6545943720382639,18055.924723963737,1717.9344925430419,0.0,0.0,0.0075000000000000015,0.0,0.0,0.18973037645220756,0.43669717319309714,0.9949999999999999,0.0164453125,0.693828125,0.2897265625,0.38179501865231086,0.38162920243826665,0.0005761866061377442,0.014505759910735373,256.76078922213486,21.97790730634884,0.0,0.0,0.024468024246479647,0.0,0.0,0.000113358469728091,0.007252572054817218,0.015389675281277326,0.003831312448512258,0.011289848560094505,0.010905954862354055,20
static,contextual_bandit,24.68649324269965,24.68649324269965,0.0,1.592447020735126,16880.969649167062,1757.083909948021,0.0,0.0,0.0,0.395,0.0,0.1891999989748001,0.8859999775886536,0.6599999999999999,3.90625e-05,0.6998046875,0.30015625,0.20143407032013666,0.20143407032013666,0.0,0.027938836876588713,522.3539994775505,133.43767711963184,0.0,0.0,0.0,0.1255514153434235,0.0,0.0,0.0,0.09403246919632544,0.0001746928107421711,0.08495811351552951,0.08497955926822082,20
static,fixed_ground,26.483260649666192,26.483260649666192,0.0,1.7703089290717617,19990.78329017639,2307.5062146043774,0.0,0.0,0.0,0.3975,0.0,0.1891999989748001,0.8859999775886536,0.6599999999999999,0.0,1.0,0.0,0.20020241279883275,0.20020241279883275,0.0,0.013825554836064596,194.9310672865517,17.95066120750974,0.0,0.0,0.0,0.12404901408208305,0.0,0.0,0.0,0.09403246919632544,0.0,0.0,0.0,20
static,fixed_onboard,56.10377251982688,56.10377251982688,0.0,1.9557365540438334,34482.743638496395,69.03268153773621,0.0,0.0,0.0,0.0,0.0,0.1891999989748001,0.8859999775886536,1.0,1.0,0.0,0.0,0.4946642452596225,0.4946642452596225,0.0,0.009740279629597056,281.8237435275566,1.0065313299030076,0.0,0.0,0.0,0.0,0.0,0.0,0.0,0.0,0.0,0.0,0.0,20
static,immediate_argmin,24.552112738676367,24.552112738676367,0.0,1.5811109669646248,16654.474163417814,1713.947043277621,0.0,0.0,0.0,0.3975,0.0,0.1891999989748001,0.8859999775886536,0.6599999999999999,0.0,0.671640625,0.328359375,0.20996790035346483,0.20996790035346483,0.0,0.01302367290447707,200.02011471176297,23.114062510051635,0.0,0.0,0.0,0.12404901408208305,0.0,0.0,0.0,0.09403246919632544,0.0,0.009323804843510418,0.009323804843510426,20
static,md_cbad_dqn,27.429094884116203,27.429094884116203,0.0,1.4634003463853151,15873.17479642868,1084.7722791701556,0.0,0.0,0.0,0.385,0.0,0.1891999989748001,0.8859999775886536,0.6675,0.013398437499999999,0.40812499999999996,0.5784765625,0.997911486635254,0.997911486635254,0.0,0.021055804599805928,397.5579555577134,239.75280976781772,0.0,0.0,0.0,0.13288301146814105,0.0,0.0,0.0,0.10294991117298895,0.03503063725313914,0.14017549686687397,0.14921573067178154,20
static,mpc_h4,24.552112738676367,24.552112738676367,0.0,1.5811109669646248,16654.474163417814,1713.947043277621,0.0,0.0,0.0,0.3975,305.43563047714997,0.1891999989748001,0.8859999775886536,0.6599999999999999,0.0,0.671640625,0.328359375,0.20996790035346483,0.20996790035346483,0.0,0.01302367290447707,200.02011471176297,23.114062510051635,0.0,0.0,0.0,0.12404901408208305,4.628144915004696,0.0,0.0,0.09403246919632544,0.0,0.009323804843510418,0.009323804843510426,20
static,standard_dqn,27.456527307517824,27.456527307517824,0.0,1.4791259606694802,16168.484833922386,1158.1115163550712,0.0,0.0,0.0,0.3875,0.0,0.1891999989748001,0.8859999775886536,0.665,0.0362109375,0.44242187499999996,0.5213671875,1.3350047124757813,1.3350047124757813,0.0,0.05221961118339347,947.9134452053714,291.6745683721915,0.0,0.0,0.0,0.1244725714871818,0.0,0.0,0.0,0.09610849132757811,0.06289823527835067,0.15002122160051182,0.16156408965260657,20
static,threshold,24.735193833168598,24.735193833168598,0.0,1.5845090611232444,16779.126818780896,1704.9777957603335,0.0,0.0,0.0,0.0,0.0,0.1891999989748001,0.8859999775886536,1.0,0.00625,0.6680078125,0.3257421875,0.24654201399668543,0.24654201399668543,0.0,0.013185797631449262,215.61353547512297,21.713800855691723,0.0,0.0,0.0,0.0,0.0,0.0,0.0,0.0,0.0019958324176828288,0.008941725141111067,0.009847844673647278,20
thermal_stress,contextual_bandit,130.34218375679117,31.91607339138165,98.42611037202191,1.7005463513522407,19029.391592936514,1474.543948868215,0.0,33.45,27.455000000000002,1.905,0.0,0.36219385437667373,0.0,0.0,0.000390625,0.5037499999999999,0.49585937500000005,7.807052339966214,0.4663855288174339,7.66923221776048,0.01250066112120306,204.75111901601295,31.021972546852087,0.0,0.5223932779449835,3.4109305722076866,0.2973125238568084,0.0,0.0001824146123968862,0.0,0.0,0.0006941588411239364,0.014195732164197516,0.013924994758692178,20
thermal_stress,fixed_ground,319.2467237088028,31.996316643264144,287.25040706553875,2.299083119845018,27326.31510528565,2568.160271167755,0.0,39.1825,48.335,3.1125,0.0,0.36201282747089863,0.0,0.0,0.0,1.0,0.0,4.149269022816231,0.2948697255331198,4.007608680870111,0.03043436948540116,416.33865232316157,20.696588326480367,0.0,0.565981913417548,0.8548776459082803,0.2674809388191594,0.0,7.453513557513733e-05,0.0,0.0,0.0,0.0,0.0,20
thermal_stress,fixed_onboard,290.6898706989858,69.01432518020272,221.6755455184479,2.0902252760855484,38411.593496646885,76.84725188808515,0.0,37.7875,36.065,0.0,0.0,0.37153706297278405,0.0,0.0,1.0,0.0,0.0,6.11322884886223,0.5753154779703161,5.783071145360302,0.01140455491100558,330.78624248085913,1.147866084714432,0.0,0.36845159647824643,0.774613655824292,0.0,0.0,0.0013678501647277684,0.0,0.0,0.0,0.0,0.0,20
thermal_stress,immediate_argmin,247.58351350844336,30.08442826703191,217.49908524157908,1.951408964607399,22314.130687799454,2119.38819190681,0.0,34.565,37.45,2.6350000000000002,0.0,0.3621487123519182,0.0,0.0,0.00011718750000000002,0.80859375,0.1912890625,6.24835846506905,0.2839417890342749,6.078518025269476,0.027244103710080642,387.5215294920366,30.776865641523454,0.0,0.49313711128479915,1.2222713972031947,0.28612658221953374,0.0,0.0001583031770695103,0.0,0.0,0.0002862090222910338,0.008940018507869697,0.00896612133103617,20
thermal_stress,md_cbad_dqn,97.20107928559185,31.841583205210043,65.35949611809104,1.5815479812165723,17883.154489808083,996.4983093399181,0.0,28.744999999999997,0.0,1.3375,0.0,0.3635887815803289,0.0,0.0,0.0087109375,0.299375,0.6919140625,2.159500620471506,0.6749765929201854,1.6152781610271265,0.01127463747729341,264.0001701812578,90.73767445964778,0.0,0.5152669211195305,0.0,0.2766695730136925,0.0,0.0007244418989599435,0.0,0.0,0.015447750815008593,0.04870377257454931,0.05367978686992426,20
thermal_stress,mpc_h4,109.19765372792028,31.75126280894503,77.44639094706395,1.6846579595515503,18931.18555593967,1429.2130236981063,0.0,32.39,4.865,1.0574999999999999,308.0105282535078,0.36222232222557066,0.0,0.0,0.0047265625,0.49343750000000003,0.5018359375,2.0116805799106334,0.4745542278241151,1.6288439841215254,0.011962782497750353,226.5449007627185,22.3550373810682,0.0,0.40477414105048715,1.1366038980456785,0.22140401270551818,4.551318125364124,0.0001916228568817902,0.0,0.0,0.0015308261698623808,0.011544482761771644,0.011052249911418077,20
thermal_stress,standard_dqn,98.19394904852099,32.420685197338464,65.77326387715712,1.5901675125164911,18062.270872545243,922.8742962663248,0.0,28.845,0.0,1.2025000000000001,0.0,0.3637224507331848,0.0,0.0,0.0169140625,0.2542578125,0.7288281249999999,2.4595585525726342,0.9677068207643928,1.7557437491446246,0.017532072693784758,352.9360184990979,157.29197157847815,0.0,0.5367788920471519,0.0,0.2736089218305265,0.0,0.0008506831763278762,0.0,0.0,0.03203704115652642,0.0906432444628708,0.10277299247925716,20
thermal_stress,threshold,241.7965611817407,32.212553737442946,209.58400744303117,1.9693837573938073,23147.252829537392,2059.92560426021,0.0,34.3275,35.03,0.97,0.0,0.3621487123519182,0.0,0.0,0.0225,0.7688671874999999,0.20863281250000001,6.260269330594167,0.3946913735223874,6.008853977375832,0.02281637013447263,340.08606369810457,21.692836094936776,0.0,0.5471156425435029,0.9128324916953473,0.1625455401774498,0.0,0.0001583031770695103,0.0,0.0,0.0032121883168479927,0.007562934109713071,0.007343990582565392,20
