scenario,comparison,n_pairs,mean_difference,ci95_low,ci95_high,relative_improvement_percent,exact_sign_p,negative_seed_pairs,positive_seed_pairs,loo_mean_min,loo_mean_max,holm_adjusted_p,in_prespecified_family,mean_better,supported
burst,md_fullq_dqn - standard_dqn,1,0.0,0.0,0.0,-0.0,1.0,0,0,,,1.0,True,False,False
burst,md_cbad_dqn - standard_dqn,1,3.033543395147742,3.033543395147742,3.033543395147742,-18.41719103778024,1.0,0,1,,,1.0,True,False,False
burst,md_cbad_dqn - md_fullq_dqn,1,3.033543395147742,3.033543395147742,3.033543395147742,-18.41719103778024,1.0,0,1,,,1.0,True,False,False
burst,md_immediate_advantage_dqn - standard_dqn,1,3.033543395147742,3.033543395147742,3.033543395147742,-18.41719103778024,1.0,0,1,,,1.0,True,False,False
burst,md_cbad_dqn - md_immediate_advantage_dqn,1,0.0,0.0,0.0,-0.0,1.0,0,0,,,1.0,True,False,False
burst,double_cbad_dqn - double_dqn,1,3.524799109211475,3.524799109211475,3.524799109211475,-21.39969339749093,1.0,0,1,,,1.0,True,False,False
energy_limited,md_fullq_dqn - standard_dqn,1,0.0,0.0,0.0,-0.0,1.0,0,0,,,1.0,True,False,False
energy_limited,md_cbad_dqn - standard_dqn,1,-4.540028601884842,-4.540028601884842,-4.540028601884842,28.991168854061165,1.0,1,0,,,1.0,True,True,False
energy_limited,md_cbad_dqn - md_fullq_dqn,1,-4.540028601884842,-4.540028601884842,-4.540028601884842,28.991168854061165,1.0,1,0,,,1.0,True,True,False
energy_limited,md_immediate_advantage_dqn - standard_dqn,1,-4.540028601884842,-4.540028601884842,-4.540028601884842,28.991168854061165,1.0,1,0,,,1.0,True,True,False
energy_limited,md_cbad_dqn - md_immediate_advantage_dqn,1,0.0,0.0,0.0,-0.0,1.0,0,0,,,1.0,True,False,False
energy_limited,double_cbad_dqn - double_dqn,1,-4.540028601884842,-4.540028601884842,-4.540028601884842,28.991168854061165,1.0,1,0,,,1.0,True,True,False
link_limited,md_fullq_dqn - standard_dqn,1,0.0,0.0,0.0,-0.0,1.0,0,0,,,1.0,True,False,False
link_limited,md_cbad_dqn - standard_dqn,1,4.974488960797251,4.974488960797251,4.974488960797251,-32.64845401335877,1.0,0,1,,,1.0,True,False,False
link_limited,md_cbad_dqn - md_fullq_dqn,1,4.974488960797251,4.974488960797251,4.974488960797251,-32.64845401335877,1.0,0,1,,,1.0,True,False,False
link_limited,md_immediate_advantage_dqn - standard_dqn,1,4.974488960797251,4.974488960797251,4.974488960797251,-32.64845401335877,1.0,0,1,,,1.0,True,False,False
link_limited,md_cbad_dqn - md_immediate_advantage_dqn,1,0.0,0.0,0.0,-0.0,1.0,0,0,,,1.0,True,False,False
link_limited,double_cbad_dqn - double_dqn,1,4.974488960797251,4.974488960797251,4.974488960797251,-32.64845401335877,1.0,0,1,,,1.0,True,False,False
nominal,md_fullq_dqn - standard_dqn,1,0.0,0.0,0.0,-0.0,1.0,0,0,,,1.0,True,False,False
nominal,md_cbad_dqn - standard_dqn,1,-4.9278241743644084,-4.9278241743644084,-4.9278241743644084,32.50363540748504,1.0,1,0,,,1.0,True,True,False
nominal,md_cbad_dqn - md_fullq_dqn,1,-4.9278241743644084,-4.9278241743644084,-4.9278241743644084,32.50363540748504,1.0,1,0,,,1.0,True,True,False
nominal,md_immediate_advantage_dqn - standard_dqn,1,-4.9278241743644084,-4.9278241743644084,-4.9278241743644084,32.50363540748504,1.0,1,0,,,1.0,True,True,False
nominal,md_cbad_dqn - md_immediate_advantage_dqn,1,0.0,0.0,0.0,-0.0,1.0,0,0,,,1.0,True,False,False
nominal,double_cbad_dqn - double_dqn,1,-4.9278241743644084,-4.9278241743644084,-4.9278241743644084,32.50363540748504,1.0,1,0,,,1.0,True,True,False
thermal_stress,md_fullq_dqn - standard_dqn,1,0.0,0.0,0.0,-0.0,1.0,0,0,,,1.0,True,False,False
thermal_stress,md_cbad_dqn - standard_dqn,1,2.7366419604877805,2.7366419604877805,2.7366419604877805,-16.1678013460691,1.0,0,1,,,1.0,True,False,False
thermal_stress,md_cbad_dqn - md_fullq_dqn,1,2.7366419604877805,2.7366419604877805,2.7366419604877805,-16.1678013460691,1.0,0,1,,,1.0,True,False,False
thermal_stress,md_immediate_advantage_dqn - standard_dqn,1,2.7366419604877805,2.7366419604877805,2.7366419604877805,-16.1678013460691,1.0,0,1,,,1.0,True,False,False
thermal_stress,md_cbad_dqn - md_immediate_advantage_dqn,1,0.0,0.0,0.0,-0.0,1.0,0,0,,,1.0,True,False,False
thermal_stress,double_cbad_dqn - double_dqn,1,2.7366419604877805,2.7366419604877805,2.7366419604877805,-16.1678013460691,1.0,0,1,,,1.0,True,False,False
