policy,model_seed,trace_seed,scenario,environment_scenario,coupling,generator,compute_scale,data_scale,energy_scale,heat_scale,link_scale,total_cost,immediate_cost,penalty,energy_use,latency_ms,transmitted_mbit,thermal_violation,energy_violation,queue_violation,contact_violation,planning_time_ms,maximum_heat,minimum_energy,threshold_free_episode,onboard_fraction,ground_fraction,hybrid_fraction
standard_dqn,800,3300000,nominal,nominal,1.0,physics_correlated,1.0,1.0,1.0,1.0,1.0,16.068099305033684,16.068099305033684,0.0,0.5044640535488725,9074.567573547363,18.577319905161858,0.0,0.0,0.0,0.0,0.0,0.19906477630138397,0.4715356230735779,1.0,1.0,0.0,0.0
standard_dqn,800,3300001,nominal,nominal,1.0,physics_correlated,1.0,1.0,1.0,1.0,1.0,15.01786333322525,15.01786333322525,0.0,0.4895253963768482,8637.945426940918,15.192918062210083,0.0,0.0,0.0,0.0,0.0,0.2085304707288742,0.48647430539131165,1.0,1.0,0.0,0.0
standard_dqn,800,3300002,nominal,nominal,1.0,physics_correlated,1.0,1.0,1.0,1.0,1.0,14.39655750989914,14.39655750989914,0.0,0.4617630187422037,7920.272109985352,20.541596472263336,0.0,0.0,0.0,0.0,0.0,0.19333495199680328,0.5142367482185364,1.0,1.0,0.0,0.0
md_fullq_dqn,800,3300000,nominal,nominal,1.0,physics_correlated,1.0,1.0,1.0,1.0,1.0,16.068099305033684,16.068099305033684,0.0,0.5044640535488725,9074.567573547363,18.577319905161858,0.0,0.0,0.0,0.0,0.0,0.19906477630138397,0.4715356230735779,1.0,1.0,0.0,0.0
md_fullq_dqn,800,3300001,nominal,nominal,1.0,physics_correlated,1.0,1.0,1.0,1.0,1.0,15.01786333322525,15.01786333322525,0.0,0.4895253963768482,8637.945426940918,15.192918062210083,0.0,0.0,0.0,0.0,0.0,0.2085304707288742,0.48647430539131165,1.0,1.0,0.0,0.0
md_fullq_dqn,800,3300002,nominal,nominal,1.0,physics_correlated,1.0,1.0,1.0,1.0,1.0,14.39655750989914,14.39655750989914,0.0,0.4617630187422037,7920.272109985352,20.541596472263336,0.0,0.0,0.0,0.0,0.0,0.19333495199680328,0.5142367482185364,1.0,1.0,0.0,0.0
md_immediate_advantage_dqn,800,3300000,nominal,nominal,1.0,physics_correlated,1.0,1.0,1.0,1.0,1.0,10.048857390880585,10.048857390880585,0.0,0.5057691810652614,6870.55029296875,375.21526239812374,0.0,0.0,0.0,0.0,0.0,0.18999534845352173,0.4702305197715759,1.0,0.5,0.5,0.0
md_immediate_advantage_dqn,800,3300001,nominal,nominal,1.0,physics_correlated,1.0,1.0,1.0,1.0,1.0,9.165607303380966,9.165607303380966,0.0,0.4994713794440031,6606.100410461426,381.3055573105812,0.0,0.0,0.0,0.0,0.0,0.1905411183834076,0.4765283167362213,1.0,0.5,0.5,0.0
md_immediate_advantage_dqn,800,3300002,nominal,nominal,1.0,physics_correlated,1.0,1.0,1.0,1.0,1.0,11.484582930803299,11.484582930803299,0.0,0.6013504434376955,8359.088134765625,308.1368668079376,0.0,0.0,0.0,0.0,0.0,0.19333495199680328,0.3746494948863983,1.0,0.625,0.375,0.0
md_cbad_dqn,800,3300000,nominal,nominal,1.0,physics_correlated,1.0,1.0,1.0,1.0,1.0,10.048857390880585,10.048857390880585,0.0,0.5057691810652614,6870.55029296875,375.21526239812374,0.0,0.0,0.0,0.0,0.0,0.18999534845352173,0.4702305197715759,1.0,0.5,0.5,0.0
md_cbad_dqn,800,3300001,nominal,nominal,1.0,physics_correlated,1.0,1.0,1.0,1.0,1.0,9.165607303380966,9.165607303380966,0.0,0.4994713794440031,6606.100410461426,381.3055573105812,0.0,0.0,0.0,0.0,0.0,0.1905411183834076,0.4765283167362213,1.0,0.5,0.5,0.0
md_cbad_dqn,800,3300002,nominal,nominal,1.0,physics_correlated,1.0,1.0,1.0,1.0,1.0,11.484582930803299,11.484582930803299,0.0,0.6013504434376955,8359.088134765625,308.1368668079376,0.0,0.0,0.0,0.0,0.0,0.19333495199680328,0.3746494948863983,1.0,0.625,0.375,0.0
double_dqn,800,3300000,nominal,nominal,1.0,physics_correlated,1.0,1.0,1.0,1.0,1.0,16.068099305033684,16.068099305033684,0.0,0.5044640535488725,9074.567573547363,18.577319905161858,0.0,0.0,0.0,0.0,0.0,0.19906477630138397,0.4715356230735779,1.0,1.0,0.0,0.0
double_dqn,800,3300001,nominal,nominal,1.0,physics_correlated,1.0,1.0,1.0,1.0,1.0,15.01786333322525,15.01786333322525,0.0,0.4895253963768482,8637.945426940918,15.192918062210083,0.0,0.0,0.0,0.0,0.0,0.2085304707288742,0.48647430539131165,1.0,1.0,0.0,0.0
double_dqn,800,3300002,nominal,nominal,1.0,physics_correlated,1.0,1.0,1.0,1.0,1.0,14.39655750989914,14.39655750989914,0.0,0.4617630187422037,7920.272109985352,20.541596472263336,0.0,0.0,0.0,0.0,0.0,0.19333495199680328,0.5142367482185364,1.0,1.0,0.0,0.0
double_cbad_dqn,800,3300000,nominal,nominal,1.0,physics_correlated,1.0,1.0,1.0,1.0,1.0,10.048857390880585,10.048857390880585,0.0,0.5057691810652614,6870.55029296875,375.21526239812374,0.0,0.0,0.0,0.0,0.0,0.18999534845352173,0.4702305197715759,1.0,0.5,0.5,0.0
double_cbad_dqn,800,3300001,nominal,nominal,1.0,physics_correlated,1.0,1.0,1.0,1.0,1.0,9.165607303380966,9.165607303380966,0.0,0.4994713794440031,6606.100410461426,381.3055573105812,0.0,0.0,0.0,0.0,0.0,0.1905411183834076,0.4765283167362213,1.0,0.5,0.5,0.0
double_cbad_dqn,800,3300002,nominal,nominal,1.0,physics_correlated,1.0,1.0,1.0,1.0,1.0,11.484582930803299,11.484582930803299,0.0,0.6013504434376955,8359.088134765625,308.1368668079376,0.0,0.0,0.0,0.0,0.0,0.19333495199680328,0.3746494948863983,1.0,0.625,0.375,0.0
standard_dqn,800,3300000,burst,burst,1.0,physics_correlated,1.0,1.0,1.0,1.0,1.0,17.366622388362885,17.366622388362885,0.0,0.5360768381506205,9996.642288208008,20.806058168411255,0.0,0.0,0.0,0.0,0.0,0.19906477630138397,0.43992286920547485,1.0,1.0,0.0,0.0
standard_dqn,800,3300001,burst,burst,1.0,physics_correlated,1.0,1.0,1.0,1.0,1.0,16.240509420633316,16.240509420633316,0.0,0.5210034660995007,9551.450256347656,16.618986666202545,0.0,0.0,0.0,0.0,0.0,0.2085304707288742,0.4549963176250458,1.0,1.0,0.0,0.0
standard_dqn,800,3300002,burst,burst,1.0,physics_correlated,1.0,1.0,1.0,1.0,1.0,15.806647777557373,15.806647777557373,0.0,0.49716489017009735,8959.333038330078,22.609653890132904,0.0,0.0,0.0,0.0,0.0,0.19333495199680328,0.478834867477417,1.0,1.0,0.0,0.0
md_fullq_dqn,800,3300000,burst,burst,1.0,physics_correlated,1.0,1.0,1.0,1.0,1.0,17.366622388362885,17.366622388362885,0.0,0.5360768381506205,9996.642288208008,20.806058168411255,0.0,0.0,0.0,0.0,0.0,0.19906477630138397,0.43992286920547485,1.0,1.0,0.0,0.0
md_fullq_dqn,800,3300001,burst,burst,1.0,physics_correlated,1.0,1.0,1.0,1.0,1.0,16.240509420633316,16.240509420633316,0.0,0.5210034660995007,9551.450256347656,16.618986666202545,0.0,0.0,0.0,0.0,0.0,0.2085304707288742,0.4549963176250458,1.0,1.0,0.0,0.0
md_fullq_dqn,800,3300002,burst,burst,1.0,physics_correlated,1.0,1.0,1.0,1.0,1.0,15.806647777557373,15.806647777557373,0.0,0.49716489017009735,8959.333038330078,22.609653890132904,0.0,0.0,0.0,0.0,0.0,0.19333495199680328,0.478834867477417,1.0,1.0,0.0,0.0
md_immediate_advantage_dqn,800,3300000,burst,burst,1.0,physics_correlated,1.0,1.0,1.0,1.0,1.0,10.195795947313309,10.090493023395538,0.10530292391777052,0.5293516032397747,7088.634765625,454.9962400794029,0.0,0.0,0.0,1.0,0.0,0.18999534845352173,0.4466480612754822,0.0,0.4375,0.5625,0.0
md_immediate_advantage_dqn,800,3300001,burst,burst,1.0,physics_correlated,1.0,1.0,1.0,1.0,1.0,9.23435553908348,9.23435553908348,0.0,0.5235188025981188,6840.695602416992,435.6066263616085,0.0,0.0,0.0,0.0,0.0,0.1905411183834076,0.4524809420108795,1.0,0.4375,0.5625,0.0
md_immediate_advantage_dqn,800,3300002,burst,burst,1.0,physics_correlated,1.0,1.0,1.0,1.0,1.0,39.08425828560001,13.320847541093826,25.76341074450618,0.8248509988188744,11318.114624023438,411.78207063674927,0.0,2.0,10.0,0.0,0.0,0.19333495199680328,0.15114890038967133,0.0,0.5625,0.4375,0.0
md_cbad_dqn,800,3300000,burst,burst,1.0,physics_correlated,1.0,1.0,1.0,1.0,1.0,10.195795947313309,10.090493023395538,0.10530292391777052,0.5293516032397747,7088.634765625,454.9962400794029,0.0,0.0,0.0,1.0,0.0,0.18999534845352173,0.4466480612754822,0.0,0.4375,0.5625,0.0
md_cbad_dqn,800,3300001,burst,burst,1.0,physics_correlated,1.0,1.0,1.0,1.0,1.0,9.23435553908348,9.23435553908348,0.0,0.5235188025981188,6840.695602416992,435.6066263616085,0.0,0.0,0.0,0.0,0.0,0.1905411183834076,0.4524809420108795,1.0,0.4375,0.5625,0.0
md_cbad_dqn,800,3300002,burst,burst,1.0,physics_correlated,1.0,1.0,1.0,1.0,1.0,39.08425828560001,13.320847541093826,25.76341074450618,0.8248509988188744,11318.114624023438,411.78207063674927,0.0,2.0,10.0,0.0,0.0,0.19333495199680328,0.15114890038967133,0.0,0.5625,0.4375,0.0
double_dqn,800,3300000,burst,burst,1.0,physics_correlated,1.0,1.0,1.0,1.0,1.0,17.366622388362885,17.366622388362885,0.0,0.5360768381506205,9996.642288208008,20.806058168411255,0.0,0.0,0.0,0.0,0.0,0.19906477630138397,0.43992286920547485,1.0,1.0,0.0,0.0
double_dqn,800,3300001,burst,burst,1.0,physics_correlated,1.0,1.0,1.0,1.0,1.0,16.240509420633316,16.240509420633316,0.0,0.5210034660995007,9551.450256347656,16.618986666202545,0.0,0.0,0.0,0.0,0.0,0.2085304707288742,0.4549963176250458,1.0,1.0,0.0,0.0
double_dqn,800,3300002,burst,burst,1.0,physics_correlated,1.0,1.0,1.0,1.0,1.0,15.806647777557373,15.806647777557373,0.0,0.49716489017009735,8959.333038330078,22.609653890132904,0.0,0.0,0.0,0.0,0.0,0.19333495199680328,0.478834867477417,1.0,1.0,0.0,0.0
double_cbad_dqn,800,3300000,burst,burst,1.0,physics_correlated,1.0,1.0,1.0,1.0,1.0,10.195795947313309,10.090493023395538,0.10530292391777052,0.5293516032397747,7088.634765625,454.9962400794029,0.0,0.0,0.0,1.0,0.0,0.18999534845352173,0.4466480612754822,0.0,0.4375,0.5625,0.0
double_cbad_dqn,800,3300001,burst,burst,1.0,physics_correlated,1.0,1.0,1.0,1.0,1.0,9.23435553908348,9.23435553908348,0.0,0.5235188025981188,6840.695602416992,435.6066263616085,0.0,0.0,0.0,0.0,0.0,0.1905411183834076,0.4524809420108795,1.0,0.4375,0.5625,0.0
double_cbad_dqn,800,3300002,burst,burst,1.0,physics_correlated,1.0,1.0,1.0,1.0,1.0,40.55802542779121,14.468955367803574,26.08907005998763,0.8373223766684532,11870.848083496094,352.53620290756226,0.0,2.0,10.0,0.0,0.0,0.19333495199680328,0.13867752254009247,0.0,0.625,0.375,0.0
standard_dqn,800,3300000,link_limited,link_limited,1.0,physics_correlated,1.0,1.0,1.0,1.0,1.0,16.119583293795586,16.119583293795586,0.0,0.5044640535488725,9188.976165771484,18.577319905161858,0.0,0.0,0.0,0.0,0.0,0.19906477630138397,0.4715356230735779,1.0,1.0,0.0,0.0
standard_dqn,800,3300001,link_limited,link_limited,1.0,physics_correlated,1.0,1.0,1.0,1.0,1.0,15.070688724517822,15.070688724517822,0.0,0.4895253963768482,8755.336433410645,15.192918062210083,0.0,0.0,0.0,0.0,0.0,0.2085304707288742,0.48647430539131165,1.0,1.0,0.0,0.0
standard_dqn,800,3300002,link_limited,link_limited,1.0,physics_correlated,1.0,1.0,1.0,1.0,1.0,14.519294738769531,14.519294738769531,0.0,0.4617630187422037,8193.021286010742,20.541596472263336,0.0,0.0,0.0,0.0,0.0,0.19333495199680328,0.5142367482185364,1.0,1.0,0.0,0.0
md_fullq_dqn,800,3300000,link_limited,link_limited,1.0,physics_correlated,1.0,1.0,1.0,1.0,1.0,16.119583293795586,16.119583293795586,0.0,0.5044640535488725,9188.976165771484,18.577319905161858,0.0,0.0,0.0,0.0,0.0,0.19906477630138397,0.4715356230735779,1.0,1.0,0.0,0.0
md_fullq_dqn,800,3300001,link_limited,link_limited,1.0,physics_correlated,1.0,1.0,1.0,1.0,1.0,15.070688724517822,15.070688724517822,0.0,0.4895253963768482,8755.336433410645,15.192918062210083,0.0,0.0,0.0,0.0,0.0,0.2085304707288742,0.48647430539131165,1.0,1.0,0.0,0.0
md_fullq_dqn,800,3300002,link_limited,link_limited,1.0,physics_correlated,1.0,1.0,1.0,1.0,1.0,14.519294738769531,14.519294738769531,0.0,0.4617630187422037,8193.021286010742,20.541596472263336,0.0,0.0,0.0,0.0,0.0,0.19333495199680328,0.5142367482185364,1.0,1.0,0.0,0.0
md_immediate_advantage_dqn,800,3300000,link_limited,link_limited,1.0,physics_correlated,1.0,1.0,1.0,1.0,1.0,12.003973083967335,10.668550997972488,1.3354220859948442,0.6572545701637864,8779.042282104492,381.3392061442137,0.0,0.0,3.0,1.0,0.0,0.18999534845352173,0.3187452554702759,0.0,0.5,0.5,0.0
md_immediate_advantage_dqn,800,3300001,link_limited,link_limited,1.0,physics_correlated,1.0,1.0,1.0,1.0,1.0,17.096653830765014,11.224772915244102,5.871880915520911,0.7225467693060637,9793.380935668945,353.9215689301491,0.0,0.0,6.0,0.0,0.0,0.1905411183834076,0.25345319509506226,0.0,0.5625,0.4375,0.0
md_immediate_advantage_dqn,800,3300002,link_limited,link_limited,1.0,physics_correlated,1.0,1.0,1.0,1.0,1.0,31.532406724742344,13.45017558336258,18.08223114137977,0.8234476838260889,11402.860855102539,229.4485052227974,0.0,2.0,10.0,0.0,0.0,0.19333495199680328,0.1525522768497467,0.0,0.75,0.25,0.0
md_cbad_dqn,800,3300000,link_limited,link_limited,1.0,physics_correlated,1.0,1.0,1.0,1.0,1.0,12.003973083967335,10.668550997972488,1.3354220859948442,0.6572545701637864,8779.042282104492,381.3392061442137,0.0,0.0,3.0,1.0,0.0,0.18999534845352173,0.3187452554702759,0.0,0.5,0.5,0.0
md_cbad_dqn,800,3300001,link_limited,link_limited,1.0,physics_correlated,1.0,1.0,1.0,1.0,1.0,17.096653830765014,11.224772915244102,5.871880915520911,0.7225467693060637,9793.380935668945,353.9215689301491,0.0,0.0,6.0,0.0,0.0,0.1905411183834076,0.25345319509506226,0.0,0.5625,0.4375,0.0
md_cbad_dqn,800,3300002,link_limited,link_limited,1.0,physics_correlated,1.0,1.0,1.0,1.0,1.0,31.532406724742344,13.45017558336258,18.08223114137977,0.8234476838260889,11402.860855102539,229.4485052227974,0.0,2.0,10.0,0.0,0.0,0.19333495199680328,0.1525522768497467,0.0,0.75,0.25,0.0
double_dqn,800,3300000,link_limited,link_limited,1.0,physics_correlated,1.0,1.0,1.0,1.0,1.0,16.119583293795586,16.119583293795586,0.0,0.5044640535488725,9188.976165771484,18.577319905161858,0.0,0.0,0.0,0.0,0.0,0.19906477630138397,0.4715356230735779,1.0,1.0,0.0,0.0
double_dqn,800,3300001,link_limited,link_limited,1.0,physics_correlated,1.0,1.0,1.0,1.0,1.0,15.070688724517822,15.070688724517822,0.0,0.4895253963768482,8755.336433410645,15.192918062210083,0.0,0.0,0.0,0.0,0.0,0.2085304707288742,0.48647430539131165,1.0,1.0,0.0,0.0
double_dqn,800,3300002,link_limited,link_limited,1.0,physics_correlated,1.0,1.0,1.0,1.0,1.0,14.519294738769531,14.519294738769531,0.0,0.4617630187422037,8193.021286010742,20.541596472263336,0.0,0.0,0.0,0.0,0.0,0.19333495199680328,0.5142367482185364,1.0,1.0,0.0,0.0
double_cbad_dqn,800,3300000,link_limited,link_limited,1.0,physics_correlated,1.0,1.0,1.0,1.0,1.0,12.003973083967335,10.668550997972488,1.3354220859948442,0.6572545701637864,8779.042282104492,381.3392061442137,0.0,0.0,3.0,1.0,0.0,0.18999534845352173,0.3187452554702759,0.0,0.5,0.5,0.0
double_cbad_dqn,800,3300001,link_limited,link_limited,1.0,physics_correlated,1.0,1.0,1.0,1.0,1.0,17.096653830765014,11.224772915244102,5.871880915520911,0.7225467693060637,9793.380935668945,353.9215689301491,0.0,0.0,6.0,0.0,0.0,0.1905411183834076,0.25345319509506226,0.0,0.5625,0.4375,0.0
double_cbad_dqn,800,3300002,link_limited,link_limited,1.0,physics_correlated,1.0,1.0,1.0,1.0,1.0,31.532406724742344,13.45017558336258,18.08223114137977,0.8234476838260889,11402.860855102539,229.4485052227974,0.0,2.0,10.0,0.0,0.0,0.19333495199680328,0.1525522768497467,0.0,0.75,0.25,0.0
standard_dqn,800,3300000,energy_limited,energy_limited,1.0,physics_correlated,1.0,1.0,1.0,1.0,1.0,16.5672989487648,16.5672989487648,0.0,0.5044640535488725,9074.567573547363,18.577319905161858,0.0,0.0,0.0,0.0,0.0,0.19906477630138397,0.2115359604358673,1.0,1.0,0.0,0.0
standard_dqn,800,3300001,energy_limited,energy_limited,1.0,physics_correlated,1.0,1.0,1.0,1.0,1.0,15.517063319683075,15.517063319683075,0.0,0.4895253963768482,8637.945426940918,15.192918062210083,0.0,0.0,0.0,0.0,0.0,0.2085304707288742,0.22647467255592346,1.0,1.0,0.0,0.0
standard_dqn,800,3300002,energy_limited,energy_limited,1.0,physics_correlated,1.0,1.0,1.0,1.0,1.0,14.895757347345352,14.895757347345352,0.0,0.4617630187422037,7920.272109985352,20.541596472263336,0.0,0.0,0.0,0.0,0.0,0.19333495199680328,0.25423702597618103,1.0,1.0,0.0,0.0
md_fullq_dqn,800,3300000,energy_limited,energy_limited,1.0,physics_correlated,1.0,1.0,1.0,1.0,1.0,16.5672989487648,16.5672989487648,0.0,0.5044640535488725,9074.567573547363,18.577319905161858,0.0,0.0,0.0,0.0,0.0,0.19906477630138397,0.2115359604358673,1.0,1.0,0.0,0.0
md_fullq_dqn,800,3300001,energy_limited,energy_limited,1.0,physics_correlated,1.0,1.0,1.0,1.0,1.0,15.517063319683075,15.517063319683075,0.0,0.4895253963768482,8637.945426940918,15.192918062210083,0.0,0.0,0.0,0.0,0.0,0.2085304707288742,0.22647467255592346,1.0,1.0,0.0,0.0
md_fullq_dqn,800,3300002,energy_limited,energy_limited,1.0,physics_correlated,1.0,1.0,1.0,1.0,1.0,14.895757347345352,14.895757347345352,0.0,0.4617630187422037,7920.272109985352,20.541596472263336,0.0,0.0,0.0,0.0,0.0,0.19333495199680328,0.25423702597618103,1.0,1.0,0.0,0.0
md_immediate_advantage_dqn,800,3300000,energy_limited,energy_limited,1.0,physics_correlated,1.0,1.0,1.0,1.0,1.0,10.512097150087357,10.512097150087357,0.0,0.48735614214092493,6744.985916137695,345.5277998894453,0.0,0.0,0.0,0.0,0.0,0.18999534845352173,0.22864383459091187,1.0,0.5625,0.4375,0.0
md_immediate_advantage_dqn,800,3300001,energy_limited,energy_limited,1.0,physics_correlated,1.0,1.0,1.0,1.0,1.0,10.034029483795166,10.034029483795166,0.0,0.5037217978388071,6870.285041809082,353.9215689301491,0.0,0.0,0.0,0.0,0.0,0.1905411183834076,0.21227815747261047,1.0,0.5625,0.4375,0.0
md_immediate_advantage_dqn,800,3300002,energy_limited,energy_limited,1.0,physics_correlated,1.0,1.0,1.0,1.0,1.0,12.81390717625618,11.851378232240677,0.9625290036201477,0.5800931919366121,8127.933776855469,275.91612631082535,0.0,2.0,0.0,0.0,0.0,0.19333495199680328,0.13590677082538605,0.0,0.6875,0.3125,0.0
md_cbad_dqn,800,3300000,energy_limited,energy_limited,1.0,physics_correlated,1.0,1.0,1.0,1.0,1.0,10.512097150087357,10.512097150087357,0.0,0.48735614214092493,6744.985916137695,345.5277998894453,0.0,0.0,0.0,0.0,0.0,0.18999534845352173,0.22864383459091187,1.0,0.5625,0.4375,0.0
md_cbad_dqn,800,3300001,energy_limited,energy_limited,1.0,physics_correlated,1.0,1.0,1.0,1.0,1.0,10.034029483795166,10.034029483795166,0.0,0.5037217978388071,6870.285041809082,353.9215689301491,0.0,0.0,0.0,0.0,0.0,0.1905411183834076,0.21227815747261047,1.0,0.5625,0.4375,0.0
md_cbad_dqn,800,3300002,energy_limited,energy_limited,1.0,physics_correlated,1.0,1.0,1.0,1.0,1.0,12.81390717625618,11.851378232240677,0.9625290036201477,0.5800931919366121,8127.933776855469,275.91612631082535,0.0,2.0,0.0,0.0,0.0,0.19333495199680328,0.13590677082538605,0.0,0.6875,0.3125,0.0
double_dqn,800,3300000,energy_limited,energy_limited,1.0,physics_correlated,1.0,1.0,1.0,1.0,1.0,16.5672989487648,16.5672989487648,0.0,0.5044640535488725,9074.567573547363,18.577319905161858,0.0,0.0,0.0,0.0,0.0,0.19906477630138397,0.2115359604358673,1.0,1.0,0.0,0.0
double_dqn,800,3300001,energy_limited,energy_limited,1.0,physics_correlated,1.0,1.0,1.0,1.0,1.0,15.517063319683075,15.517063319683075,0.0,0.4895253963768482,8637.945426940918,15.192918062210083,0.0,0.0,0.0,0.0,0.0,0.2085304707288742,0.22647467255592346,1.0,1.0,0.0,0.0
double_dqn,800,3300002,energy_limited,energy_limited,1.0,physics_correlated,1.0,1.0,1.0,1.0,1.0,14.895757347345352,14.895757347345352,0.0,0.4617630187422037,7920.272109985352,20.541596472263336,0.0,0.0,0.0,0.0,0.0,0.19333495199680328,0.25423702597618103,1.0,1.0,0.0,0.0
double_cbad_dqn,800,3300000,energy_limited,energy_limited,1.0,physics_correlated,1.0,1.0,1.0,1.0,1.0,10.512097150087357,10.512097150087357,0.0,0.48735614214092493,6744.985916137695,345.5277998894453,0.0,0.0,0.0,0.0,0.0,0.18999534845352173,0.22864383459091187,1.0,0.5625,0.4375,0.0
double_cbad_dqn,800,3300001,energy_limited,energy_limited,1.0,physics_correlated,1.0,1.0,1.0,1.0,1.0,10.034029483795166,10.034029483795166,0.0,0.5037217978388071,6870.285041809082,353.9215689301491,0.0,0.0,0.0,0.0,0.0,0.1905411183834076,0.21227815747261047,1.0,0.5625,0.4375,0.0
double_cbad_dqn,800,3300002,energy_limited,energy_limited,1.0,physics_correlated,1.0,1.0,1.0,1.0,1.0,12.81390717625618,11.851378232240677,0.9625290036201477,0.5800931919366121,8127.933776855469,275.91612631082535,0.0,2.0,0.0,0.0,0.0,0.19333495199680328,0.13590677082538605,0.0,0.6875,0.3125,0.0
standard_dqn,800,3300000,thermal_stress,thermal_stress,1.0,physics_correlated,1.0,1.0,1.0,1.0,1.0,17.821856826543808,17.821856826543808,0.0,0.5360768381506205,9996.642288208008,20.806058168411255,0.0,0.0,0.0,0.0,0.0,0.3710647523403168,0.43992286920547485,1.0,1.0,0.0,0.0
standard_dqn,800,3300001,thermal_stress,thermal_stress,1.0,physics_correlated,1.0,1.0,1.0,1.0,1.0,16.695743560791016,16.695743560791016,0.0,0.5210034660995007,9551.450256347656,16.618986666202545,0.0,0.0,0.0,0.0,0.0,0.380530446767807,0.4549963176250458,1.0,1.0,0.0,0.0
standard_dqn,800,3300002,thermal_stress,thermal_stress,1.0,physics_correlated,1.0,1.0,1.0,1.0,1.0,16.26188227534294,16.26188227534294,0.0,0.49716489017009735,8959.333038330078,22.609653890132904,0.0,0.0,0.0,0.0,0.0,0.3653349280357361,0.478834867477417,1.0,1.0,0.0,0.0
md_fullq_dqn,800,3300000,thermal_stress,thermal_stress,1.0,physics_correlated,1.0,1.0,1.0,1.0,1.0,17.821856826543808,17.821856826543808,0.0,0.5360768381506205,9996.642288208008,20.806058168411255,0.0,0.0,0.0,0.0,0.0,0.3710647523403168,0.43992286920547485,1.0,1.0,0.0,0.0
md_fullq_dqn,800,3300001,thermal_stress,thermal_stress,1.0,physics_correlated,1.0,1.0,1.0,1.0,1.0,16.695743560791016,16.695743560791016,0.0,0.5210034660995007,9551.450256347656,16.618986666202545,0.0,0.0,0.0,0.0,0.0,0.380530446767807,0.4549963176250458,1.0,1.0,0.0,0.0
md_fullq_dqn,800,3300002,thermal_stress,thermal_stress,1.0,physics_correlated,1.0,1.0,1.0,1.0,1.0,16.26188227534294,16.26188227534294,0.0,0.49716489017009735,8959.333038330078,22.609653890132904,0.0,0.0,0.0,0.0,0.0,0.3653349280357361,0.478834867477417,1.0,1.0,0.0,0.0
md_immediate_advantage_dqn,800,3300000,thermal_stress,thermal_stress,1.0,physics_correlated,1.0,1.0,1.0,1.0,1.0,10.36420693397522,10.25890401005745,0.10530292391777052,0.5293516032397747,7088.634765625,454.9962400794029,0.0,0.0,0.0,1.0,0.0,0.36199530959129333,0.4466480612754822,0.0,0.4375,0.5625,0.0
md_immediate_advantage_dqn,800,3300001,thermal_stress,thermal_stress,1.0,physics_correlated,1.0,1.0,1.0,1.0,1.0,9.350218802690506,9.350218802690506,0.0,0.5235188025981188,6840.695602416992,435.6066263616085,0.0,0.0,0.0,0.0,0.0,0.3625411093235016,0.4524809420108795,1.0,0.4375,0.5625,0.0
md_immediate_advantage_dqn,800,3300002,thermal_stress,thermal_stress,1.0,physics_correlated,1.0,1.0,1.0,1.0,1.0,39.27498280747539,13.511572062969208,25.76341074450618,0.8248509988188744,11318.114624023438,411.78207063674927,0.0,2.0,10.0,0.0,0.0,0.3653349280357361,0.15114890038967133,0.0,0.5625,0.4375,0.0
md_cbad_dqn,800,3300000,thermal_stress,thermal_stress,1.0,physics_correlated,1.0,1.0,1.0,1.0,1.0,10.36420693397522,10.25890401005745,0.10530292391777052,0.5293516032397747,7088.634765625,454.9962400794029,0.0,0.0,0.0,1.0,0.0,0.36199530959129333,0.4466480612754822,0.0,0.4375,0.5625,0.0
md_cbad_dqn,800,3300001,thermal_stress,thermal_stress,1.0,physics_correlated,1.0,1.0,1.0,1.0,1.0,9.350218802690506,9.350218802690506,0.0,0.5235188025981188,6840.695602416992,435.6066263616085,0.0,0.0,0.0,0.0,0.0,0.3625411093235016,0.4524809420108795,1.0,0.4375,0.5625,0.0
md_cbad_dqn,800,3300002,thermal_stress,thermal_stress,1.0,physics_correlated,1.0,1.0,1.0,1.0,1.0,39.27498280747539,13.511572062969208,25.76341074450618,0.8248509988188744,11318.114624023438,411.78207063674927,0.0,2.0,10.0,0.0,0.0,0.3653349280357361,0.15114890038967133,0.0,0.5625,0.4375,0.0
double_dqn,800,3300000,thermal_stress,thermal_stress,1.0,physics_correlated,1.0,1.0,1.0,1.0,1.0,17.821856826543808,17.821856826543808,0.0,0.5360768381506205,9996.642288208008,20.806058168411255,0.0,0.0,0.0,0.0,0.0,0.3710647523403168,0.43992286920547485,1.0,1.0,0.0,0.0
double_dqn,800,3300001,thermal_stress,thermal_stress,1.0,physics_correlated,1.0,1.0,1.0,1.0,1.0,16.695743560791016,16.695743560791016,0.0,0.5210034660995007,9551.450256347656,16.618986666202545,0.0,0.0,0.0,0.0,0.0,0.380530446767807,0.4549963176250458,1.0,1.0,0.0,0.0
double_dqn,800,3300002,thermal_stress,thermal_stress,1.0,physics_correlated,1.0,1.0,1.0,1.0,1.0,16.26188227534294,16.26188227534294,0.0,0.49716489017009735,8959.333038330078,22.609653890132904,0.0,0.0,0.0,0.0,0.0,0.3653349280357361,0.478834867477417,1.0,1.0,0.0,0.0
double_cbad_dqn,800,3300000,thermal_stress,thermal_stress,1.0,physics_correlated,1.0,1.0,1.0,1.0,1.0,10.36420693397522,10.25890401005745,0.10530292391777052,0.5293516032397747,7088.634765625,454.9962400794029,0.0,0.0,0.0,1.0,0.0,0.36199530959129333,0.4466480612754822,0.0,0.4375,0.5625,0.0
double_cbad_dqn,800,3300001,thermal_stress,thermal_stress,1.0,physics_correlated,1.0,1.0,1.0,1.0,1.0,9.350218802690506,9.350218802690506,0.0,0.5235188025981188,6840.695602416992,435.6066263616085,0.0,0.0,0.0,0.0,0.0,0.3625411093235016,0.4524809420108795,1.0,0.4375,0.5625,0.0
double_cbad_dqn,800,3300002,thermal_stress,thermal_stress,1.0,physics_correlated,1.0,1.0,1.0,1.0,1.0,39.27498280747539,13.511572062969208,25.76341074450618,0.8248509988188744,11318.114624023438,411.78207063674927,0.0,2.0,10.0,0.0,0.0,0.3653349280357361,0.15114890038967133,0.0,0.5625,0.4375,0.0
