variant,configuration,model_seed,episode,cost,rolling_cost,epsilon,loss,td_loss,ranking_loss,gate_mean,gate_active_fraction
md_cpsr_dqn,lambda_1__rho_0p05,400,0,763.8754868121587,763.8754868121587,0.9954761904761905,,,,,
md_cpsr_dqn,lambda_1__rho_0p05,400,10,593.515847143148,739.5248226706012,0.9502380952380952,5.0728172063827515,4.98128405213356,0.09153317054733634,0.18350487388670444,0.3333333432674408
md_cpsr_dqn,lambda_1__rho_0p05,400,20,578.9359985737584,721.2557670093311,0.905,4.644175305962563,4.54741208255291,0.09676319360733032,0.1917624557390809,0.34049480222165585
md_cpsr_dqn,lambda_1__rho_0p05,400,30,576.850619172002,720.6386673294306,0.8597619047619047,4.792528331279755,4.692877471446991,0.09965091105550528,0.20096220821142197,0.35074870847165585
md_cpsr_dqn,lambda_1__rho_0p05,400,40,693.3708892198628,708.2846829661737,0.8145238095238095,5.952655553817749,5.864860326051712,0.08779525058344007,0.18218724615871906,0.327311210334301
md_cpsr_dqn,lambda_1__rho_0p05,400,50,707.0013033978662,687.4575648023605,0.7692857142857144,6.175189554691315,6.091177016496658,0.08401256101205945,0.1880136849358678,0.3331705816090107
md_cpsr_dqn,lambda_1__rho_0p05,400,60,692.6751132649437,671.4380570314017,0.724047619047619,5.564804881811142,5.480148077011108,0.0846568401902914,0.1992058251053095,0.34309896640479565
md_cpsr_dqn,lambda_1__rho_0p05,400,70,703.358460208134,663.2818879161013,0.6788095238095238,6.720130026340485,6.648146033287048,0.07198400027118623,0.19254762772470713,0.34163412638008595
md_cpsr_dqn,lambda_1__rho_0p05,400,80,656.2038759140238,649.1989677798445,0.6335714285714286,6.109400928020477,6.04396590590477,0.06543501932173967,0.19125053565949202,0.33968099765479565
md_cpsr_dqn,lambda_1__rho_0p05,400,90,633.6451616993759,615.2786957712785,0.5883333333333334,6.311150670051575,6.246700555086136,0.06445016851648688,0.19711674191057682,0.3377278745174408
md_cpsr_dqn,lambda_1__rho_0p05,400,100,570.9543284880143,577.9425281293059,0.5430952380952381,6.267262935638428,6.2099641263484955,0.057298824889585376,0.18967103213071823,0.32958984933793545
md_cpsr_dqn,lambda_1__rho_0p05,400,110,629.8533135595505,567.7387444675596,0.4978571428571429,7.043069660663605,6.987944811582565,0.05512480065226555,0.19690776988863945,0.34082032181322575
md_cpsr_dqn,lambda_1__rho_0p05,400,120,601.8901795403012,593.3838886991932,0.4526190476190477,7.636330708861351,7.578795522451401,0.05753531795926392,0.18900080863386393,0.3276367299258709
md_cpsr_dqn,lambda_1__rho_0p05,400,130,771.370533252078,594.413758600288,0.4073809523809524,7.137428551912308,7.085006207227707,0.05242236750200391,0.19553549401462078,0.33610027097165585
md_cpsr_dqn,lambda_1__rho_0p05,400,140,489.64798336395427,560.1392589157408,0.3621428571428572,7.651980608701706,7.604203432798386,0.047777172178030014,0.1942337602376938,0.33089193888008595
md_cpsr_dqn,lambda_1__rho_0p05,400,150,541.6696674195847,522.5223102800553,0.3169047619047619,7.639293164014816,7.5927958488464355,0.04649733658879995,0.19423147104680538,0.3292643316090107
md_cpsr_dqn,lambda_1__rho_0p05,400,160,448.8439753651619,475.7937409670015,0.2716666666666666,7.554093152284622,7.5032345950603485,0.05085854744538665,0.1879146359860897,0.3268229216337204
md_cpsr_dqn,lambda_1__rho_0p05,400,170,437.39010093805456,456.1156368436238,0.22642857142857142,7.545814424753189,7.501865714788437,0.043948727659881115,0.19287072494626045,0.3313802182674408
md_cpsr_dqn,lambda_1__rho_0p05,400,180,444.1133799528815,455.1255736605338,0.18119047619047624,8.329903692007065,8.280813544988632,0.049090170534327626,0.1994857732206583,0.3408203236758709
md_cpsr_dqn,lambda_1__rho_0p05,400,190,409.5431273865699,419.539861604905,0.13595238095238105,7.7365312576293945,7.690309435129166,0.046221815748140216,0.19117949157953262,0.32893881388008595
md_cpsr_dqn,lambda_1__rho_0p05,400,200,394.2523397352361,409.6725756055086,0.09071428571428575,7.139734238386154,7.09376060962677,0.045973640866577625,0.1853333180770278,0.32063802890479565
md_cpsr_dqn,lambda_1__rho_0p05,400,210,383.4637432694435,397.5542708074455,0.050000000000000044,7.288161188364029,7.246001034975052,0.04216012614779174,0.1928619658574462,0.3347981870174408
md_cpsr_dqn,lambda_1__rho_0p05,400,220,437.5798788666725,367.8140350572295,0.050000000000000044,7.38740149140358,7.344918042421341,0.04248351254500449,0.19764406327158213,0.3393554836511612
md_cpsr_dqn,lambda_1__rho_0p05,400,230,327.9379168987274,356.9236549436847,0.050000000000000044,8.028301358222961,7.988628029823303,0.03967330791056156,0.19867039192467928,0.3374023549258709
md_cpsr_dqn,lambda_1__rho_0p05,400,240,317.2545663714409,360.5406096490189,0.050000000000000044,8.12705734372139,8.092172741889954,0.03488466527778655,0.1910377060994506,0.32796225138008595
md_cpsr_dqn,lambda_1__rho_0p05,400,250,483.3553695895222,352.7056753900571,0.050000000000000044,6.677162796258926,6.642508089542389,0.03465467575006187,0.1966082789003849,0.3380533941090107
md_cpsr_dqn,lambda_1__rho_0p05,400,260,357.79752441048623,354.70788387714595,0.050000000000000044,7.602832764387131,7.571391463279724,0.03144133021123707,0.19172907527536154,0.32893881015479565
md_cpsr_dqn,lambda_1__rho_0p05,400,270,351.9474658370018,361.01992183521514,0.050000000000000044,8.452100723981857,8.422763228416443,0.029337466577999294,0.1994399856775999,0.33902995847165585
md_cpsr_dqn,lambda_1__rho_0p05,400,280,293.4414129197597,348.9584830808644,0.050000000000000044,8.53295949101448,8.5040263235569,0.028933177003636956,0.19510999973863363,0.33317057974636555
md_cpsr_dqn,lambda_1__rho_0p05,400,290,332.2503223121166,353.4523790899024,0.050000000000000044,9.168910026550293,9.14281541109085,0.02609472454059869,0.20012637693434954,0.33951823972165585
md_cpsr_dqn,lambda_1__rho_0p05,400,300,322.7719749212265,354.82961508292004,0.050000000000000044,7.200297147035599,7.17625492811203,0.024042258504778147,0.19593373127281666,0.33284506388008595
md_cpsr_dqn,lambda_1__rho_0p05,400,310,452.27185639381406,352.6753315579753,0.050000000000000044,8.582598268985748,8.558820188045502,0.02377805789001286,0.19502710737287998,0.3312174566090107
md_cpsr_dqn,lambda_1__rho_0p05,400,320,347.6160566210747,347.64505019799316,0.050000000000000044,7.750184178352356,7.728393703699112,0.02179048547986895,0.2031632885336876,0.34195964597165585
md_cpsr_dqn,lambda_1__rho_0p05,400,330,361.3808158317082,341.01920009759067,0.050000000000000044,7.915218889713287,7.8951451778411865,0.020073703140951693,0.1956654516980052,0.3383789174258709
md_cpsr_dqn,lambda_1__rho_0p05,400,340,365.98586474932546,344.6570634102983,0.050000000000000044,7.379460781812668,7.359715610742569,0.01974514836911112,0.18876439426094294,0.326822929084301
md_cpsr_dqn,lambda_1__rho_0p05,400,350,414.05402218127904,342.46333106321134,0.050000000000000044,8.105916917324066,8.084597289562225,0.02131959260441363,0.19667841214686632,0.3291015699505806
md_cpsr_dqn,lambda_1__rho_0p05,400,360,360.71185525655744,346.8309550875572,0.050000000000000044,7.96935173869133,7.94919128715992,0.020160538493655622,0.20371252857148647,0.338541679084301
md_cpsr_dqn,lambda_1__rho_0p05,400,370,352.8942146599293,349.67435208760173,0.050000000000000044,8.694440305233002,8.674753963947296,0.01968634524382651,0.1882407171651721,0.32063803263008595
md_cpsr_dqn,lambda_1__rho_0p05,400,380,309.4433801174164,341.72565857072254,0.050000000000000044,8.130255103111267,8.111623615026474,0.018631469691172242,0.19094833731651306,0.32161459140479565
md_cpsr_dqn,lambda_1__rho_0p05,400,390,336.01239636540413,342.3580203258276,0.050000000000000044,7.6587294936180115,7.6405927538871765,0.01813679258339107,0.18708807416260242,0.32503256388008595
md_cpsr_dqn,lambda_1__rho_0p05,400,400,369.39873760938644,352.9432399162925,0.050000000000000044,8.203405857086182,8.183824628591537,0.019581122207455337,0.19437793269753456,0.3318684995174408
md_cpsr_dqn,lambda_1__rho_0p05,400,410,317.8107521474361,342.8510632678366,0.050000000000000044,7.781253337860107,7.763095438480377,0.018157878366764635,0.19154794421046972,0.3276367299258709
md_cpsr_dqn,lambda_1__rho_0p05,400,420,295.1914838552475,334.26273588836193,0.050000000000000044,6.646223202347755,6.625777170062065,0.02044602856040001,0.19780453108251095,0.32910157181322575
md_cpsr_dqn,lambda_1__rho_0p05,400,430,374.15907686948776,341.36317100107914,0.050000000000000044,7.750360280275345,7.731214731931686,0.01914558990392834,0.1917146136984229,0.3297526128590107
md_cpsr_dqn,lambda_1__rho_0p05,400,440,308.64217337369917,334.16346552516796,0.050000000000000044,8.591373428702354,8.573878705501556,0.017494816449470818,0.19359528459608555,0.3364257887005806
md_cpsr_dqn,lambda_1__rho_0p05,400,450,316.5294165551662,334.1408091041002,0.050000000000000044,7.607439771294594,7.5893434882164,0.018096324987709522,0.18918266892433167,0.31819662638008595
md_cpsr_dqn,lambda_1__rho_0p05,400,460,309.61818062663076,345.96960390225047,0.050000000000000044,7.034155532717705,7.015979096293449,0.01817639305954799,0.1956924982368946,0.32666016556322575
md_cpsr_dqn,lambda_1__rho_0p05,400,470,338.2920233011246,340.3690065811574,0.050000000000000044,8.303976595401764,8.284599006175995,0.019377652904950082,0.19623519014567137,0.33821615763008595
md_cpsr_dqn,lambda_1__rho_0p05,400,480,388.8508526474237,333.58103179269074,0.050000000000000044,8.45312386751175,8.433716654777527,0.01940713985823095,0.1940139876678586,0.3305664174258709
md_cpsr_dqn,lambda_1__rho_0p05,400,490,269.24464082717896,327.97010812528964,0.050000000000000044,7.425034463405609,7.405000746250153,0.02003374509513378,0.18849441595375538,0.32666016928851604
md_cpsr_dqn,lambda_1__rho_0p05,400,500,312.2859355151653,322.2872716941486,0.050000000000000044,8.053973197937012,8.036011755466461,0.017961402074433863,0.1894743163138628,0.3339843861758709
md_cpsr_dqn,lambda_1__rho_0p05,400,510,319.9039418697357,323.4071307769896,0.050000000000000044,6.945419281721115,6.926116168498993,0.01930309075396508,0.18752661906182766,0.3240560032427311
md_cpsr_dqn,lambda_1__rho_0p05,400,520,277.65966426730154,327.32645395874613,0.050000000000000044,7.95928356051445,7.938694566488266,0.02058905304875225,0.19894625805318356,0.33430990763008595
md_cpsr_dqn,lambda_1__rho_0p05,400,530,370.81987565755844,326.0557981130513,0.050000000000000044,6.604052752256393,6.585138157010078,0.018914576387032866,0.18382241670042276,0.32080079056322575
md_cpsr_dqn,lambda_1__rho_0p05,400,540,320.9550005584955,334.47046023424645,0.050000000000000044,9.29451185464859,9.275996506214142,0.01851539930794388,0.18642542324960232,0.32845053263008595
md_cpsr_dqn,lambda_1__rho_0p05,400,550,348.42192763090134,345.1296840808692,0.050000000000000044,8.047361224889755,8.02852489054203,0.01883641234599054,0.18487913813441992,0.31835938803851604
md_cpsr_dqn,lambda_1__rho_0p05,400,560,366.4402016639709,337.7669406768287,0.050000000000000044,8.359723255038261,8.34039269387722,0.019330511975567788,0.19442407507449389,0.3237304799258709
md_cpsr_dqn,lambda_1__rho_0p05,400,570,336.92676948308946,331.7287600498115,0.050000000000000044,6.990151971578598,6.969953119754791,0.02019886556081474,0.1917013069614768,0.3269856907427311
md_cpsr_dqn,lambda_1__rho_0p05,400,580,337.26400811374185,333.8270713915323,0.050000000000000044,6.646678611636162,6.625803768634796,0.020874826703220606,0.20411240868270397,0.33935547806322575
md_cpsr_dqn,lambda_1__rho_0p05,400,590,305.2220372259617,339.0455059857394,0.050000000000000044,7.434891507029533,7.412933811545372,0.02195772191043943,0.20212879590690136,0.3374023549258709
md_cpsr_dqn,lambda_1__rho_0p05,400,599,406.9379486479759,338.2638664537068,0.050000000000000044,7.9372009336948395,7.917973905801773,0.01922706008190289,0.19195764977484941,0.32096355594694614
