file,sha256,variant,model_seed,episodes,horizon,training_steps,bellman_target,replay
contextual_bandit__gamma_0__seed_800.pth,c64548f71f602cefd9daa98091eda72262639c11c8d8c4f6e3875a097518a283,contextual_bandit,800,600,64,38400,target_network_max_not_double_dqn,uniform_one_step
contextual_bandit__gamma_0__seed_801.pth,1a90637802ca274e48537c62cdbebbf2e132e19c23fb2fa4ec4fd475a420fac6,contextual_bandit,801,600,64,38400,target_network_max_not_double_dqn,uniform_one_step
contextual_bandit__gamma_0__seed_802.pth,a6d825329955aaf5294a59847108888de46d6bf380d2e63288e9922a504cd1f3,contextual_bandit,802,600,64,38400,target_network_max_not_double_dqn,uniform_one_step
contextual_bandit__gamma_0__seed_803.pth,3495efdd5778ab53350a68d24fef7592f421cceee5cbff799f9353c59d59a62e,contextual_bandit,803,600,64,38400,target_network_max_not_double_dqn,uniform_one_step
contextual_bandit__gamma_0__seed_804.pth,d6bf3a265a25728cfdb8d660e8f217cff95885b49e23d0198498f7042bff3cae,contextual_bandit,804,600,64,38400,target_network_max_not_double_dqn,uniform_one_step
contextual_bandit__gamma_0__seed_805.pth,1cbe41515f155aef5f8ffc23bc66b0ec412fb6fe204933b2df6b3fcc07446773,contextual_bandit,805,600,64,38400,target_network_max_not_double_dqn,uniform_one_step
contextual_bandit__gamma_0__seed_806.pth,7a309fe4f876770f68228cfe98a50f8ca81001071c222e1a0fcce3d525aaf31f,contextual_bandit,806,600,64,38400,target_network_max_not_double_dqn,uniform_one_step
contextual_bandit__gamma_0__seed_807.pth,8bf1bda3f61e9fcb0edc5aa8ba6f2b5f630125e556032d8684e16dcf947b2f29,contextual_bandit,807,600,64,38400,target_network_max_not_double_dqn,uniform_one_step
contextual_bandit__gamma_0__seed_808.pth,0de4df225e067c7d2277d3e1151df5504fb0de0ecf8e4c40a33887beb7e140bb,contextual_bandit,808,600,64,38400,target_network_max_not_double_dqn,uniform_one_step
contextual_bandit__gamma_0__seed_809.pth,7b45552bb3de8c73663deacaadfcb41c4aad601497d2e0e64689c8c5552a7d61,contextual_bandit,809,600,64,38400,target_network_max_not_double_dqn,uniform_one_step
contextual_bandit__gamma_0__seed_810.pth,fa294d84824028636b96d02af115632797d0b748ef06e56939ff76ba1e1a35ba,contextual_bandit,810,600,64,38400,target_network_max_not_double_dqn,uniform_one_step
contextual_bandit__gamma_0__seed_811.pth,8d7371a0979abd474c3415d833b77a2396cfbd1d285abb906ddc106d03bc4ae3,contextual_bandit,811,600,64,38400,target_network_max_not_double_dqn,uniform_one_step
contextual_bandit__gamma_0__seed_812.pth,6d75fb327baae1dfdee856f8cecdb0dff28bc4142859578fb9ce77dd2d9b32dd,contextual_bandit,812,600,64,38400,target_network_max_not_double_dqn,uniform_one_step
contextual_bandit__gamma_0__seed_813.pth,2a95e9b34e89563346b28ca9d7f8ddb6ccea026fb7301d41c1bea04b0c5d9d2c,contextual_bandit,813,600,64,38400,target_network_max_not_double_dqn,uniform_one_step
contextual_bandit__gamma_0__seed_814.pth,1fb71eb9fcd9da6c6515cb1cd40c97585743532ec87bc06241c4e20c58d21fbf,contextual_bandit,814,600,64,38400,target_network_max_not_double_dqn,uniform_one_step
contextual_bandit__gamma_0__seed_815.pth,3f24090aaacb0c55d39184334b29b5bd78a5d08b4dcfb712a53e7fb430698d81,contextual_bandit,815,600,64,38400,target_network_max_not_double_dqn,uniform_one_step
contextual_bandit__gamma_0__seed_816.pth,e105174a208e26418157246d972d6c049cc1651a4f8938be57611fa2d5f5f15f,contextual_bandit,816,600,64,38400,target_network_max_not_double_dqn,uniform_one_step
contextual_bandit__gamma_0__seed_817.pth,2fb251a00eaed950d713e27d144b0b5e8bed1f49423ddb0d9d86b9d2a08d4ebb,contextual_bandit,817,600,64,38400,target_network_max_not_double_dqn,uniform_one_step
contextual_bandit__gamma_0__seed_818.pth,8299c55d64d9bc50c0fd803a17a012e4cf0f1d92402b3076d724f6b857edb916,contextual_bandit,818,600,64,38400,target_network_max_not_double_dqn,uniform_one_step
contextual_bandit__gamma_0__seed_819.pth,401cde2a23b346140248c9bb1fe86eda8a1e9fc916a5340b6837852f1af04295,contextual_bandit,819,600,64,38400,target_network_max_not_double_dqn,uniform_one_step
md_cbad_dqn__lambda_0p3__seed_800.pth,7ca61eeaaf2705021fa46aebebf304226017bae8b6fca68d713732eacf7a8e8e,md_cbad_dqn,800,600,64,38400,target_network_max_not_double_dqn,uniform_one_step
md_cbad_dqn__lambda_0p3__seed_801.pth,eb9305e27d83590a6e41ad2e5f77f5e624b104606a6fb95402cc51dc0259c8e6,md_cbad_dqn,801,600,64,38400,target_network_max_not_double_dqn,uniform_one_step
md_cbad_dqn__lambda_0p3__seed_802.pth,30ed35cfa327773a418c0f77c16f7e7bad2e10eebb260e9ab91f428e107136f4,md_cbad_dqn,802,600,64,38400,target_network_max_not_double_dqn,uniform_one_step
md_cbad_dqn__lambda_0p3__seed_803.pth,083c5c0d5d40c92f008956597d75aa4b00b27124c6a6c7104de8e137426725eb,md_cbad_dqn,803,600,64,38400,target_network_max_not_double_dqn,uniform_one_step
md_cbad_dqn__lambda_0p3__seed_804.pth,acb985b0d1dd2dca6a1f9b627767dfe2f2a9758cf78ed65d24fd50a642d7f3db,md_cbad_dqn,804,600,64,38400,target_network_max_not_double_dqn,uniform_one_step
md_cbad_dqn__lambda_0p3__seed_805.pth,bc0276fc5a5bac8dffecc9e14d6b072198d8dde670cb3de406bff1dea850d86b,md_cbad_dqn,805,600,64,38400,target_network_max_not_double_dqn,uniform_one_step
md_cbad_dqn__lambda_0p3__seed_806.pth,6d831f8f0c9343977b7cd11204e06dbf186b06dff6379df64d769c1a965e4de2,md_cbad_dqn,806,600,64,38400,target_network_max_not_double_dqn,uniform_one_step
md_cbad_dqn__lambda_0p3__seed_807.pth,8950e67b89a2c57326178939a16c9465344ba95fa5fc57c67f6d048e36c9c789,md_cbad_dqn,807,600,64,38400,target_network_max_not_double_dqn,uniform_one_step
md_cbad_dqn__lambda_0p3__seed_808.pth,0be5305f07c36e877ae0f1eea8040a2149c543f926935b971d0f276b68270388,md_cbad_dqn,808,600,64,38400,target_network_max_not_double_dqn,uniform_one_step
md_cbad_dqn__lambda_0p3__seed_809.pth,5df41f406c8dc39eb04f5b968d0af0abea4a1ceec979a0e0db4ec3e56c4729bf,md_cbad_dqn,809,600,64,38400,target_network_max_not_double_dqn,uniform_one_step
md_cbad_dqn__lambda_0p3__seed_810.pth,b68e5ab8353543fe149e226d7fa04e5e7d9a287b895d423566bf6377368e8919,md_cbad_dqn,810,600,64,38400,target_network_max_not_double_dqn,uniform_one_step
md_cbad_dqn__lambda_0p3__seed_811.pth,6c41aa3c0f73002235dc04e96a60e77f6b9d37685bf2cfb3b1953db6678df82b,md_cbad_dqn,811,600,64,38400,target_network_max_not_double_dqn,uniform_one_step
md_cbad_dqn__lambda_0p3__seed_812.pth,7e4f86244cbe9caeb555b5f9e9fd45c473015a78fd4be98fd04cc2cc3458544c,md_cbad_dqn,812,600,64,38400,target_network_max_not_double_dqn,uniform_one_step
md_cbad_dqn__lambda_0p3__seed_813.pth,752b9d825f32bd208df8eef8bed6bdba4db893d0ebbc88a55074351247030084,md_cbad_dqn,813,600,64,38400,target_network_max_not_double_dqn,uniform_one_step
md_cbad_dqn__lambda_0p3__seed_814.pth,4ddf3085fa3b74ee004391c0a92e2180af3eedb16a3514c4dabb180029aec578,md_cbad_dqn,814,600,64,38400,target_network_max_not_double_dqn,uniform_one_step
md_cbad_dqn__lambda_0p3__seed_815.pth,00b24cb4d52812b2930aade6e8e645aadd2e9e3376d677ec091eb5d4e0445366,md_cbad_dqn,815,600,64,38400,target_network_max_not_double_dqn,uniform_one_step
md_cbad_dqn__lambda_0p3__seed_816.pth,707b2fcd84d12c497ef2eafe0c47ab655e48f01824ed48d23b9bac912168dfc5,md_cbad_dqn,816,600,64,38400,target_network_max_not_double_dqn,uniform_one_step
md_cbad_dqn__lambda_0p3__seed_817.pth,a61be815bcfa10715c610386b3aeec1879c30a562907261db294d31572d8ffac,md_cbad_dqn,817,600,64,38400,target_network_max_not_double_dqn,uniform_one_step
md_cbad_dqn__lambda_0p3__seed_818.pth,4d92bf5592688bbe87dcb2cfd9068f704ac4c9e2bf15b3a7d1016707247d5d60,md_cbad_dqn,818,600,64,38400,target_network_max_not_double_dqn,uniform_one_step
md_cbad_dqn__lambda_0p3__seed_819.pth,26f230cca2c938d2585e727ddae2cde8f82974c7fd77a48e4db2a23021ab1382,md_cbad_dqn,819,600,64,38400,target_network_max_not_double_dqn,uniform_one_step
standard_dqn__standard__seed_800.pth,565ebe77cbc8cfd9278251a89abd45948683150d163e30146081ad3b1aebddab,standard_dqn,800,600,64,38400,target_network_max_not_double_dqn,uniform_one_step
standard_dqn__standard__seed_801.pth,0b43195a674a54e4eace7717855908e3de9fe1d3408d2ea82867d6a669082101,standard_dqn,801,600,64,38400,target_network_max_not_double_dqn,uniform_one_step
standard_dqn__standard__seed_802.pth,0ad102107ca321b4a2645168fc774af56a37d3d47faaafbe724aad96a8c6442a,standard_dqn,802,600,64,38400,target_network_max_not_double_dqn,uniform_one_step
standard_dqn__standard__seed_803.pth,288ae179cdabcbf3498754b524974f84bfcc663f52648f8d3da450948863484d,standard_dqn,803,600,64,38400,target_network_max_not_double_dqn,uniform_one_step
standard_dqn__standard__seed_804.pth,87d405086299c6d18de4b99e464ff4f876dfc5f1ec31fdcbf9d0855b1f4c5086,standard_dqn,804,600,64,38400,target_network_max_not_double_dqn,uniform_one_step
standard_dqn__standard__seed_805.pth,55a97bd19dc286ab83b7cb1bb72c91390071d5cbc3eaded2778cbf43f583b6a1,standard_dqn,805,600,64,38400,target_network_max_not_double_dqn,uniform_one_step
standard_dqn__standard__seed_806.pth,064ed66f790af55e11ae69133cd7cabfcab28906b9df06a44f4e3b9fcbcdf815,standard_dqn,806,600,64,38400,target_network_max_not_double_dqn,uniform_one_step
standard_dqn__standard__seed_807.pth,abf8fcfa3d3df10b7f3a11eeb572a964899974488964e16abc1e42891f756fc7,standard_dqn,807,600,64,38400,target_network_max_not_double_dqn,uniform_one_step
standard_dqn__standard__seed_808.pth,76f11a748953c1d02f6afb19491b6fdccf5465505c1575ccd720f3209f251cb9,standard_dqn,808,600,64,38400,target_network_max_not_double_dqn,uniform_one_step
standard_dqn__standard__seed_809.pth,0e35137b96e33690d3d74871601a32c6ea1d5e08bd58ab4d825291d5eb3cfe60,standard_dqn,809,600,64,38400,target_network_max_not_double_dqn,uniform_one_step
standard_dqn__standard__seed_810.pth,e81e7cdf63b0fbcffaafed554d0453d1fd2e3d6b292966995d3b5d57af709552,standard_dqn,810,600,64,38400,target_network_max_not_double_dqn,uniform_one_step
standard_dqn__standard__seed_811.pth,ee25f85529c207b037df44c5044d823ccd2895572133de511613efc808400635,standard_dqn,811,600,64,38400,target_network_max_not_double_dqn,uniform_one_step
standard_dqn__standard__seed_812.pth,f62f1c9544d4be49d10f89b1415316e2d0052527a0473df5963fbc5d8c577baf,standard_dqn,812,600,64,38400,target_network_max_not_double_dqn,uniform_one_step
standard_dqn__standard__seed_813.pth,13dfe00f1390197d21c5ffa2d3a10a0698bec2990402857476ca17daafec35ef,standard_dqn,813,600,64,38400,target_network_max_not_double_dqn,uniform_one_step
standard_dqn__standard__seed_814.pth,9cd25cbb903795f1a9982f14e5720cfdb4af48de8c3952b1f03033f1c40ecc77,standard_dqn,814,600,64,38400,target_network_max_not_double_dqn,uniform_one_step
standard_dqn__standard__seed_815.pth,40cf9204ee9556c1404c811c918237a361fe335619cd97f4aa4814ee723b956e,standard_dqn,815,600,64,38400,target_network_max_not_double_dqn,uniform_one_step
standard_dqn__standard__seed_816.pth,48f232b80e4b0ce38b1d01e3f6ece138003695fc6e76f9a764cf5805716472e4,standard_dqn,816,600,64,38400,target_network_max_not_double_dqn,uniform_one_step
standard_dqn__standard__seed_817.pth,80e46536930b402bb2543102b605e772a2cbed5ff6a97022b0b43fb34d36df81,standard_dqn,817,600,64,38400,target_network_max_not_double_dqn,uniform_one_step
standard_dqn__standard__seed_818.pth,7100ef7e11a71212d4ed6e4ecd4721d5b3f77319b5b9ef7dc4a17d515a5b28ab,standard_dqn,818,600,64,38400,target_network_max_not_double_dqn,uniform_one_step
standard_dqn__standard__seed_819.pth,a105e73cdf340125b5a99021831b5a2da0c21d80915737b5d08116a79ccd9185,standard_dqn,819,600,64,38400,target_network_max_not_double_dqn,uniform_one_step
