scenario,coupling,policy,model_seed,total_cost,immediate_cost,penalty,thermal_violation,energy_violation,queue_violation,contact_violation,onboard_fraction,ground_fraction,hybrid_fraction
burst,1.0,contextual_bandit,800,125.09434415300689,124.72486311197281,0.3694810410340628,0.0,0.0,0.0,1.0,0.0,0.0,1.0
burst,1.0,contextual_bandit,801,94.77382109264533,86.30925840139389,8.464562671383222,3.0,0.0,2.6666666666666665,0.0,1.0,0.0,0.0
burst,1.0,contextual_bandit,802,80.80316818157833,80.65098873774211,0.1521794438362123,0.0,0.0,0.0,1.0,0.7083333333333334,0.2916666666666667,0.0
burst,1.0,contextual_bandit,803,149.15401963392893,148.99330739180246,0.16071224212646484,0.3333333333333333,0.0,0.0,0.0,0.020833333333333332,0.0,0.9791666666666666
burst,1.0,contextual_bandit,804,85.15273102124532,85.15273102124532,0.0,0.0,0.0,0.0,0.0,1.0,0.0,0.0
burst,1.0,fixed_ground,800,144.8156116357056,143.49827445546785,1.317337180237761,0.0,0.0,1.0,1.0,0.0,1.0,0.0
burst,1.0,fixed_ground,801,207.30003331530892,205.21193500359854,2.0880983117103535,0.0,0.0,2.6666666666666665,0.0,0.0,1.0,0.0
burst,1.0,fixed_ground,802,194.11499567124307,191.06340899070105,3.051586680542007,0.0,0.0,3.0,1.6666666666666667,0.0,1.0,0.0
burst,1.0,fixed_ground,803,189.23583725278115,188.485031803449,0.7508054493321709,0.0,0.0,1.3333333333333333,0.0,0.0,1.0,0.0
burst,1.0,fixed_ground,804,193.82179422866986,190.78664894898733,3.035145279682533,0.0,0.0,1.3333333333333333,1.6666666666666667,0.0,1.0,0.0
burst,1.0,fixed_onboard,800,74.73425646622975,74.73425646622975,0.0,0.0,0.0,0.0,0.0,1.0,0.0,0.0
burst,1.0,fixed_onboard,801,94.77382109264533,86.30925840139389,8.464562671383222,3.0,0.0,2.6666666666666665,0.0,1.0,0.0,0.0
burst,1.0,fixed_onboard,802,81.00217505296071,81.00217505296071,0.0,0.0,0.0,0.0,0.0,1.0,0.0,0.0
burst,1.0,fixed_onboard,803,89.17425205310185,89.16972527901332,0.004526615142822266,0.3333333333333333,0.0,0.0,0.0,1.0,0.0,0.0
burst,1.0,fixed_onboard,804,85.15273102124532,85.15273102124532,0.0,0.0,0.0,0.0,0.0,1.0,0.0,0.0
burst,1.0,immediate_argmin,800,41.39408929447333,41.283625374237694,0.1104639202356339,0.0,0.0,0.0,0.3333333333333333,0.5625,0.25,0.1875
burst,1.0,immediate_argmin,801,54.76900466283163,53.07838513453802,1.690619707107544,2.6666666666666665,0.0,0.0,0.0,0.5833333333333334,0.16666666666666666,0.25
burst,1.0,immediate_argmin,802,54.10473740696907,53.94759865601858,0.15713875095049548,0.0,0.0,0.0,0.6666666666666666,0.6041666666666666,0.16666666666666666,0.22916666666666666
burst,1.0,immediate_argmin,803,59.33086585998535,59.33086585998535,0.0,0.0,0.0,0.0,0.0,0.5833333333333334,0.2916666666666667,0.125
burst,1.0,immediate_argmin,804,58.102568155527116,57.97844789425532,0.12412026127179472,0.0,0.0,0.0,0.6666666666666666,0.4791666666666667,0.22916666666666666,0.2916666666666667
burst,1.0,md_cbad_dqn,800,125.09434415300689,124.72486311197281,0.3694810410340628,0.0,0.0,0.0,1.0,0.0,0.0,1.0
burst,1.0,md_cbad_dqn,801,94.77382109264533,86.30925840139389,8.464562671383222,3.0,0.0,2.6666666666666665,0.0,1.0,0.0,0.0
burst,1.0,md_cbad_dqn,802,81.00217505296071,81.00217505296071,0.0,0.0,0.0,0.0,0.0,1.0,0.0,0.0
burst,1.0,md_cbad_dqn,803,141.75858561197916,140.95446395874023,0.804121732711792,1.6666666666666667,0.0,0.0,0.0,0.10416666666666667,0.0,0.8958333333333334
burst,1.0,md_cbad_dqn,804,85.15273102124532,85.15273102124532,0.0,0.0,0.0,0.0,0.0,1.0,0.0,0.0
burst,1.0,md_cfba_dqn,800,125.09434415300689,124.72486311197281,0.3694810410340628,0.0,0.0,0.0,1.0,0.0,0.0,1.0
burst,1.0,md_cfba_dqn,801,94.77382109264533,86.30925840139389,8.464562671383222,3.0,0.0,2.6666666666666665,0.0,1.0,0.0,0.0
burst,1.0,md_cfba_dqn,802,73.93046786189079,73.80712658166885,0.12334128022193913,0.0,0.0,0.0,0.3333333333333333,0.8958333333333334,0.10416666666666667,0.0
burst,1.0,md_cfba_dqn,803,149.15401963392893,148.99330739180246,0.16071224212646484,0.3333333333333333,0.0,0.0,0.0,0.020833333333333332,0.0,0.9791666666666666
burst,1.0,md_cfba_dqn,804,85.15273102124532,85.15273102124532,0.0,0.0,0.0,0.0,0.0,1.0,0.0,0.0
burst,1.0,standard_dqn,800,125.09434415300689,124.72486311197281,0.3694810410340628,0.0,0.0,0.0,1.0,0.0,0.0,1.0
burst,1.0,standard_dqn,801,94.77382109264533,86.30925840139389,8.464562671383222,3.0,0.0,2.6666666666666665,0.0,1.0,0.0,0.0
burst,1.0,standard_dqn,802,79.95454269250234,79.80958638588588,0.14495630661646533,0.0,0.0,0.0,0.6666666666666666,0.75,0.25,0.0
burst,1.0,standard_dqn,803,149.15401963392893,148.99330739180246,0.16071224212646484,0.3333333333333333,0.0,0.0,0.0,0.020833333333333332,0.0,0.9791666666666666
burst,1.0,standard_dqn,804,85.15273102124532,85.15273102124532,0.0,0.0,0.0,0.0,0.0,1.0,0.0,0.0
burst,1.0,threshold,800,41.5831535756588,41.5831535756588,0.0,0.0,0.0,0.0,0.0,0.5833333333333334,0.22916666666666666,0.1875
burst,1.0,threshold,801,61.5803045630455,61.35384585460027,0.22645878791809082,0.6666666666666666,0.0,0.0,0.0,0.5416666666666666,0.20833333333333334,0.25
burst,1.0,threshold,802,57.7700691819191,57.7700691819191,0.0,0.0,0.0,0.0,0.0,0.625,0.16666666666666666,0.20833333333333334
burst,1.0,threshold,803,59.33086585998535,59.33086585998535,0.0,0.0,0.0,0.0,0.0,0.5833333333333334,0.2916666666666667,0.125
burst,1.0,threshold,804,58.710932870705925,58.710932870705925,0.0,0.0,0.0,0.0,0.0,0.5208333333333334,0.22916666666666666,0.25
energy_limited,1.0,contextual_bandit,800,125.11347361207008,123.45184723536174,1.661625760793686,0.0,2.0,0.0,1.0,0.0,0.0,1.0
energy_limited,1.0,contextual_bandit,801,83.77955374797186,81.00368509689967,2.7758682586749397,1.0,1.6666666666666667,1.0,0.0,1.0,0.0,0.0
energy_limited,1.0,contextual_bandit,802,84.02696762283644,83.68681293725967,0.34015465577443443,0.0,0.6666666666666666,0.0,0.3333333333333333,0.7083333333333334,0.2916666666666667,0.0
energy_limited,1.0,contextual_bandit,803,153.45978339513144,152.11172302563986,1.3480600466330845,0.3333333333333333,1.6666666666666667,0.0,0.0,0.0,0.0,1.0
energy_limited,1.0,contextual_bandit,804,82.01487572987874,82.01293722788493,0.0019384920597076416,0.0,0.3333333333333333,0.0,0.0,1.0,0.0,0.0
energy_limited,1.0,fixed_ground,800,145.60867129769005,143.49827445546785,2.1103968422222046,0.0,1.0,1.0,1.0,0.0,1.0,0.0
energy_limited,1.0,fixed_ground,801,208.98413487701418,205.21193500359854,3.7721998734156243,0.0,2.3333333333333335,2.6666666666666665,0.0,0.0,1.0,0.0
energy_limited,1.0,fixed_ground,802,195.65706110788446,191.06340899070105,4.593652117183382,0.0,2.0,3.0,1.6666666666666667,0.0,1.0,0.0
energy_limited,1.0,fixed_ground,803,190.1487715063943,188.485031803449,1.663739866858098,0.0,1.6666666666666667,1.3333333333333333,0.0,0.0,1.0,0.0
energy_limited,1.0,fixed_ground,804,196.03376008760617,190.78664894898733,5.247111138618843,0.0,1.3333333333333333,1.3333333333333333,1.6666666666666667,0.0,1.0,0.0
energy_limited,1.0,fixed_onboard,800,71.70978864034016,71.52189926306407,0.18788941701253256,0.0,0.3333333333333333,0.0,0.0,1.0,0.0,0.0
energy_limited,1.0,fixed_onboard,801,83.77955374797186,81.00368509689967,2.7758682586749397,1.0,1.6666666666666667,1.0,0.0,1.0,0.0,0.0
energy_limited,1.0,fixed_onboard,802,78.44522865613301,78.29191851615906,0.1533101499080658,0.0,0.3333333333333333,0.0,0.0,1.0,0.0,0.0
energy_limited,1.0,fixed_onboard,803,85.58052510023117,85.51409214735031,0.06643295288085938,0.0,0.3333333333333333,0.0,0.0,1.0,0.0,0.0
energy_limited,1.0,fixed_onboard,804,82.01487572987874,82.01293722788493,0.0019384920597076416,0.0,0.3333333333333333,0.0,0.0,1.0,0.0,0.0
energy_limited,1.0,immediate_argmin,800,40.671076290806134,40.5452843606472,0.12579192519187932,0.0,0.3333333333333333,0.0,0.3333333333333333,0.5625,0.25,0.1875
energy_limited,1.0,immediate_argmin,801,52.653739909331,51.81709382931391,0.8366461396217346,0.0,1.6666666666666667,0.0,0.0,0.5833333333333334,0.16666666666666666,0.25
energy_limited,1.0,immediate_argmin,802,53.0974153538545,52.940276602904,0.15713875095049548,0.0,0.0,0.0,0.6666666666666666,0.6041666666666666,0.16666666666666666,0.22916666666666666
energy_limited,1.0,immediate_argmin,803,58.81049327055613,58.61182494958242,0.1986682415008545,0.0,0.6666666666666666,0.0,0.0,0.6041666666666666,0.2708333333333333,0.125
energy_limited,1.0,immediate_argmin,804,57.21881483793259,56.68441241979599,0.5344023535648982,0.0,1.3333333333333333,0.0,0.6666666666666666,0.5,0.20833333333333334,0.2916666666666667
energy_limited,1.0,md_cbad_dqn,800,125.11347361207008,123.45184723536174,1.661625760793686,0.0,2.0,0.0,1.0,0.0,0.0,1.0
energy_limited,1.0,md_cbad_dqn,801,83.77955374797186,81.00368509689967,2.7758682586749397,1.0,1.6666666666666667,1.0,0.0,1.0,0.0,0.0
energy_limited,1.0,md_cbad_dqn,802,77.2666567961375,77.11173137029012,0.15492543578147888,0.0,0.6666666666666666,0.0,0.0,0.9791666666666666,0.020833333333333332,0.0
energy_limited,1.0,md_cbad_dqn,803,141.02356855074564,139.97595167160034,1.0476163377364476,0.0,1.3333333333333333,0.0,0.0,0.0625,0.0,0.9375
energy_limited,1.0,md_cbad_dqn,804,82.01487572987874,82.01293722788493,0.0019384920597076416,0.0,0.3333333333333333,0.0,0.0,1.0,0.0,0.0
energy_limited,1.0,md_cfba_dqn,800,125.11347361207008,123.45184723536174,1.661625760793686,0.0,2.0,0.0,1.0,0.0,0.0,1.0
energy_limited,1.0,md_cfba_dqn,801,83.77955374797186,81.00368509689967,2.7758682586749397,1.0,1.6666666666666667,1.0,0.0,1.0,0.0,0.0
energy_limited,1.0,md_cfba_dqn,802,76.68754893541336,76.22663751244545,0.46091144780317944,0.0,1.3333333333333333,0.0,0.3333333333333333,0.8125,0.1875,0.0
energy_limited,1.0,md_cfba_dqn,803,153.45978339513144,152.11172302563986,1.3480600466330845,0.3333333333333333,1.6666666666666667,0.0,0.0,0.0,0.0,1.0
energy_limited,1.0,md_cfba_dqn,804,82.01487572987874,82.01293722788493,0.0019384920597076416,0.0,0.3333333333333333,0.0,0.0,1.0,0.0,0.0
energy_limited,1.0,standard_dqn,800,125.11347361207008,123.45184723536174,1.661625760793686,0.0,2.0,0.0,1.0,0.0,0.0,1.0
energy_limited,1.0,standard_dqn,801,83.77955374797186,81.00368509689967,2.7758682586749397,1.0,1.6666666666666667,1.0,0.0,1.0,0.0,0.0
energy_limited,1.0,standard_dqn,802,84.82693022290866,84.4867755373319,0.34015465577443443,0.0,0.6666666666666666,0.0,0.3333333333333333,0.7291666666666666,0.2708333333333333,0.0
energy_limited,1.0,standard_dqn,803,153.45978339513144,152.11172302563986,1.3480600466330845,0.3333333333333333,1.6666666666666667,0.0,0.0,0.0,0.0,1.0
energy_limited,1.0,standard_dqn,804,82.01487572987874,82.01293722788493,0.0019384920597076416,0.0,0.3333333333333333,0.0,0.0,1.0,0.0,0.0
energy_limited,1.0,threshold,800,45.02644424637159,45.02644424637159,0.0,0.0,0.0,0.0,0.0,0.5625,0.20833333333333334,0.22916666666666666
energy_limited,1.0,threshold,801,65.87803496917088,64.94190857807796,0.9361259589592615,0.0,2.0,0.0,0.0,0.5625,0.2708333333333333,0.16666666666666666
energy_limited,1.0,threshold,802,59.434342998266224,59.412727971871696,0.02161502639452621,0.0,0.0,0.0,0.3333333333333333,0.5833333333333334,0.16666666666666666,0.25
energy_limited,1.0,threshold,803,69.3351020415624,68.85834499200185,0.47675750652949017,0.0,0.6666666666666666,0.0,0.0,0.5625,0.2916666666666667,0.14583333333333334
energy_limited,1.0,threshold,804,69.30090076526007,68.2769077817599,1.0239929387966793,0.0,2.0,0.0,1.0,0.4375,0.2708333333333333,0.2916666666666667
link_limited,1.0,contextual_bandit,800,245.97045786555609,244.27016840378442,1.700289461771647,0.0,1.0,1.0,1.0,0.0,0.0,1.0
link_limited,1.0,contextual_bandit,801,81.67875305493673,80.50448511044185,1.1742679643630982,1.0,0.0,1.0,0.0,1.0,0.0,0.0
link_limited,1.0,contextual_bandit,802,125.4277609658579,124.9124476313591,0.5153133344988111,0.0,0.0,1.0,1.0,0.6666666666666666,0.3333333333333333,0.0
link_limited,1.0,contextual_bandit,803,306.4207938512166,305.82524649302167,0.5955473979314169,0.3333333333333333,0.6666666666666666,0.0,0.0,0.0,0.0,1.0
link_limited,1.0,contextual_bandit,804,81.51373688379924,81.51373688379924,0.0,0.0,0.0,0.0,0.0,1.0,0.0,0.0
link_limited,1.0,fixed_ground,800,302.07526716240176,278.8395483295123,23.23571883288946,0.0,1.3333333333333333,6.333333333333333,1.0,0.0,1.0,0.0
link_limited,1.0,fixed_ground,801,498.7431415897727,465.3691942691803,33.3739473205925,0.0,4.333333333333333,7.666666666666667,0.0,0.0,1.0,0.0
link_limited,1.0,fixed_ground,802,491.8551562326849,440.36324856678647,51.4919076658986,0.0,6.0,10.666666666666666,1.6666666666666667,0.0,1.0,0.0
link_limited,1.0,fixed_ground,803,486.4599727889863,456.7558863560359,29.7040864329505,0.0,3.6666666666666665,6.333333333333333,0.0,0.0,1.0,0.0
link_limited,1.0,fixed_ground,804,483.6623719182173,438.9430154959361,44.71935642228124,0.0,2.6666666666666665,11.666666666666666,1.6666666666666667,0.0,1.0,0.0
link_limited,1.0,fixed_onboard,800,71.02270072698593,71.02270072698593,0.0,0.0,0.0,0.0,0.0,1.0,0.0,0.0
link_limited,1.0,fixed_onboard,801,81.67875305493673,80.50448511044185,1.1742679643630982,1.0,0.0,1.0,0.0,1.0,0.0,0.0
link_limited,1.0,fixed_onboard,802,77.79271876811981,77.79271876811981,0.0,0.0,0.0,0.0,0.0,1.0,0.0,0.0
link_limited,1.0,fixed_onboard,803,85.01489247878392,85.01489247878392,0.0,0.0,0.0,0.0,0.0,1.0,0.0,0.0
link_limited,1.0,fixed_onboard,804,81.51373688379924,81.51373688379924,0.0,0.0,0.0,0.0,0.0,1.0,0.0,0.0
link_limited,1.0,immediate_argmin,800,46.96144204636415,46.85097812612852,0.1104639202356339,0.0,0.0,0.0,0.3333333333333333,0.6666666666666666,0.1875,0.14583333333333334
link_limited,1.0,immediate_argmin,801,64.01230838990212,63.356313606103264,0.6559947837988535,0.0,0.0,1.0,0.0,0.7291666666666666,0.08333333333333333,0.1875
link_limited,1.0,immediate_argmin,802,62.084094450871156,61.926955699920654,0.15713875095049548,0.0,0.0,0.0,0.6666666666666666,0.75,0.10416666666666667,0.14583333333333334
link_limited,1.0,immediate_argmin,803,71.16651231050491,71.16651231050491,0.0,0.0,0.0,0.0,0.0,0.7916666666666666,0.16666666666666666,0.041666666666666664
link_limited,1.0,immediate_argmin,804,67.87347155809402,67.87347155809402,0.0,0.0,0.0,0.0,0.0,0.6875,0.125,0.1875
link_limited,1.0,md_cbad_dqn,800,245.97045786555609,244.27016840378442,1.700289461771647,0.0,1.0,1.0,1.0,0.0,0.0,1.0
link_limited,1.0,md_cbad_dqn,801,81.67875305493673,80.50448511044185,1.1742679643630982,1.0,0.0,1.0,0.0,1.0,0.0,0.0
link_limited,1.0,md_cbad_dqn,802,76.99235490957896,76.99235490957896,0.0,0.0,0.0,0.0,0.0,0.9791666666666666,0.020833333333333332,0.0
link_limited,1.0,md_cbad_dqn,803,274.519654194514,274.519654194514,0.0,0.0,0.0,0.0,0.0,0.041666666666666664,0.0,0.9583333333333334
link_limited,1.0,md_cbad_dqn,804,81.51373688379924,81.51373688379924,0.0,0.0,0.0,0.0,0.0,1.0,0.0,0.0
link_limited,1.0,md_cfba_dqn,800,245.97045786555609,244.27016840378442,1.700289461771647,0.0,1.0,1.0,1.0,0.0,0.0,1.0
link_limited,1.0,md_cfba_dqn,801,81.67875305493673,80.50448511044185,1.1742679643630982,1.0,0.0,1.0,0.0,1.0,0.0,0.0
link_limited,1.0,md_cfba_dqn,802,103.80562737887941,103.58100736141205,0.22462001746735316,0.0,0.0,0.3333333333333333,0.6666666666666666,0.75,0.25,0.0
link_limited,1.0,md_cfba_dqn,803,306.4207938512166,305.82524649302167,0.5955473979314169,0.3333333333333333,0.6666666666666666,0.0,0.0,0.0,0.0,1.0
link_limited,1.0,md_cfba_dqn,804,95.73393813769023,95.73393813769023,0.0,0.0,0.0,0.0,0.0,0.9791666666666666,0.0,0.020833333333333332
link_limited,1.0,standard_dqn,800,245.97045786555609,244.27016840378442,1.700289461771647,0.0,1.0,1.0,1.0,0.0,0.0,1.0
link_limited,1.0,standard_dqn,801,81.67875305493673,80.50448511044185,1.1742679643630982,1.0,0.0,1.0,0.0,1.0,0.0,0.0
link_limited,1.0,standard_dqn,802,125.4277609658579,124.9124476313591,0.5153133344988111,0.0,0.0,1.0,1.0,0.6666666666666666,0.3333333333333333,0.0
link_limited,1.0,standard_dqn,803,306.4207938512166,305.82524649302167,0.5955473979314169,0.3333333333333333,0.6666666666666666,0.0,0.0,0.0,0.0,1.0
link_limited,1.0,standard_dqn,804,81.51373688379924,81.51373688379924,0.0,0.0,0.0,0.0,0.0,1.0,0.0,0.0
link_limited,1.0,threshold,800,46.86302716533343,46.86302716533343,0.0,0.0,0.0,0.0,0.0,0.6875,0.16666666666666666,0.14583333333333334
link_limited,1.0,threshold,801,92.86838881003183,91.79125414292018,1.0771347465845187,0.3333333333333333,0.0,1.6666666666666667,0.0,0.6875,0.08333333333333333,0.22916666666666666
link_limited,1.0,threshold,802,65.45500085751216,65.45500085751216,0.0,0.0,0.0,0.0,0.0,0.8125,0.0625,0.125
link_limited,1.0,threshold,803,74.1463834643364,74.1463834643364,0.0,0.0,0.0,0.0,0.0,0.8541666666666666,0.125,0.020833333333333332
link_limited,1.0,threshold,804,68.50952754418056,68.50952754418056,0.0,0.0,0.0,0.0,0.0,0.7083333333333334,0.10416666666666667,0.1875
nominal,1.0,contextual_bandit,800,123.82132827639582,123.45184723536174,0.3694810410340628,0.0,0.0,0.0,1.0,0.0,0.0,1.0
nominal,1.0,contextual_bandit,801,81.67875305493673,80.50448511044185,1.1742679643630982,1.0,0.0,1.0,0.0,1.0,0.0,0.0
nominal,1.0,contextual_bandit,802,85.216887708505,85.07193140188853,0.14495630661646533,0.0,0.0,0.0,0.6666666666666666,0.6875,0.3125,0.0
nominal,1.0,contextual_bandit,803,152.13872663180032,152.11172302563986,0.02700352668762207,0.3333333333333333,0.0,0.0,0.0,0.0,0.0,1.0
nominal,1.0,contextual_bandit,804,81.51373688379924,81.51373688379924,0.0,0.0,0.0,0.0,0.0,1.0,0.0,0.0
nominal,1.0,fixed_ground,800,144.8156116357056,143.49827445546785,1.317337180237761,0.0,0.0,1.0,1.0,0.0,1.0,0.0
nominal,1.0,fixed_ground,801,207.30003331530892,205.21193500359854,2.0880983117103535,0.0,0.0,2.6666666666666665,0.0,0.0,1.0,0.0
nominal,1.0,fixed_ground,802,194.11499567124307,191.06340899070105,3.051586680542007,0.0,0.0,3.0,1.6666666666666667,0.0,1.0,0.0
nominal,1.0,fixed_ground,803,189.23583725278115,188.485031803449,0.7508054493321709,0.0,0.0,1.3333333333333333,0.0,0.0,1.0,0.0
nominal,1.0,fixed_ground,804,193.82179422866986,190.78664894898733,3.035145279682533,0.0,0.0,1.3333333333333333,1.6666666666666667,0.0,1.0,0.0
nominal,1.0,fixed_onboard,800,71.02270072698593,71.02270072698593,0.0,0.0,0.0,0.0,0.0,1.0,0.0,0.0
nominal,1.0,fixed_onboard,801,81.67875305493673,80.50448511044185,1.1742679643630982,1.0,0.0,1.0,0.0,1.0,0.0,0.0
nominal,1.0,fixed_onboard,802,77.79271876811981,77.79271876811981,0.0,0.0,0.0,0.0,0.0,1.0,0.0,0.0
nominal,1.0,fixed_onboard,803,85.01489247878392,85.01489247878392,0.0,0.0,0.0,0.0,0.0,1.0,0.0,0.0
nominal,1.0,fixed_onboard,804,81.51373688379924,81.51373688379924,0.0,0.0,0.0,0.0,0.0,1.0,0.0,0.0
nominal,1.0,immediate_argmin,800,39.80610886514187,39.695644944906235,0.1104639202356339,0.0,0.0,0.0,0.3333333333333333,0.5833333333333334,0.22916666666666666,0.1875
nominal,1.0,immediate_argmin,801,51.52589398622513,51.52589398622513,0.0,0.0,0.0,0.0,0.0,0.5833333333333334,0.16666666666666666,0.25
nominal,1.0,immediate_argmin,802,52.79581577181816,52.63867702086767,0.15713875095049548,0.0,0.0,0.0,0.6666666666666666,0.6041666666666666,0.16666666666666666,0.22916666666666666
nominal,1.0,immediate_argmin,803,58.310224970181785,58.310224970181785,0.0,0.0,0.0,0.0,0.0,0.6041666666666666,0.2708333333333333,0.125
nominal,1.0,immediate_argmin,804,56.558932687838876,56.43481242656708,0.12412026127179472,0.0,0.0,0.0,0.6666666666666666,0.5,0.20833333333333334,0.2916666666666667
nominal,1.0,md_cbad_dqn,800,123.82132827639582,123.45184723536174,0.3694810410340628,0.0,0.0,0.0,1.0,0.0,0.0,1.0
nominal,1.0,md_cbad_dqn,801,81.67875305493673,80.50448511044185,1.1742679643630982,1.0,0.0,1.0,0.0,1.0,0.0,0.0
nominal,1.0,md_cbad_dqn,802,77.79271876811981,77.79271876811981,0.0,0.0,0.0,0.0,0.0,1.0,0.0,0.0
nominal,1.0,md_cbad_dqn,803,139.94475166002908,139.94475166002908,0.0,0.0,0.0,0.0,0.0,0.0625,0.0,0.9375
nominal,1.0,md_cbad_dqn,804,81.51373688379924,81.51373688379924,0.0,0.0,0.0,0.0,0.0,1.0,0.0,0.0
nominal,1.0,md_cfba_dqn,800,123.82132827639582,123.45184723536174,0.3694810410340628,0.0,0.0,0.0,1.0,0.0,0.0,1.0
nominal,1.0,md_cfba_dqn,801,81.67875305493673,80.50448511044185,1.1742679643630982,1.0,0.0,1.0,0.0,1.0,0.0,0.0
nominal,1.0,md_cfba_dqn,802,78.4343586742878,78.31101739406586,0.12334128022193913,0.0,0.0,0.0,0.3333333333333333,0.7916666666666666,0.20833333333333334,0.0
nominal,1.0,md_cfba_dqn,803,152.13872663180032,152.11172302563986,0.02700352668762207,0.3333333333333333,0.0,0.0,0.0,0.0,0.0,1.0
nominal,1.0,md_cfba_dqn,804,81.51373688379924,81.51373688379924,0.0,0.0,0.0,0.0,0.0,1.0,0.0,0.0
nominal,1.0,standard_dqn,800,123.82132827639582,123.45184723536174,0.3694810410340628,0.0,0.0,0.0,1.0,0.0,0.0,1.0
nominal,1.0,standard_dqn,801,81.67875305493673,80.50448511044185,1.1742679643630982,1.0,0.0,1.0,0.0,1.0,0.0,0.0
nominal,1.0,standard_dqn,802,85.216887708505,85.07193140188853,0.14495630661646533,0.0,0.0,0.0,0.6666666666666666,0.6875,0.3125,0.0
nominal,1.0,standard_dqn,803,152.13872663180032,152.11172302563986,0.02700352668762207,0.3333333333333333,0.0,0.0,0.0,0.0,0.0,1.0
nominal,1.0,standard_dqn,804,81.51373688379924,81.51373688379924,0.0,0.0,0.0,0.0,0.0,1.0,0.0,0.0
nominal,1.0,threshold,800,39.927684277296066,39.927684277296066,0.0,0.0,0.0,0.0,0.0,0.6041666666666666,0.20833333333333334,0.1875
nominal,1.0,threshold,801,56.30633803208669,56.30633803208669,0.0,0.0,0.0,0.0,0.0,0.5625,0.1875,0.25
nominal,1.0,threshold,802,55.20896000663439,55.20896000663439,0.0,0.0,0.0,0.0,0.0,0.6458333333333334,0.14583333333333334,0.20833333333333334
nominal,1.0,threshold,803,58.310224970181785,58.310224970181785,0.0,0.0,0.0,0.0,0.0,0.6041666666666666,0.2708333333333333,0.125
nominal,1.0,threshold,804,57.127672712008156,57.127672712008156,0.0,0.0,0.0,0.0,0.0,0.5416666666666666,0.20833333333333334,0.25
reduced_coupling,0.5,contextual_bandit,800,117.39498323748508,117.30931816498439,0.08566507250070576,0.0,0.0,0.0,0.6666666666666666,0.0,0.0,1.0
reduced_coupling,0.5,contextual_bandit,801,69.33601891001065,69.33601891001065,0.0,0.0,0.0,0.0,0.0,1.0,0.0,0.0
reduced_coupling,0.5,contextual_bandit,802,76.32122021814187,76.29163753986359,0.029582678278287273,0.0,0.0,0.0,0.3333333333333333,0.75,0.25,0.0
reduced_coupling,0.5,contextual_bandit,803,145.26345992088318,145.26345992088318,0.0,0.0,0.0,0.0,0.0,0.0,0.0,1.0
reduced_coupling,0.5,contextual_bandit,804,74.69926863908768,74.69926863908768,0.0,0.0,0.0,0.0,0.0,1.0,0.0,0.0
reduced_coupling,0.5,fixed_ground,800,129.39372683018448,129.27025045951208,0.12347637067238497,0.0,0.0,0.0,1.0,0.0,1.0,0.0
reduced_coupling,0.5,fixed_ground,801,183.31664045651755,183.31664045651755,0.0,0.0,0.0,0.0,0.0,0.0,1.0,0.0
reduced_coupling,0.5,fixed_ground,802,172.645192065835,172.6156093875567,0.029582678278287273,0.0,0.0,0.0,0.3333333333333333,0.0,1.0,0.0
reduced_coupling,0.5,fixed_ground,803,162.51656385262808,162.51656385262808,0.0,0.0,0.0,0.0,0.0,0.0,1.0,0.0
reduced_coupling,0.5,fixed_ground,804,172.83423042297363,172.83423042297363,0.0,0.0,0.0,0.0,0.0,0.0,1.0,0.0
reduced_coupling,0.5,fixed_onboard,800,64.31117880344391,64.31117880344391,0.0,0.0,0.0,0.0,0.0,1.0,0.0,0.0
reduced_coupling,0.5,fixed_onboard,801,69.33601891001065,69.33601891001065,0.0,0.0,0.0,0.0,0.0,1.0,0.0,0.0
reduced_coupling,0.5,fixed_onboard,802,70.77115082740784,70.77115082740784,0.0,0.0,0.0,0.0,0.0,1.0,0.0,0.0
reduced_coupling,0.5,fixed_onboard,803,77.16549098491669,77.16549098491669,0.0,0.0,0.0,0.0,0.0,1.0,0.0,0.0
reduced_coupling,0.5,fixed_onboard,804,74.69926863908768,74.69926863908768,0.0,0.0,0.0,0.0,0.0,1.0,0.0,0.0
reduced_coupling,0.5,immediate_argmin,800,37.92476392686367,37.88227763772011,0.04248628914356234,0.0,0.0,0.0,0.3333333333333333,0.5833333333333334,0.22916666666666666,0.1875
reduced_coupling,0.5,immediate_argmin,801,47.92386426528295,47.92386426528295,0.0,0.0,0.0,0.0,0.0,0.6041666666666666,0.14583333333333334,0.25
reduced_coupling,0.5,immediate_argmin,802,49.800804122289016,49.77630430459976,0.024499817689259868,0.0,0.0,0.0,0.3333333333333333,0.6041666666666666,0.16666666666666666,0.22916666666666666
reduced_coupling,0.5,immediate_argmin,803,54.837407529354095,54.837407529354095,0.0,0.0,0.0,0.0,0.0,0.6458333333333334,0.25,0.10416666666666667
reduced_coupling,0.5,immediate_argmin,804,53.301649981737135,53.291301449139915,0.01034853259722394,0.0,0.0,0.0,0.3333333333333333,0.5208333333333334,0.1875,0.2916666666666667
reduced_coupling,0.5,md_cbad_dqn,800,117.39498323748508,117.30931816498439,0.08566507250070576,0.0,0.0,0.0,0.6666666666666666,0.0,0.0,1.0
reduced_coupling,0.5,md_cbad_dqn,801,69.33601891001065,69.33601891001065,0.0,0.0,0.0,0.0,0.0,1.0,0.0,0.0
reduced_coupling,0.5,md_cbad_dqn,802,70.77115082740784,70.77115082740784,0.0,0.0,0.0,0.0,0.0,1.0,0.0,0.0
reduced_coupling,0.5,md_cbad_dqn,803,134.45035139719644,134.45035139719644,0.0,0.0,0.0,0.0,0.0,0.0625,0.0,0.9375
reduced_coupling,0.5,md_cbad_dqn,804,74.69926863908768,74.69926863908768,0.0,0.0,0.0,0.0,0.0,1.0,0.0,0.0
reduced_coupling,0.5,md_cfba_dqn,800,117.39498323748508,117.30931816498439,0.08566507250070576,0.0,0.0,0.0,0.6666666666666666,0.0,0.0,1.0
reduced_coupling,0.5,md_cfba_dqn,801,69.33601891001065,69.33601891001065,0.0,0.0,0.0,0.0,0.0,1.0,0.0,0.0
reduced_coupling,0.5,md_cfba_dqn,802,72.39463084836801,72.36504817008972,0.029582678278287273,0.0,0.0,0.0,0.3333333333333333,0.7916666666666666,0.20833333333333334,0.0
reduced_coupling,0.5,md_cfba_dqn,803,145.26345992088318,145.26345992088318,0.0,0.0,0.0,0.0,0.0,0.0,0.0,1.0
reduced_coupling,0.5,md_cfba_dqn,804,74.69926863908768,74.69926863908768,0.0,0.0,0.0,0.0,0.0,1.0,0.0,0.0
reduced_coupling,0.5,standard_dqn,800,117.39498323748508,117.30931816498439,0.08566507250070576,0.0,0.0,0.0,0.6666666666666666,0.0,0.0,1.0
reduced_coupling,0.5,standard_dqn,801,69.33601891001065,69.33601891001065,0.0,0.0,0.0,0.0,0.0,1.0,0.0,0.0
reduced_coupling,0.5,standard_dqn,802,76.32122021814187,76.29163753986359,0.029582678278287273,0.0,0.0,0.0,0.3333333333333333,0.75,0.25,0.0
reduced_coupling,0.5,standard_dqn,803,145.26345992088318,145.26345992088318,0.0,0.0,0.0,0.0,0.0,0.0,0.0,1.0
reduced_coupling,0.5,standard_dqn,804,74.69926863908768,74.69926863908768,0.0,0.0,0.0,0.0,0.0,1.0,0.0,0.0
reduced_coupling,0.5,threshold,800,37.998801777760185,37.998801777760185,0.0,0.0,0.0,0.0,0.0,0.6041666666666666,0.20833333333333334,0.1875
reduced_coupling,0.5,threshold,801,47.92386426528295,47.92386426528295,0.0,0.0,0.0,0.0,0.0,0.6041666666666666,0.14583333333333334,0.25
reduced_coupling,0.5,threshold,802,50.51944977045059,50.51944977045059,0.0,0.0,0.0,0.0,0.0,0.625,0.14583333333333334,0.22916666666666666
reduced_coupling,0.5,threshold,803,54.837407529354095,54.837407529354095,0.0,0.0,0.0,0.0,0.0,0.6458333333333334,0.25,0.10416666666666667
reduced_coupling,0.5,threshold,804,53.7679736216863,53.7679736216863,0.0,0.0,0.0,0.0,0.0,0.5416666666666666,0.1875,0.2708333333333333
static,0.0,contextual_bandit,800,111.88985832532246,111.88985832532246,0.0,0.0,0.0,0.0,0.3333333333333333,0.0,0.0,1.0
static,0.0,contextual_bandit,801,63.64904029170672,63.64904029170672,0.0,0.0,0.0,0.0,0.0,1.0,0.0,0.0
static,0.0,contextual_bandit,802,66.65148157874744,66.65148157874744,0.0,0.0,0.0,0.0,0.0,0.75,0.25,0.0
static,0.0,contextual_bandit,803,139.22183819611868,139.22183819611868,0.0,0.0,0.0,0.0,0.0,0.0,0.0,1.0
static,0.0,contextual_bandit,804,71.52117923895518,71.52117923895518,0.0,0.0,0.0,0.0,0.0,1.0,0.0,0.0
static,0.0,fixed_ground,800,119.48487410942714,119.48487410942714,0.0,0.0,0.0,0.0,0.3333333333333333,0.0,1.0,0.0
static,0.0,fixed_ground,801,167.64134911696115,167.64134911696115,0.0,0.0,0.0,0.0,0.0,0.0,1.0,0.0
static,0.0,fixed_ground,802,159.5138676762581,159.5138676762581,0.0,0.0,0.0,0.0,0.0,0.0,1.0,0.0
static,0.0,fixed_ground,803,145.04814344644547,145.04814344644547,0.0,0.0,0.0,0.0,0.0,0.0,1.0,0.0
static,0.0,fixed_ground,804,159.1093832651774,159.1093832651774,0.0,0.0,0.0,0.0,0.0,0.0,1.0,0.0
static,0.0,fixed_onboard,800,60.856097638607025,60.856097638607025,0.0,0.0,0.0,0.0,0.0,1.0,0.0,0.0
static,0.0,fixed_onboard,801,63.64904029170672,63.64904029170672,0.0,0.0,0.0,0.0,0.0,1.0,0.0,0.0
static,0.0,fixed_onboard,802,67.28307051459949,67.28307051459949,0.0,0.0,0.0,0.0,0.0,1.0,0.0,0.0
static,0.0,fixed_onboard,803,73.534358471632,73.534358471632,0.0,0.0,0.0,0.0,0.0,1.0,0.0,0.0
static,0.0,fixed_onboard,804,71.52117923895518,71.52117923895518,0.0,0.0,0.0,0.0,0.0,1.0,0.0,0.0
static,0.0,immediate_argmin,800,36.530681451161705,36.530681451161705,0.0,0.0,0.0,0.0,0.3333333333333333,0.5833333333333334,0.22916666666666666,0.1875
static,0.0,immediate_argmin,801,44.96798202395439,44.96798202395439,0.0,0.0,0.0,0.0,0.0,0.625,0.14583333333333334,0.22916666666666666
static,0.0,immediate_argmin,802,47.54746843377749,47.54746843377749,0.0,0.0,0.0,0.0,0.0,0.6041666666666666,0.16666666666666666,0.22916666666666666
static,0.0,immediate_argmin,803,52.4139050145944,52.4139050145944,0.0,0.0,0.0,0.0,0.0,0.6041666666666666,0.2708333333333333,0.125
static,0.0,immediate_argmin,804,50.84156322479248,50.84156322479248,0.0,0.0,0.0,0.0,0.0,0.5,0.1875,0.3125
static,0.0,md_cbad_dqn,800,111.88985832532246,111.88985832532246,0.0,0.0,0.0,0.0,0.3333333333333333,0.0,0.0,1.0
static,0.0,md_cbad_dqn,801,63.64904029170672,63.64904029170672,0.0,0.0,0.0,0.0,0.0,1.0,0.0,0.0
static,0.0,md_cbad_dqn,802,67.28307051459949,67.28307051459949,0.0,0.0,0.0,0.0,0.0,1.0,0.0,0.0
static,0.0,md_cbad_dqn,803,130.7999724149704,130.7999724149704,0.0,0.0,0.0,0.0,0.0,0.041666666666666664,0.0,0.9583333333333334
static,0.0,md_cbad_dqn,804,71.52117923895518,71.52117923895518,0.0,0.0,0.0,0.0,0.0,1.0,0.0,0.0
static,0.0,md_cfba_dqn,800,111.88985832532246,111.88985832532246,0.0,0.0,0.0,0.0,0.3333333333333333,0.0,0.0,1.0
static,0.0,md_cfba_dqn,801,63.64904029170672,63.64904029170672,0.0,0.0,0.0,0.0,0.0,1.0,0.0,0.0
static,0.0,md_cfba_dqn,802,66.99763213594754,66.99763213594754,0.0,0.0,0.0,0.0,0.0,0.8541666666666666,0.14583333333333334,0.0
static,0.0,md_cfba_dqn,803,139.22183819611868,139.22183819611868,0.0,0.0,0.0,0.0,0.0,0.0,0.0,1.0
static,0.0,md_cfba_dqn,804,71.52117923895518,71.52117923895518,0.0,0.0,0.0,0.0,0.0,1.0,0.0,0.0
static,0.0,standard_dqn,800,111.88985832532246,111.88985832532246,0.0,0.0,0.0,0.0,0.3333333333333333,0.0,0.0,1.0
static,0.0,standard_dqn,801,63.64904029170672,63.64904029170672,0.0,0.0,0.0,0.0,0.0,1.0,0.0,0.0
static,0.0,standard_dqn,802,67.95930261413257,67.95930261413257,0.0,0.0,0.0,0.0,0.0,0.7708333333333334,0.22916666666666666,0.0
static,0.0,standard_dqn,803,139.22183819611868,139.22183819611868,0.0,0.0,0.0,0.0,0.0,0.0,0.0,1.0
static,0.0,standard_dqn,804,71.52117923895518,71.52117923895518,0.0,0.0,0.0,0.0,0.0,1.0,0.0,0.0
static,0.0,threshold,800,36.56688849131266,36.56688849131266,0.0,0.0,0.0,0.0,0.0,0.6041666666666666,0.20833333333333334,0.1875
static,0.0,threshold,801,44.96798202395439,44.96798202395439,0.0,0.0,0.0,0.0,0.0,0.625,0.14583333333333334,0.22916666666666666
static,0.0,threshold,802,47.54746843377749,47.54746843377749,0.0,0.0,0.0,0.0,0.0,0.6041666666666666,0.16666666666666666,0.22916666666666666
static,0.0,threshold,803,52.4139050145944,52.4139050145944,0.0,0.0,0.0,0.0,0.0,0.6041666666666666,0.2708333333333333,0.125
static,0.0,threshold,804,50.84156322479248,50.84156322479248,0.0,0.0,0.0,0.0,0.0,0.5,0.1875,0.3125
thermal_stress,1.0,contextual_bandit,800,125.43390843669575,124.95898407697678,0.47492428024609895,0.3333333333333333,0.0,0.0,1.0,0.0,0.0,1.0
thermal_stress,1.0,contextual_bandit,801,96.69579718212287,86.76449314753215,9.931303994854291,3.6666666666666665,0.0,2.6666666666666665,0.0,1.0,0.0,0.0
thermal_stress,1.0,contextual_bandit,802,81.17473254998525,81.02255310614903,0.1521794438362123,0.0,0.0,0.0,1.0,0.7083333333333334,0.2916666666666667,0.0
thermal_stress,1.0,contextual_bandit,803,149.64052828152975,149.23081739743552,0.4097106456756592,1.6666666666666667,0.0,0.0,0.0,0.020833333333333332,0.0,0.9791666666666666
thermal_stress,1.0,contextual_bandit,804,85.6108044187228,85.60796580712001,0.002838611602783203,0.3333333333333333,0.0,0.0,0.0,1.0,0.0,0.0
thermal_stress,1.0,fixed_ground,800,144.8156116357056,143.49827445546785,1.317337180237761,0.0,0.0,1.0,1.0,0.0,1.0,0.0
thermal_stress,1.0,fixed_ground,801,207.30003331530892,205.21193500359854,2.0880983117103535,0.0,0.0,2.6666666666666665,0.0,0.0,1.0,0.0
thermal_stress,1.0,fixed_ground,802,194.11499567124307,191.06340899070105,3.051586680542007,0.0,0.0,3.0,1.6666666666666667,0.0,1.0,0.0
thermal_stress,1.0,fixed_ground,803,189.23583725278115,188.485031803449,0.7508054493321709,0.0,0.0,1.3333333333333333,0.0,0.0,1.0,0.0
thermal_stress,1.0,fixed_ground,804,193.82179422866986,190.78664894898733,3.035145279682533,0.0,0.0,1.3333333333333333,1.6666666666666667,0.0,1.0,0.0
thermal_stress,1.0,fixed_onboard,800,75.21303874254227,75.18949061632156,0.023548126220703125,0.3333333333333333,0.0,0.0,0.0,1.0,0.0,0.0
thermal_stress,1.0,fixed_onboard,801,96.69579718212287,86.76449314753215,9.931303994854291,3.6666666666666665,0.0,2.6666666666666665,0.0,1.0,0.0,0.0
thermal_stress,1.0,fixed_onboard,802,81.59910901387532,81.45740874608357,0.14170026779174805,0.6666666666666666,0.0,0.0,0.0,1.0,0.0,0.0
thermal_stress,1.0,fixed_onboard,803,89.97433330615361,89.62495869398117,0.34937453269958496,1.3333333333333333,0.0,0.0,0.0,1.0,0.0,0.0
thermal_stress,1.0,fixed_onboard,804,85.6108044187228,85.60796580712001,0.002838611602783203,0.3333333333333333,0.0,0.0,0.0,1.0,0.0,0.0
thermal_stress,1.0,immediate_argmin,800,41.7329448590676,41.5856962899367,0.14724856913089757,0.3333333333333333,0.0,0.0,0.3333333333333333,0.5625,0.25,0.1875
thermal_stress,1.0,immediate_argmin,801,56.28802611430486,53.43270798524221,2.855318069458008,2.6666666666666665,0.0,0.0,0.0,0.5833333333333334,0.16666666666666666,0.25
thermal_stress,1.0,immediate_argmin,802,54.47063698967298,54.29136488835017,0.17927210132280993,0.6666666666666666,0.0,0.0,0.6666666666666666,0.6041666666666666,0.16666666666666666,0.22916666666666666
thermal_stress,1.0,immediate_argmin,803,59.653589407602944,59.653589407602944,0.0,0.0,0.0,0.0,0.0,0.5833333333333334,0.2916666666666667,0.125
thermal_stress,1.0,immediate_argmin,804,58.41086672345798,58.28674646218618,0.12412026127179472,0.0,0.0,0.0,0.6666666666666666,0.4791666666666667,0.22916666666666666,0.2916666666666667
thermal_stress,1.0,md_cbad_dqn,800,125.43390843669575,124.95898407697678,0.47492428024609895,0.3333333333333333,0.0,0.0,1.0,0.0,0.0,1.0
thermal_stress,1.0,md_cbad_dqn,801,96.69579718212287,86.76449314753215,9.931303994854291,3.6666666666666665,0.0,2.6666666666666665,0.0,1.0,0.0,0.0
thermal_stress,1.0,md_cbad_dqn,802,81.59910901387532,81.45740874608357,0.14170026779174805,0.6666666666666666,0.0,0.0,0.0,1.0,0.0,0.0
thermal_stress,1.0,md_cbad_dqn,803,141.86541851361594,141.31327096621195,0.552147388458252,1.6666666666666667,0.0,0.0,0.0,0.0625,0.0,0.9375
thermal_stress,1.0,md_cbad_dqn,804,85.6108044187228,85.60796580712001,0.002838611602783203,0.3333333333333333,0.0,0.0,0.0,1.0,0.0,0.0
thermal_stress,1.0,md_cfba_dqn,800,125.43390843669575,124.95898407697678,0.47492428024609895,0.3333333333333333,0.0,0.0,1.0,0.0,0.0,1.0
thermal_stress,1.0,md_cfba_dqn,801,96.69579718212287,86.76449314753215,9.931303994854291,3.6666666666666665,0.0,2.6666666666666665,0.0,1.0,0.0,0.0
thermal_stress,1.0,md_cfba_dqn,802,74.49474805394809,74.2297065059344,0.2650415480136872,0.6666666666666666,0.0,0.0,0.3333333333333333,0.8958333333333334,0.10416666666666667,0.0
thermal_stress,1.0,md_cfba_dqn,803,149.64052828152975,149.23081739743552,0.4097106456756592,1.6666666666666667,0.0,0.0,0.0,0.020833333333333332,0.0,0.9791666666666666
thermal_stress,1.0,md_cfba_dqn,804,85.6108044187228,85.60796580712001,0.002838611602783203,0.3333333333333333,0.0,0.0,0.0,1.0,0.0,0.0
thermal_stress,1.0,standard_dqn,800,125.43390843669575,124.95898407697678,0.47492428024609895,0.3333333333333333,0.0,0.0,1.0,0.0,0.0,1.0
thermal_stress,1.0,standard_dqn,801,96.69579718212287,86.76449314753215,9.931303994854291,3.6666666666666665,0.0,2.6666666666666665,0.0,1.0,0.0,0.0
thermal_stress,1.0,standard_dqn,802,81.76934823989869,81.62439193328221,0.14495630661646533,0.0,0.0,0.0,0.6666666666666666,0.7291666666666666,0.2708333333333333,0.0
thermal_stress,1.0,standard_dqn,803,149.64052828152975,149.23081739743552,0.4097106456756592,1.6666666666666667,0.0,0.0,0.0,0.020833333333333332,0.0,0.9791666666666666
thermal_stress,1.0,standard_dqn,804,85.6108044187228,85.60796580712001,0.002838611602783203,0.3333333333333333,0.0,0.0,0.0,1.0,0.0,0.0
thermal_stress,1.0,threshold,800,43.05753321448962,43.02074856559435,0.03678464889526367,0.3333333333333333,0.0,0.0,0.0,0.5625,0.25,0.1875
thermal_stress,1.0,threshold,801,62.72736783822378,62.72736783822378,0.0,0.0,0.0,0.0,0.0,0.5208333333333334,0.22916666666666666,0.25
thermal_stress,1.0,threshold,802,65.9780686100324,65.96091153224309,0.01715707778930664,0.3333333333333333,0.0,0.0,0.0,0.6041666666666666,0.1875,0.20833333333333334
thermal_stress,1.0,threshold,803,59.653589407602944,59.653589407602944,0.0,0.0,0.0,0.0,0.0,0.5833333333333334,0.2916666666666667,0.125
thermal_stress,1.0,threshold,804,59.02197539806366,59.02197539806366,0.0,0.0,0.0,0.0,0.0,0.5208333333333334,0.22916666666666666,0.25
