scenario,policy,model_seed,total_cost,immediate_cost,penalty,energy_use,latency_ms,transmitted_mbit,thermal_violation,energy_violation,queue_violation,contact_violation,planning_time_ms,onboard_fraction,ground_fraction,hybrid_fraction
burst,contextual_bandit,800,135.19157961325104,31.562500536814333,103.62907910474891,1.7022942745126783,18866.996651172638,1474.140149497986,0.0,34.0,29.85,1.85,0.0,0.0,0.490625,0.509375
burst,contextual_bandit,801,125.62081907076251,32.44107785522938,93.17974112798882,1.7121477076783775,19302.946035385132,1400.957252881676,0.0,32.95,23.6,2.0,0.0,0.00234375,0.46953125,0.528125
burst,contextual_bandit,802,124.3702108161962,31.98119731247425,92.38901354730784,1.6985385668929667,19049.603934860228,1481.807481214404,0.0,33.85,26.65,1.95,0.0,0.0,0.50703125,0.49296875
burst,contextual_bandit,803,120.89240019888805,30.919379783794284,89.9730204527192,1.6892116953153162,18634.632086181642,1447.4839973270894,0.0,33.15,18.4,1.35,0.0,0.0,0.49140625,0.50859375
burst,contextual_bandit,804,134.3148844361297,31.876172776147722,102.43871169201945,1.7007718981709332,19064.92578897476,1456.5613331109284,0.0,33.8,32.15,2.25,0.0,0.0,0.503125,0.496875
burst,fixed_ground,800,323.21808759597207,31.906870494782925,291.3112171011892,2.28542957236059,27154.227786827087,2564.5744918346404,0.0,40.1,48.2,3.2,0.0,0.0,1.0,0.0
burst,fixed_ground,801,320.9000089773828,32.32779430821538,288.5722146691675,2.364331470709294,28202.9900434494,2558.949777030945,0.0,38.75,50.25,3.55,0.0,0.0,1.0,0.0
burst,fixed_ground,802,321.4279819021263,32.28564638085663,289.14233552126973,2.305429658200592,27425.638431358337,2598.511531972885,0.0,39.6,48.15,3.35,0.0,0.0,1.0,0.0
burst,fixed_ground,803,320.935326742121,31.79919706694782,289.13612967517327,2.2966366609558464,27247.275732040405,2551.1922342300413,0.0,39.6,48.15,2.5,0.0,0.0,1.0,0.0
burst,fixed_ground,804,318.9205323124391,31.649218313395977,287.2713139990432,2.2898105782456697,27201.677820968627,2529.294681787491,0.0,38.9,48.8,3.4,0.0,0.0,1.0,0.0
burst,fixed_onboard,800,297.32061396531014,68.01429335698485,229.30632061354078,2.083929382869974,38219.354221725465,75.64391846247017,0.0,38.45,37.2,0.0,0.0,1.0,0.0,0.0
burst,fixed_onboard,801,288.48965641153603,68.78451213687659,219.70514425826823,2.09688054388389,38614.48549308777,76.71027441695333,0.0,37.2,35.15,0.0,0.0,1.0,0.0,0.0
burst,fixed_onboard,802,289.05922078629584,68.8664213001728,220.1927994898484,2.095136407809332,38557.023288345335,77.36500315666198,0.0,37.7,36.45,0.0,0.0,1.0,0.0,0.0
burst,fixed_onboard,803,283.2181909913421,67.2938997834921,215.92429117953785,2.064826499391347,37685.356917190555,76.02571741007269,0.0,37.6,35.55,0.0,0.0,1.0,0.0,0.0
burst,fixed_onboard,804,292.57313336262104,68.4067375920713,224.16639577800044,2.095629911124706,38563.62359428406,75.36089062727987,0.0,37.7,36.1,0.0,0.0,1.0,0.0,0.0
burst,immediate_argmin,800,247.53307895378674,29.996315827593207,217.53676312768366,1.9451362216379493,22179.42425022125,2089.5192496716977,0.0,35.1,36.8,2.55,0.0,0.0,0.79140625,0.20859375
burst,immediate_argmin,801,247.50505366782767,30.167898319661617,217.3371553500287,1.9679293441586196,22547.81196756363,2090.843885624409,0.0,33.85,36.5,3.2,0.0,0.0,0.796875,0.203125
burst,immediate_argmin,802,239.14808753530846,30.193312760442495,208.95477476965056,1.9394815328996629,22127.59710483551,2099.102638721466,0.0,35.1,36.7,2.55,0.0,0.0,0.7875,0.2125
burst,immediate_argmin,803,232.7932055821621,29.70692302547395,203.08628257196182,1.9299980727490038,21923.135862731935,2048.4081478476523,0.0,34.2,35.15,2.0,0.0,0.0,0.784375,0.215625
burst,immediate_argmin,804,248.66117765301357,29.703036829456686,218.95814081983158,1.9452402438037097,22187.53331012726,2085.0570245355366,0.0,34.9,37.45,2.9,0.0,0.0,0.79765625,0.20234375
burst,md_cbad_dqn,800,96.96786360248925,31.08348842486739,65.88437527932226,1.5688807908911258,17577.92926530838,1014.9177450060845,0.0,28.9,0.0,1.4,0.0,0.00078125,0.3125,0.68671875
burst,md_cbad_dqn,801,99.48351261392236,32.86359452158213,66.61991812959313,1.5985279634594918,18440.469000434874,918.3420934572816,0.0,29.1,0.0,1.4,0.0,0.04375,0.27421875,0.68203125
burst,md_cbad_dqn,802,96.19852253630758,31.929246801137925,64.26927564166486,1.577409012010321,17900.276473522186,949.0723684549332,0.0,28.7,0.0,1.4,0.0,0.0,0.28359375,0.71640625
burst,md_cbad_dqn,803,94.39793811611831,31.11526595763862,63.28267203181982,1.569952491670847,17505.99670677185,1008.6775282397866,0.0,28.3,0.0,0.95,0.0,0.03515625,0.296875,0.66796875
burst,md_cbad_dqn,804,96.94982281059026,31.50707096233964,65.44275171861052,1.580600730003789,17880.873177719117,1046.5059780165552,0.0,29.1,0.0,1.8,0.0,0.03046875,0.33359375,0.6359375
burst,md_cfba_dqn,800,97.02496161818505,31.06227831505239,65.96268325097859,1.5724148103035986,17723.443603038788,1063.2099279373883,0.0,28.9,0.0,1.4,0.0,0.0,0.34921875,0.65078125
burst,md_cfba_dqn,801,98.9791593053192,32.46929438300431,66.50986503630877,1.5930109867360442,18189.938412761687,867.9684649556875,0.0,29.0,0.0,1.45,0.0,0.0,0.2359375,0.7640625
burst,md_cfba_dqn,802,96.60168466076256,31.897754772379994,64.70392995096742,1.5817127480637283,17906.077319049837,975.9069427229464,0.0,28.8,0.0,1.45,0.0,0.00625,0.284375,0.709375
burst,md_cfba_dqn,803,93.96463144890964,30.46984663233161,63.49478487282992,1.5671319770161063,17281.10597820282,1054.424163621664,0.0,28.4,0.0,1.0,0.0,0.0,0.31328125,0.68671875
burst,md_cfba_dqn,804,97.05126768603921,31.96928523816168,65.08198245644569,1.5770790229551495,17824.88630552292,886.7229037225246,0.0,29.0,0.0,1.5,0.0,0.0171875,0.2375,0.7453125
burst,mpc_h4,800,108.37703927597222,31.16631990931928,77.21071920050498,1.6772882064804435,18719.760728740694,1435.482071530819,0.0,32.55,4.15,1.15,307.3208750865888,0.00625,0.49375,0.5
burst,mpc_h4,801,109.63974366110726,32.16409520357847,77.47564857040508,1.6986025772988795,19255.029994392396,1374.3092204354703,0.0,32.2,4.65,1.05,298.6197550140787,0.00703125,0.475,0.51796875
burst,mpc_h4,802,108.31998847536299,31.543249740824102,76.77673882506345,1.6847879169508815,18873.928845596314,1454.9251820743084,0.0,32.5,3.9,1.15,300.4674101131968,0.00546875,0.49375,0.50078125
burst,mpc_h4,803,106.7885309009444,30.879405638948082,75.90912527130953,1.6751924187410623,18592.89759206772,1420.9350088454783,0.0,32.05,5.05,0.9,296.8170849024318,0.00234375,0.4921875,0.50546875
burst,mpc_h4,804,109.00545509380083,31.39388511404395,77.61156991866211,1.6841482947580517,18861.226779174805,1406.833296686411,0.0,32.7,3.95,1.05,301.0822700744029,0.00546875,0.4859375,0.50859375
burst,standard_dqn,800,96.93589175067842,31.24413519576192,65.69175659291446,1.5693602957762778,17630.029446029665,990.224080722779,0.0,28.85,0.0,1.35,0.0,0.00859375,0.3046875,0.68671875
burst,standard_dqn,801,103.94120704539121,34.55622324347496,69.3849838436395,1.6347767825238406,18838.360723304748,634.168539981544,0.0,29.75,0.0,0.85,0.0,0.0328125,0.071875,0.8953125
burst,standard_dqn,802,97.94545792572201,32.99348399117589,64.95197404369712,1.5952906868420542,18078.11786260605,711.5505977123976,0.0,28.8,0.0,1.15,0.0,0.0,0.12421875,0.87578125
burst,standard_dqn,803,97.23730033606292,32.834292182698846,64.40300805836917,1.6036855003330857,18610.778849029542,1078.3334880724549,0.0,28.5,0.0,1.1,0.0,0.12890625,0.3421875,0.52890625
burst,standard_dqn,804,99.75719758346676,33.650617179647085,66.10658039152622,1.604576836619526,18420.178201389313,692.4111588053405,0.0,29.25,0.0,1.1,0.0,0.03671875,0.1265625,0.83671875
burst,threshold,800,241.90429794761266,32.02528567425907,209.87901228452952,1.9649134388659149,23075.05018234253,2046.8072145730257,0.0,34.4,35.05,1.05,0.0,0.02578125,0.76328125,0.2109375
burst,threshold,801,237.7227671709631,32.39457705579698,205.32819009020668,1.9812945364508778,23380.5591506958,2007.440400531143,0.0,33.65,33.7,1.1,0.0,0.02734375,0.75,0.22265625
burst,threshold,802,245.74891326402786,32.251042602211236,213.4978706603265,1.969429236697033,23151.030743026735,2067.98477942124,0.0,34.9,35.8,0.9,0.0,0.02421875,0.7625,0.21328125
burst,threshold,803,235.94995957660973,31.593007277324794,204.3569522989124,1.9653765850700438,22914.45902557373,2047.1307209670545,0.0,34.1,34.15,0.85,0.0,0.01875,0.76796875,0.21328125
burst,threshold,804,245.28230340633678,31.809478342905642,213.47282507535206,1.9737810189370066,23162.426525592804,2032.919799540937,0.0,34.75,35.45,1.0,0.0,0.02421875,0.76171875,0.2140625
energy_limited,contextual_bandit,800,131.95437282053237,27.001184490323066,104.95318833020929,1.5837163898162543,16836.94091272354,1443.6536039978266,0.0,42.65,7.85,1.95,0.0,0.0,0.55546875,0.44453125
energy_limited,contextual_bandit,801,133.66190438919955,28.046641694754364,105.61526264564388,1.615041031083092,17438.30266828537,1401.2212512999772,0.0,43.5,11.7,2.05,0.0,0.0,0.5359375,0.4640625
energy_limited,contextual_bandit,802,136.97678593608651,27.977340378239752,108.99944552916202,1.6047507517971098,17397.51559228897,1484.5576141774654,0.0,43.35,15.1,1.95,0.0,0.0,0.58046875,0.41953125
energy_limited,contextual_bandit,803,131.9593619768513,27.13912038579583,104.82024168940313,1.583057150291279,16911.815287017824,1439.781786596775,0.0,42.75,6.05,1.55,0.0,0.0,0.57109375,0.42890625
energy_limited,contextual_bandit,804,136.08453033179975,27.509109630063175,108.5754207263235,1.5982483685947955,17243.812523269655,1447.9640100985766,0.0,42.75,17.65,2.25,0.0,0.0,0.57578125,0.42421875
energy_limited,fixed_ground,800,332.1391845949988,28.302072088420392,303.83711250434334,2.0380278425756844,23564.115426063538,2300.05749001503,0.0,47.75,48.2,3.0,0.0,0.0,1.0,0.0
energy_limited,fixed_ground,801,334.8028448868134,28.552213860303162,306.2506310280004,2.0813876209314914,24156.695299339295,2297.969362783432,0.0,49.3,50.25,3.45,0.0,0.0,1.0,0.0
energy_limited,fixed_ground,802,330.6501854386085,28.760415428131818,301.88977001196685,2.0654421348590404,23967.357494544984,2336.4183875083922,0.0,47.4,48.15,3.15,0.0,0.0,1.0,0.0
energy_limited,fixed_ground,803,328.93658620771595,28.271933191269635,300.66465301570133,2.0512816345319154,23717.991351699828,2292.795631122589,0.0,47.5,48.15,2.45,0.0,0.0,1.0,0.0
energy_limited,fixed_ground,804,328.6057098566165,27.966208643093704,300.6395012127779,2.0240518445614724,23394.4631690979,2266.4353037834167,0.0,47.95,48.7,3.3,0.0,0.0,1.0,0.0
energy_limited,fixed_onboard,800,240.42801070421933,63.444795961678025,176.98321458384396,1.9454009497072549,34198.591201019284,67.8757426571101,0.0,46.4,28.4,0.0,0.0,1.0,0.0,0.0
energy_limited,fixed_onboard,801,238.45474772859365,64.2768164806068,174.17793124724182,1.959780644159764,34628.37308006287,68.8830027770251,0.0,46.5,26.5,0.0,0.0,1.0,0.0,0.0
energy_limited,fixed_onboard,802,240.10491663569957,64.59642803445459,175.5084885729328,1.9644027499947696,34758.81194038391,69.71490559764206,0.0,46.95,26.35,0.0,0.0,1.0,0.0,0.0
energy_limited,fixed_onboard,803,228.3685543155372,62.931342931091784,165.43721142914893,1.9321128255687654,33826.38750076294,68.03236838690937,0.0,46.75,24.5,0.0,0.0,1.0,0.0,0.0
energy_limited,fixed_onboard,804,236.09502371294798,63.918515127152205,172.1765085902661,1.9593734239693732,34603.02885246277,67.5245300475508,0.0,46.25,26.35,0.0,0.0,1.0,0.0,0.0
energy_limited,immediate_argmin,800,229.44470487949593,26.74428000189364,202.700424899209,1.7728298950009047,19579.08205127716,1885.3260020554067,0.0,43.45,32.95,2.4,0.0,0.0,0.796875,0.203125
energy_limited,immediate_argmin,801,229.2583620937315,26.906278073042632,202.35208404453076,1.7907937381416559,19878.673999118804,1897.5926681816577,0.0,43.3,32.4,3.15,0.0,0.0,0.80234375,0.19765625
energy_limited,immediate_argmin,802,228.63094544736023,27.137604273483156,201.4933412074047,1.7928866878617555,19891.431135368348,1914.9829330325126,0.0,43.6,32.4,2.4,0.0,0.0,0.79609375,0.20390625
energy_limited,immediate_argmin,803,213.42466489016428,26.550388469547034,186.8742764645757,1.7530100711621344,19255.997285842896,1838.8390645802021,0.0,43.05,29.25,1.9,0.0,0.0,0.77578125,0.22421875
energy_limited,immediate_argmin,804,226.17852415679081,26.441939050704242,199.73658518506272,1.7635916939936578,19462.67021780014,1878.0862911969423,0.0,42.7,32.45,2.75,0.0,0.0,0.79921875,0.20078125
energy_limited,md_cbad_dqn,800,117.67034970492125,27.400413213670255,90.26993654042482,1.4640862388536333,15713.837065696716,947.1067522376776,0.0,38.65,0.0,1.35,0.0,0.0,0.32890625,0.67109375
energy_limited,md_cbad_dqn,801,119.02122444666922,29.453508437797428,89.56771602749825,1.4919561276677995,16518.04979019165,767.6811129584909,0.0,38.1,0.0,1.2,0.0,0.046875,0.23125,0.721875
energy_limited,md_cbad_dqn,802,119.30345480948685,28.426632125675678,90.87682255752385,1.4793145014904439,16111.18787355423,870.8446849972009,0.0,38.95,0.0,1.45,0.0,0.0,0.28671875,0.71328125
energy_limited,md_cbad_dqn,803,116.56373684830965,27.786214788258075,88.77752202689648,1.4692757934797556,15782.360530853271,938.1725603587926,0.0,38.0,0.0,1.05,0.0,0.0390625,0.31796875,0.64296875
energy_limited,md_cbad_dqn,804,118.81543670535089,28.421542654559016,90.39389407873153,1.4862725069746374,16287.41965341568,1001.2202347248792,0.0,38.2,0.0,1.75,0.0,0.0640625,0.3578125,0.578125
energy_limited,md_cfba_dqn,800,117.90131431713701,27.388625476136802,90.51268897362054,1.4715554913971574,15897.313490390778,1027.9000156223774,0.0,38.7,0.0,1.45,0.0,0.00078125,0.3828125,0.61640625
energy_limited,md_cfba_dqn,801,118.46879947453738,28.984997609257697,89.48380202993751,1.4853539275936782,16253.804240226746,741.8465264856816,0.0,38.1,0.0,1.25,0.0,0.0,0.20703125,0.79296875
energy_limited,md_cfba_dqn,802,119.43351793378592,28.498693149536848,90.9348248077184,1.4837436536792665,16130.026417541503,876.8516531296075,0.0,39.05,0.0,1.35,0.0,0.0125,0.275,0.7125
energy_limited,md_cfba_dqn,803,116.12133489720523,26.968204703554512,89.15313033148647,1.4670598687138408,15517.297329330444,990.6836974620819,0.0,38.05,0.0,1.2,0.0,0.0,0.3328125,0.6671875
energy_limited,md_cfba_dqn,804,118.7527499359101,28.59631240181625,90.15643747001886,1.47608875897713,15986.877110004425,780.5379045978189,0.0,38.3,0.0,1.3,0.0,0.03515625,0.2203125,0.74453125
energy_limited,mpc_h4,800,126.27445428340812,27.070986201241613,99.2034680054255,1.5832711296156048,16983.343490695952,1416.6276200927794,0.0,41.95,1.35,1.2,299.9323849740904,0.0046875,0.55703125,0.43828125
energy_limited,mpc_h4,801,126.46402594884248,27.807718495279552,98.65630761337789,1.6040745664853602,17372.80899400711,1381.983075620234,0.0,42.1,1.7,1.3,298.33681490272284,0.003125,0.5375,0.459375
energy_limited,mpc_h4,802,127.1109581234385,27.664182408154012,99.44677564375891,1.5969049902167172,17279.633830070496,1427.3332905352115,0.0,42.1,1.2,1.2,301.1374149413314,0.00546875,0.5484375,0.44609375
energy_limited,mpc_h4,803,124.86739314774687,26.93731115348637,97.93008210676425,1.584005741076544,16935.992798423766,1410.155479026586,0.0,41.65,1.3,0.95,298.77302506938577,0.0015625,0.55234375,0.44609375
energy_limited,mpc_h4,804,125.02903025451727,27.076802965626122,97.95222725946135,1.5778163274750114,17023.031692790984,1401.111991301179,0.0,41.25,0.8,1.25,299.4080899457913,0.00390625,0.559375,0.43671875
energy_limited,standard_dqn,800,117.81755170866847,27.604475994035603,90.21307576753199,1.4673160664271563,15779.442718315124,928.1496274285018,0.0,38.7,0.0,1.25,0.0,0.01640625,0.31796875,0.665625
energy_limited,standard_dqn,801,125.39345322765409,31.648529624193905,93.74492346152664,1.5436200639698654,17143.774069976807,491.5987860694528,0.0,39.75,0.0,0.7,0.0,0.0375,0.02265625,0.93984375
energy_limited,standard_dqn,802,122.36237151414157,30.08306296207011,92.27930849023163,1.5072992395143956,16432.59562997818,590.3188030004501,0.0,39.35,0.0,0.95,0.0,0.0,0.090625,0.909375
energy_limited,standard_dqn,803,119.51550200499594,29.866798875108362,89.6487033161521,1.5147335274145006,17135.14680900574,1038.2601479627192,0.0,38.15,0.0,1.15,0.0,0.15625,0.375,0.46875
energy_limited,standard_dqn,804,122.45801898635924,30.821159275621177,91.63685964405536,1.5152137012220919,16739.904633426668,552.3503597773612,0.0,38.8,0.0,1.05,0.0,0.0546875,0.07578125,0.86953125
energy_limited,threshold,800,247.71276342242464,28.48792320564389,219.22484020225215,1.839119641808793,20926.57536907196,1936.6354621812702,0.0,43.65,34.15,1.5,0.0,0.015625,0.809375,0.175
energy_limited,threshold,801,244.78212290153442,28.872500605508684,215.90962233439623,1.8565123162698,21283.80511636734,1920.2848076701164,0.0,43.6,34.1,1.65,0.0,0.01484375,0.8078125,0.17734375
energy_limited,threshold,802,251.5587498262177,28.891748372837903,222.667001507024,1.8473228969145565,21093.797722434996,1961.604018638283,0.0,44.05,35.55,1.3,0.0,0.0125,0.809375,0.178125
energy_limited,threshold,803,245.89129443719713,28.260226613655686,217.6310678224239,1.8373335064854472,20824.50081062317,1950.5872575059534,0.0,43.55,35.0,1.1,0.0,0.0078125,0.81875,0.1734375
energy_limited,threshold,804,248.38665887359303,28.276090306043624,220.11056857649015,1.8335897161159664,20865.68608856201,1919.248358745873,0.0,43.3,35.15,1.35,0.0,0.0171875,0.81015625,0.17265625
link_limited,contextual_bandit,800,143.2965891384461,33.46991107240319,109.82667807945396,1.8809834269806742,21797.55852060318,952.1353283494711,0.0,39.2,26.45,1.3,0.0,0.00078125,0.296875,0.70234375
link_limited,contextual_bandit,801,140.2613368860464,34.78065276779235,105.48068416146741,1.9263157225213945,22657.65780763626,882.0640210233629,0.0,40.1,26.3,1.25,0.0,0.0046875,0.25234375,0.74296875
link_limited,contextual_bandit,802,140.71965356898622,34.17745929434896,106.54219439943452,1.889191067405045,22144.59253940582,978.706824657321,0.0,39.4,29.7,1.6,0.0,0.0,0.3078125,0.6921875
link_limited,contextual_bandit,803,127.22498244844617,32.61026482321322,94.614717735129,1.8617709795478732,21479.918506145477,965.4107430964708,0.0,37.5,14.6,0.95,0.0,0.0,0.3125,0.6875
link_limited,contextual_bandit,804,134.82073010292578,33.49817685335874,101.32255316574802,1.8829572324641048,21951.085722255706,959.9704069793224,0.0,38.3,27.15,1.55,0.0,0.00078125,0.31171875,0.6875
link_limited,fixed_ground,800,409.257520174584,39.23533794023096,370.0221822343532,3.7642486019060017,47860.26188697815,2300.05749001503,0.0,50.95,55.45,3.0,0.0,0.0,1.0,0.0
link_limited,fixed_ground,801,422.2016032860265,39.937221314013,382.26438197201367,3.8542479415889828,49456.7122882843,2297.969362783432,0.0,52.85,56.9,3.45,0.0,0.0,1.0,0.0
link_limited,fixed_ground,802,405.7596689762666,39.83663262277842,365.9230363534883,3.7982772280927746,48581.17391929626,2336.4183875083922,0.0,50.4,54.85,3.15,0.0,0.0,1.0,0.0
link_limited,fixed_ground,803,407.6530979309022,39.09014666453004,368.5629512663723,3.75669163079001,47758.46614227295,2292.795631122589,0.0,50.35,56.1,2.45,0.0,0.0,1.0,0.0
link_limited,fixed_ground,804,412.56025541033944,38.631495744735005,373.92875966560445,3.7073464316315947,47095.10144958496,2266.4353037834167,0.0,51.4,56.4,3.3,0.0,0.0,1.0,0.0
link_limited,fixed_onboard,800,211.64245133310556,62.69523702934384,148.94721434697507,1.9454009497072549,34667.61819114685,67.8757426571101,0.0,36.15,28.4,0.0,0.0,1.0,0.0,0.0
link_limited,fixed_onboard,801,208.74054387021812,63.52258878275752,145.21795506361872,1.959780644159764,35127.157717895505,68.8830027770251,0.0,35.6,26.5,0.0,0.0,1.0,0.0,0.0
link_limited,fixed_onboard,802,210.38879371488844,63.849955319613215,146.53883839527518,1.9644027499947696,35246.073974227904,69.71490559764206,0.0,36.2,26.35,0.0,0.0,1.0,0.0,0.0
link_limited,fixed_onboard,803,198.16590090376138,62.16821454688907,135.99768643510342,1.9321128255687654,34308.43479614258,68.03236838690937,0.0,35.5,24.5,0.0,0.0,1.0,0.0,0.0
link_limited,fixed_onboard,804,207.45989840818942,63.166041082143785,144.29385732008518,1.9593734239693732,35085.64503288269,67.5245300475508,0.0,35.85,26.35,0.0,0.0,1.0,0.0,0.0
link_limited,immediate_argmin,800,271.1443617059564,32.01023216210306,239.13412954459847,2.2475139691494403,26698.685822105406,1555.9738429754973,0.0,38.6,39.9,2.1,0.0,0.0015625,0.64453125,0.35390625
link_limited,immediate_argmin,801,277.0688835565969,32.50807039923966,244.56081315363207,2.325441884249449,27734.837689208984,1606.7598753355444,0.0,38.45,41.8,3.0,0.0,0.00078125,0.65390625,0.3453125
link_limited,immediate_argmin,802,272.971802693602,32.58141088522971,240.39039180911746,2.2780502419453112,27143.78007888794,1604.036602151394,0.0,39.5,41.6,2.25,0.0,0.0015625,0.64609375,0.35234375
link_limited,immediate_argmin,803,266.30037768188635,31.95438450500369,234.34599319327398,2.2346859602723272,26431.918153762817,1526.2007341727615,0.0,38.25,39.8,1.75,0.0,0.0015625,0.63125,0.3671875
link_limited,immediate_argmin,804,271.1158042609358,31.873023312166332,239.24278092790792,2.267215520842001,26953.140007686616,1579.0694388784468,0.0,38.15,40.1,2.6,0.0,0.0015625,0.65390625,0.34453125
link_limited,md_cbad_dqn,800,101.48076406925917,31.110549729317427,70.37021426394583,1.6803199757356198,19450.331839942934,618.7032165169716,0.0,30.25,0.0,0.95,0.0,0.00078125,0.128125,0.87109375
link_limited,md_cbad_dqn,801,106.06360719569027,33.55913097336888,72.50447620928288,1.7220669949892908,20648.45366449356,553.1736982814967,0.0,30.7,0.0,0.75,0.0,0.08515625,0.0890625,0.82578125
link_limited,md_cbad_dqn,802,101.3511214902997,31.841738557443023,69.50938290566206,1.6988477831706406,19849.236467266084,609.0026266634464,0.0,30.15,0.0,1.05,0.0,0.0,0.11328125,0.88671875
link_limited,md_cbad_dqn,803,99.95992085956037,32.02062477469444,67.93929616048932,1.6851346149109303,19738.41234254837,603.7022389318794,0.0,29.8,0.0,0.5,0.0,0.06875,0.115625,0.815625
link_limited,md_cbad_dqn,804,103.19531866222621,32.50283695347607,70.69248162418604,1.7080836195033045,20235.432099056245,634.5666965484619,0.0,30.45,0.0,1.0,0.0,0.08046875,0.13984375,0.7796875
link_limited,md_cfba_dqn,800,101.44233617722988,31.020202434808017,70.42213386014103,1.684402167936787,19499.820884132387,643.5897290438413,0.0,30.3,0.0,0.9,0.0,0.00078125,0.14375,0.85546875
link_limited,md_cfba_dqn,801,104.28401870273053,32.37340353280306,71.91061521574855,1.707191202789545,20095.852368068696,536.498261231184,0.0,30.6,0.0,0.85,0.0,0.0,0.065625,0.934375
link_limited,md_cfba_dqn,802,102.33450199767948,32.524902098998425,69.80959989681841,1.7061522286850959,20112.820014095305,604.878282636404,0.0,30.2,0.0,1.1,0.0,0.04453125,0.11171875,0.84375
link_limited,md_cfba_dqn,803,99.23101085305214,30.800168710574507,68.43084224045276,1.6843943137209862,19369.32858104706,640.7477701634168,0.0,29.95,0.0,0.6,0.0,0.003125,0.1265625,0.8703125
link_limited,md_cfba_dqn,804,102.26296267233789,32.22833493351936,70.03462780177594,1.6938193885143846,19855.50719308853,554.8526011966169,0.0,30.3,0.0,1.0,0.0,0.03984375,0.08046875,0.8796875
link_limited,mpc_h4,800,116.35047838836927,32.133746416121724,84.21673217378574,1.8202331494539976,21117.67935371399,979.3596814602613,0.0,35.6,1.95,1.05,299.55359500600025,0.00859375,0.32421875,0.6671875
link_limited,mpc_h4,801,118.92628372026084,33.366426040232184,85.55985782792267,1.8461359517183156,21715.78183813095,973.4996800884604,0.0,35.4,4.7,1.0,299.7525249433238,0.0125,0.3109375,0.6765625
link_limited,mpc_h4,802,116.67700115840812,32.85283189341426,83.82416922774095,1.8399773336946965,21503.84631500244,994.6967019170522,0.0,35.4,2.55,1.05,301.90850485814735,0.00625,0.32421875,0.66953125
link_limited,mpc_h4,803,113.3138012790741,31.764664149284364,81.54913710035994,1.8178404682315885,21003.3671125412,988.8223048247397,0.0,34.55,1.9,0.6,297.815135109704,0.0046875,0.33046875,0.66484375
link_limited,mpc_h4,804,115.42887669594347,32.22152103558183,83.20735558548333,1.8255989263299852,21280.40256986618,984.240845502168,0.0,34.85,2.85,0.9,301.1947849416174,0.009375,0.32890625,0.66171875
link_limited,standard_dqn,800,101.52647027470172,31.346755612641573,70.1797146013379,1.6837241786532104,19536.756924438476,614.9494953222572,0.0,30.2,0.0,0.8,0.0,0.021875,0.12421875,0.85390625
link_limited,standard_dqn,801,106.6183982039988,33.7429333742708,72.87546479508282,1.7293611351400613,20556.15838842392,479.3707787580788,0.0,30.75,0.0,0.6,0.0,0.053125,0.01484375,0.93203125
link_limited,standard_dqn,802,102.2861579322815,32.55163415707648,69.7345238314569,1.7050860039424152,19949.53915681839,515.4898365736008,0.0,30.25,0.0,0.95,0.0,0.0,0.0375,0.9625
link_limited,standard_dqn,803,102.9774903523922,34.06843292713165,68.90905743271112,1.7246276151854545,21078.47566232681,647.5068224258721,0.0,29.9,0.0,0.5,0.0,0.17578125,0.15859375,0.665625
link_limited,standard_dqn,804,103.97643163479866,33.59326246455312,70.38316912814975,1.7067846554797144,20327.32336215973,478.17166471332314,0.0,30.4,0.0,0.85,0.0,0.07578125,0.02890625,0.8953125
link_limited,threshold,800,225.7043548869001,36.390375785902144,189.3139790860968,2.0076316526625306,25254.412033367156,1320.5240647368132,0.0,36.05,35.1,0.95,0.0,0.1265625,0.50625,0.3671875
link_limited,threshold,801,222.01637961848832,36.84029327221215,185.1760863298849,2.0401250480208546,25693.312799453735,1299.5592672862113,0.0,35.7,32.5,1.1,0.0,0.1328125,0.4765625,0.390625
link_limited,threshold,802,236.55092219849107,36.49612302519381,200.0547991464752,2.056981204915792,25784.773931121825,1385.941461148113,0.0,36.8,36.6,0.8,0.0,0.11875,0.52421875,0.35703125
link_limited,threshold,803,219.7633264140129,36.23289663940668,183.53042978578208,2.0163905734661967,25344.465934658052,1318.3272410526872,0.0,35.4,32.15,0.9,0.0,0.1328125,0.51015625,0.35703125
link_limited,threshold,804,218.10232301267007,36.44737213775515,181.6549508696995,2.01268124692142,25370.1943816185,1301.7651436828078,0.0,35.5,31.95,1.05,0.0,0.1296875,0.49140625,0.37890625
nominal,contextual_bandit,800,101.38172183019533,27.568089339509605,73.81363256109371,1.5951987687963993,17078.954851818085,1443.510973829031,0.0,30.0,14.85,1.95,0.0,0.0,0.56171875,0.43828125
nominal,contextual_bandit,801,101.3158121159321,28.33437200859189,72.98144017178774,1.6165337429847568,17514.03151760101,1396.6928073979914,0.0,30.3,15.45,2.1,0.0,0.00234375,0.53671875,0.4609375
nominal,contextual_bandit,802,100.96011677693025,28.244363744184376,72.7157531139572,1.6078432180453093,17468.226176452637,1464.628670066595,0.0,30.1,17.75,1.95,0.0,0.0,0.57421875,0.42578125
nominal,contextual_bandit,803,93.01786168134545,27.119130045548083,65.89873168497118,1.5825273064896463,16880.904859733582,1426.7897830635309,0.0,28.55,7.25,1.45,0.0,0.0,0.5609375,0.4390625
nominal,contextual_bandit,804,101.79120747796412,27.82850335650146,73.96270407489654,1.6010472672060132,17316.59312162399,1446.6721454963088,0.0,30.15,21.0,2.15,0.0,0.00078125,0.575,0.42421875
nominal,fixed_ground,800,304.0299045001965,28.302072088420392,275.72783241177615,2.0380278425756844,23564.115426063538,2300.05749001503,0.0,37.8,48.2,3.0,0.0,0.0,1.0,0.0
nominal,fixed_ground,801,303.607154960666,28.552213860303162,275.0549411003629,2.0813876209314914,24156.695299339295,2297.969362783432,0.0,36.55,50.25,3.45,0.0,0.0,1.0,0.0
nominal,fixed_ground,802,304.32334302923624,28.760415428131818,275.5629276011045,2.0654421348590404,23967.357494544984,2336.4183875083922,0.0,37.55,48.15,3.15,0.0,0.0,1.0,0.0
nominal,fixed_ground,803,301.3915885756595,28.271933191269635,273.11965538438994,2.0512816345319154,23717.991351699828,2292.795631122589,0.0,37.4,48.15,2.45,0.0,0.0,1.0,0.0
nominal,fixed_ground,804,300.2508073783091,27.966208643093704,272.2845987352155,2.0240518445614724,23394.4631690979,2266.4353037834167,0.0,37.05,48.7,3.3,0.0,0.0,1.0,0.0
nominal,fixed_onboard,800,211.43138923108577,62.484174800664185,148.94721434697507,1.9454009497072549,34198.591201019284,67.8757426571101,0.0,36.15,28.4,0.0,0.0,1.0,0.0,0.0
nominal,fixed_onboard,801,208.5160906988755,63.29813560694456,145.21795506361872,1.959780644159764,34628.37308006287,68.8830027770251,0.0,35.6,26.5,0.0,0.0,1.0,0.0,0.0
nominal,fixed_onboard,802,210.169525900282,63.63068747222424,146.53883839527518,1.9644027499947696,34758.81194038391,69.71490559764206,0.0,36.2,26.35,0.0,0.0,1.0,0.0,0.0
nominal,fixed_onboard,803,197.9489796383381,61.951293205469845,135.99768643510342,1.9321128255687654,33826.38750076294,68.03236838690937,0.0,35.5,24.5,0.0,0.0,1.0,0.0,0.0
nominal,fixed_onboard,804,207.24272112591566,62.948863895237444,144.29385732008518,1.9593734239693732,34603.02885246277,67.5245300475508,0.0,35.85,26.35,0.0,0.0,1.0,0.0,0.0
nominal,immediate_argmin,800,197.67300048788235,26.74428000189364,170.92872048300848,1.7728298950009047,19579.08205127716,1885.3260020554067,0.0,31.6,32.95,2.4,0.0,0.0,0.796875,0.203125
nominal,immediate_argmin,801,200.12043902212358,26.906278073042632,173.21416094684577,1.7907937381416559,19878.673999118804,1897.5926681816577,0.0,30.8,32.4,3.15,0.0,0.0,0.80234375,0.19765625
nominal,immediate_argmin,802,195.85104091164945,27.137604273483156,168.7134366463619,1.7928866878617555,19891.431135368348,1914.9829330325126,0.0,31.45,32.4,2.4,0.0,0.0,0.79609375,0.20390625
nominal,immediate_argmin,803,179.16590881198064,26.550388469547034,152.61552033721821,1.7530100711621344,19255.997285842896,1838.8390645802021,0.0,30.0,29.25,1.9,0.0,0.0,0.77578125,0.22421875
nominal,immediate_argmin,804,194.99398556096537,26.441939050704242,168.55204651771174,1.7635916939936578,19462.67021780014,1878.0862911969423,0.0,31.35,32.45,2.75,0.0,0.0,0.79921875,0.20078125
nominal,md_cbad_dqn,800,76.91263533040882,27.593639502301812,49.318995779305695,1.464028325304389,15742.536759853363,934.609083789587,0.0,23.5,0.0,1.45,0.0,0.00078125,0.32265625,0.6765625
nominal,md_cbad_dqn,801,79.32086886383593,29.05498170144856,50.265887195169924,1.491857251757756,16467.555332183838,840.2415982082487,0.0,23.85,0.0,1.45,0.0,0.0375,0.27578125,0.68671875
nominal,md_cbad_dqn,802,78.07548269368708,28.4100700058043,49.66541266972199,1.4809016343671828,16128.80795583725,888.0538776487113,0.0,23.2,0.0,1.35,0.0,0.0,0.29609375,0.70390625
nominal,md_cbad_dqn,803,75.54002681106329,27.514833445101978,48.0251933182776,1.4652861083857716,15671.26027393341,929.6973528191447,0.0,22.8,0.0,1.0,0.0,0.021875,0.315625,0.6625
nominal,md_cbad_dqn,804,76.22703555040061,28.003237295150758,48.22379828393459,1.4757761043030768,16086.6525888443,977.2689605176449,0.0,23.1,0.0,1.8,0.0,0.03125,0.3546875,0.6140625
nominal,md_cfba_dqn,800,77.19744862414896,27.559947453439236,49.637501080557705,1.4694967605639249,15892.52468919754,978.4342870444059,0.0,23.5,0.0,1.4,0.0,0.00078125,0.3546875,0.64453125
nominal,md_cfba_dqn,801,78.95373101383447,28.709657210856676,50.24407381266356,1.4867457183543593,16265.453958415985,812.0788999438286,0.0,23.7,0.0,1.4,0.0,0.0,0.25078125,0.74921875
nominal,md_cfba_dqn,802,78.39332263261079,28.559358932077885,49.83396359808743,1.4830123734660448,16167.88672208786,889.1625866465271,0.0,23.3,0.0,1.4,0.0,0.00859375,0.2890625,0.70234375
nominal,md_cfba_dqn,803,75.31339357741177,27.039265045151115,48.274128602296116,1.4650716664269567,15518.988957595826,974.8660188496112,0.0,22.85,0.0,1.05,0.0,0.0,0.3296875,0.6703125
nominal,md_cfba_dqn,804,76.31096658930183,28.27053668089211,48.04042988717556,1.4717858342453838,15905.223724651336,825.5792777195572,0.0,23.05,0.0,1.55,0.0,0.015625,0.25078125,0.73359375
nominal,mpc_h4,800,90.33356362420759,27.29252003133297,63.04104370835862,1.577961015375331,16939.153851222993,1407.9962288558484,0.0,28.6,1.2,1.15,307.3046949983109,0.00625,0.55,0.44375
nominal,mpc_h4,801,92.62092047061796,28.029228423163296,64.59169209215815,1.5985710797365755,17395.083003520966,1383.9373285077513,0.0,28.9,1.8,1.25,296.95402992656454,0.00546875,0.54296875,0.4515625
nominal,mpc_h4,802,91.29294236031835,27.824688555300234,63.4682538266248,1.59324154201895,17217.22917842865,1418.2001704603433,0.0,28.9,1.95,1.2,300.74259494431317,0.0046875,0.54375,0.4515625
nominal,mpc_h4,803,88.83946986198988,27.092644595354795,61.74682535939481,1.5820700231939555,16935.122576522826,1412.7402406014503,0.0,27.9,1.35,0.95,299.37132007326,0.00234375,0.5578125,0.43984375
nominal,mpc_h4,804,90.97002189004567,27.432225410267712,63.537796468602096,1.587463053688407,17141.33923511505,1411.9918429762124,0.0,29.1,1.8,1.15,299.63270512525924,0.00546875,0.559375,0.43515625
nominal,standard_dqn,800,76.98174737520516,27.67265189141035,49.309095605984325,1.4655928100459277,15796.512957000732,913.6933752395213,0.0,23.45,0.0,1.25,0.0,0.0078125,0.3171875,0.675
nominal,standard_dqn,801,84.77831991583109,30.75269057825208,54.02562930069864,1.528565024631098,16818.35949230194,581.1776679426432,0.0,25.2,0.0,0.9,0.0,0.02734375,0.07265625,0.9
nominal,standard_dqn,802,80.38384502522648,29.606306390091778,50.777538732737305,1.498006730666384,16275.542234897614,643.2809539556504,0.0,23.65,0.0,1.2,0.0,0.0,0.12421875,0.87578125
nominal,standard_dqn,803,78.0087751647085,28.732700173929334,49.276074997484685,1.4955320816021413,16529.853349304198,1020.7026222996413,0.0,22.9,0.0,1.2,0.0,0.09375,0.36796875,0.53828125
nominal,standard_dqn,804,79.43519517868756,29.781429069489242,49.65376601457596,1.4967529429122806,16382.045410346986,638.5681876681745,0.0,23.6,0.0,1.15,0.0,0.025,0.13359375,0.84140625
nominal,threshold,800,191.53293296655508,28.56219814196229,162.97073483427855,1.8052640228997916,20517.92744617462,1852.1973642222583,0.0,31.05,30.05,1.05,0.0,0.02421875,0.7703125,0.20546875
nominal,threshold,801,198.03976717641885,28.930171658471227,169.1095954948508,1.8312286082655191,20954.18314857483,1845.9376998089253,0.0,31.05,29.85,1.1,0.0,0.02578125,0.76875,0.20546875
nominal,threshold,802,186.7258350282887,28.714833607152105,158.01100143231247,1.8026917810551821,20477.031630706788,1856.084811640531,0.0,31.2,29.85,0.8,0.0,0.021875,0.7609375,0.2171875
nominal,threshold,803,183.86795403187816,28.148358330875634,155.7195956853563,1.7966102018021046,20264.1206577301,1849.9040853068232,0.0,30.25,28.9,0.85,0.0,0.01640625,0.77265625,0.2109375
nominal,threshold,804,190.70605613589905,28.329730055481196,162.37632609159374,1.7981627290602773,20390.14072647095,1832.1455484986304,0.0,31.4,30.25,1.0,0.0,0.021875,0.7640625,0.2140625
reduced_coupling,contextual_bandit,800,26.071134825735914,25.684040419757366,0.3870944059785499,1.6405882776714862,17709.264562511446,1779.3982503414154,0.0,0.0,1.7,0.95,0.0,0.00078125,0.7453125,0.25390625
reduced_coupling,contextual_bandit,801,26.010489872193027,25.804897058010102,0.20559281418293035,1.6565240363124758,17849.472393894197,1742.1857295632362,0.0,0.0,0.95,1.25,0.0,0.01015625,0.70390625,0.2859375
reduced_coupling,contextual_bandit,802,26.403932106174913,25.995895674452186,0.4080364317227313,1.6671770639717578,18072.39018974304,1802.0181458204984,0.0,0.0,3.3,1.35,0.0,0.0,0.73515625,0.26484375
reduced_coupling,contextual_bandit,803,25.29638242945075,25.249075513333082,0.047306916117668185,1.5860382084269076,16668.636779212953,1550.277171844244,0.0,0.0,0.0,0.5,0.0,0.0,0.6015625,0.3984375
reduced_coupling,contextual_bandit,804,26.094384217150587,25.73271959722042,0.3616646199301695,1.654921350022778,18043.1441781044,1827.5663199603557,0.0,0.0,3.5,1.45,0.0,0.0,0.78125,0.21875
reduced_coupling,fixed_ground,800,50.7602273500143,27.23164619728923,23.52858115272507,1.8828255267813803,21491.16446247101,2300.05749001503,0.0,0.0,26.1,1.25,0.0,0.0,1.0,0.0
reduced_coupling,fixed_ground,801,54.70760534799528,27.44408078417182,27.263524563823466,1.9189347960054874,21994.21607456207,2297.969362783432,0.0,0.0,27.55,1.4,0.0,0.0,1.0,0.0
reduced_coupling,fixed_ground,802,53.257426255625695,27.65777788795531,25.59964836767039,1.9058547789230942,21835.63777923584,2336.4183875083922,0.0,0.0,27.2,1.55,0.0,0.0,1.0,0.0
reduced_coupling,fixed_ground,803,51.56435109396116,27.188843667879702,24.375507426081462,1.8928471710532904,21605.683086776735,2292.795631122589,0.0,0.0,24.95,0.6,0.0,0.0,1.0,0.0
reduced_coupling,fixed_ground,804,50.7726830209739,26.913363852351903,23.859319168621997,1.871254309779033,21346.72164440155,2266.4353037834167,0.0,0.0,26.15,1.5,0.0,0.0,1.0,0.0
reduced_coupling,fixed_onboard,800,59.20749720484018,59.20749720484018,0.0,1.9454009497072549,34187.97902069092,67.8757426571101,0.0,0.0,0.0,0.0,0.0,1.0,0.0,0.0
reduced_coupling,fixed_onboard,801,60.02073158696294,60.02073158696294,0.0,1.959780644159764,34617.07173690796,68.8830027770251,0.0,0.0,0.0,0.0,0.0,1.0,0.0,0.0
reduced_coupling,fixed_onboard,802,60.34061526954174,60.34061526954174,0.0,1.9644027499947696,34747.77614784241,69.71490559764206,0.0,0.0,0.0,0.0,0.0,1.0,0.0,0.0
reduced_coupling,fixed_onboard,803,58.66517072096467,58.66517072096467,0.0,1.9321128255687654,33815.454935455324,68.03236838690937,0.0,0.0,0.0,0.0,0.0,1.0,0.0,0.0
reduced_coupling,fixed_onboard,804,59.67071878015995,59.67071878015995,0.0,1.9593734239693732,34592.15430603027,67.5245300475508,0.0,0.0,0.0,0.0,0.0,1.0,0.0,0.0
reduced_coupling,immediate_argmin,800,26.33384443464763,25.470650012791157,0.8631944218564751,1.6414753207471222,17618.421797275543,1754.6106376290322,0.0,0.0,2.5,1.0,0.0,0.0,0.721875,0.278125
reduced_coupling,immediate_argmin,801,26.829436892287486,25.690933519229294,1.1385033730581937,1.6707984531763942,18085.32111158371,1797.4204684525728,0.0,0.0,2.55,1.2,0.0,0.0,0.740625,0.259375
reduced_coupling,immediate_argmin,802,26.780573536856366,25.899816810712217,0.8807567261441506,1.6735705420840532,18125.256103801727,1822.4244175314902,0.0,0.0,3.6,1.25,0.0,0.0,0.73984375,0.26015625
reduced_coupling,immediate_argmin,803,26.25721930978988,25.326435650512575,0.9307836592773017,1.6408105541486293,17578.432387542725,1747.9417477697134,0.0,0.0,2.35,0.5,0.0,0.0,0.71796875,0.28203125
reduced_coupling,immediate_argmin,804,26.38681440635282,25.297462791576983,1.0893516147758349,1.6526506694499403,17809.72991323471,1798.028843346238,0.0,0.0,2.6,1.35,0.0,0.0,0.74609375,0.25390625
reduced_coupling,md_cbad_dqn,800,27.479022386074064,27.390673174336552,0.08834921173751359,1.455342909367755,15694.020102405548,998.0908757194877,0.0,0.0,0.0,0.7,0.0,0.00234375,0.37421875,0.6234375
reduced_coupling,md_cbad_dqn,801,27.93719009153545,27.867339811474086,0.06985028006136423,1.476833858434111,16072.225585365295,983.5175870090723,0.0,0.0,0.0,0.9,0.0,0.0,0.3515625,0.6484375
reduced_coupling,md_cbad_dqn,802,28.576750183999536,28.506998281553386,0.06975190244615084,1.4721213160548359,16015.927553939819,852.2655654102564,0.0,0.0,0.0,0.95,0.0,0.0,0.27421875,0.72578125
reduced_coupling,md_cbad_dqn,803,26.942044954225423,26.90899970047176,0.03304525375366213,1.4488932084292174,15382.237708377837,939.8704150736332,0.0,0.0,0.0,0.3,0.0,0.0,0.32578125,0.67421875
reduced_coupling,md_cbad_dqn,804,27.302325209453706,27.227939824014904,0.07438538543879991,1.4554453257005662,15696.630049800873,980.3205471783876,0.0,0.0,0.0,0.8,0.0,0.0,0.36328125,0.63671875
reduced_coupling,md_cfba_dqn,800,27.1362671918422,27.052403795719147,0.08386339612305169,1.458082100469619,15659.450502586365,1026.3370087713004,0.0,0.0,0.0,0.65,0.0,0.0,0.38515625,0.61484375
reduced_coupling,md_cfba_dqn,801,28.124531359523537,28.054720617830753,0.06981074169278151,1.4769411305896938,16089.368323898316,974.5287779629231,0.0,0.0,0.0,0.9,0.0,0.0,0.34140625,0.65859375
reduced_coupling,md_cfba_dqn,802,28.36908664740622,28.289734137430788,0.07935250997543342,1.4719966285396366,15990.906521224975,908.592664912343,0.0,0.0,0.0,1.0,0.0,0.0,0.303125,0.696875
reduced_coupling,md_cfba_dqn,803,26.853036924377086,26.81620168350637,0.036835240870714214,1.4512622328475118,15310.872596454621,967.6029486060143,0.0,0.0,0.0,0.4,0.0,0.0,0.325,0.675
reduced_coupling,md_cfba_dqn,804,27.652178731113672,27.573768370971084,0.07841036014258868,1.458332658978179,15688.749028491973,927.0140577077866,0.0,0.0,0.0,0.9,0.0,0.0,0.3171875,0.6828125
reduced_coupling,mpc_h4,800,25.59512353310884,25.507479697093366,0.08764383601547301,1.6265924484934657,17394.513505649567,1699.6165848501028,0.0,0.0,0.65,0.8,301.6521750309039,0.00234375,0.69140625,0.30625
reduced_coupling,mpc_h4,801,25.838455385585092,25.710510908439755,0.12794447714533996,1.651291941292584,17784.223446750642,1738.7648444883525,0.0,0.0,0.9,1.05,295.8886351028923,0.0015625,0.70859375,0.28984375
reduced_coupling,mpc_h4,802,25.99788840205456,25.901145448163152,0.09674295389140604,1.652429621014744,17780.79066848755,1748.1464012295007,0.0,0.0,1.05,1.0,297.43758005206473,0.00234375,0.69765625,0.3
reduced_coupling,mpc_h4,803,25.393694922186587,25.325887229666115,0.06780769252047199,1.6134683403652161,17202.661108493805,1682.0590739309787,0.0,0.0,0.75,0.45,295.3748950967565,0.00078125,0.68515625,0.3140625
reduced_coupling,mpc_h4,804,25.459037291682748,25.35093372128904,0.1081035703937085,1.6331835511140524,17539.84959154129,1738.279653158784,0.0,0.0,0.8,1.1,296.5687000658363,0.00078125,0.7171875,0.28203125
reduced_coupling,standard_dqn,800,27.453337781503798,27.36342671215534,0.08991106934845453,1.456694314396009,15736.672600650787,1018.2454235941171,0.0,0.0,0.0,0.75,0.0,0.0,0.390625,0.609375
reduced_coupling,standard_dqn,801,29.065768813192847,28.992277968674898,0.0734908445179463,1.5044902054592968,16216.232935810089,790.1513727605343,0.0,0.0,0.0,0.8,0.0,0.0,0.184375,0.815625
reduced_coupling,standard_dqn,802,29.312392885088922,29.250933193415403,0.06145969167351728,1.4896210551727562,16139.506183624268,688.774136376381,0.0,0.0,0.0,0.8,0.0,0.0,0.15234375,0.84765625
reduced_coupling,standard_dqn,803,26.786752464994787,26.744794056192042,0.04195840880274776,1.453303610952571,15397.140570354462,1023.8251913845539,0.0,0.0,0.0,0.5,0.0,0.0,0.3640625,0.6359375
reduced_coupling,standard_dqn,804,28.475532413721083,28.40736984089017,0.06816257283091551,1.465947526274249,15944.884415340424,808.6525331974029,0.0,0.0,0.0,0.85,0.0,0.0,0.2578125,0.7421875
reduced_coupling,threshold,800,26.176561972871422,26.176561972871422,0.0,1.6434311515651643,17829.432637882233,1689.603810185939,0.0,0.0,0.0,0.0,0.0,0.01484375,0.6859375,0.29921875
reduced_coupling,threshold,801,26.64659531079233,26.64659531079233,0.0,1.664215080672875,18258.753236293793,1700.4415159083903,0.0,0.0,0.0,0.0,0.0,0.0203125,0.6921875,0.2875
reduced_coupling,threshold,802,26.766925365105273,26.766925365105273,0.0,1.6707209206651896,18312.418881607056,1726.8731106691062,0.0,0.0,0.0,0.0,0.0,0.0203125,0.69375,0.2859375
reduced_coupling,threshold,803,25.9983666934073,25.9983666934073,0.0,1.6354716651141643,17648.115476894378,1682.7604953795671,0.0,0.0,0.0,0.0,0.0,0.00859375,0.68203125,0.309375
reduced_coupling,threshold,804,26.263337833806872,26.263337833806872,0.0,1.6525354290846734,18102.444916439057,1712.8126471556723,0.0,0.0,0.0,0.0,0.0,0.01875,0.70546875,0.27578125
static,contextual_bandit,800,24.727972542867064,24.727972542867064,0.0,1.6144267643336208,17421.003017616273,1894.9765104234218,0.0,0.0,0.0,0.4,0.0,0.0,0.80859375,0.19140625
static,contextual_bandit,801,24.68548724167049,24.68548724167049,0.0,1.5908915009349585,16789.081745147705,1704.8974089503288,0.0,0.0,0.0,0.35,0.0,0.0,0.6640625,0.3359375
static,contextual_bandit,802,24.897662450745703,24.897662450745703,0.0,1.5891046835575253,16716.58645362854,1690.3926781207324,0.0,0.0,0.0,0.4,0.0,0.0,0.6390625,0.3609375
static,contextual_bandit,803,24.673347034305333,24.673347034305333,0.0,1.5242217163089662,15608.192948150634,1380.0654845774175,0.0,0.0,0.0,0.2,0.0,0.0,0.48828125,0.51171875
static,contextual_bandit,804,24.53246473260224,24.53246473260224,0.0,1.6119402702897787,17385.43518743515,1893.505578237772,0.0,0.0,0.0,0.55,0.0,0.0,0.809375,0.190625
static,fixed_ground,800,26.386434554308654,26.386434554308654,0.0,1.7633314880076796,19880.648634719848,2300.05749001503,0.0,0.0,0.0,0.4,0.0,0.0,1.0,0.0
static,fixed_ground,801,26.578727662190794,26.578727662190794,0.0,1.7950258039403706,20327.522297668456,2297.969362783432,0.0,0.0,0.0,0.35,0.0,0.0,1.0,0.0
static,fixed_ground,802,26.788669446483254,26.788669446483254,0.0,1.7830208568368107,20180.27649230957,2336.4183875083922,0.0,0.0,0.0,0.4,0.0,0.0,1.0,0.0
static,fixed_ground,803,26.340374895557762,26.340374895557762,0.0,1.7719611435662954,19977.81642036438,2292.795631122589,0.0,0.0,0.0,0.2,0.0,0.0,1.0,0.0
static,fixed_ground,804,26.088048274442553,26.088048274442553,0.0,1.753890846297145,19766.8808052063,2266.4353037834167,0.0,0.0,0.0,0.55,0.0,0.0,1.0,0.0
static,fixed_onboard,800,55.46366708688438,55.46366708688438,0.0,1.9454009497072549,34177.80529785156,67.8757426571101,0.0,0.0,0.0,0.0,0.0,1.0,0.0,0.0
static,fixed_onboard,801,56.27380013987422,56.27380013987422,0.0,1.959780644159764,34606.25469055176,68.8830027770251,0.0,0.0,0.0,0.0,0.0,1.0,0.0,0.0
static,fixed_onboard,802,56.58317126072943,56.58317126072943,0.0,1.9644027499947696,34737.19963417053,69.71490559764206,0.0,0.0,0.0,0.0,0.0,1.0,0.0,0.0
static,fixed_onboard,803,54.967744966968894,54.967744966968894,0.0,1.9321128255687654,33804.98135643006,68.03236838690937,0.0,0.0,0.0,0.0,0.0,1.0,0.0,0.0
static,fixed_onboard,804,55.94112952053547,55.94112952053547,0.0,1.9593734239693732,34581.73789291382,67.5245300475508,0.0,0.0,0.0,0.0,0.0,1.0,0.0,0.0
static,immediate_argmin,800,24.416987100988628,24.416987100988628,0.0,1.5671754313632846,16428.112744808197,1668.513108277321,0.0,0.0,0.0,0.4,0.0,0.0,0.65625,0.34375
static,immediate_argmin,801,24.629752362519504,24.629752362519504,0.0,1.5948993186932057,16849.40128965378,1716.1949254840613,0.0,0.0,0.0,0.35,0.0,0.0,0.67109375,0.32890625
static,immediate_argmin,802,24.86360119506717,24.86360119506717,0.0,1.5952978283632546,16905.769593048095,1744.0631789147853,0.0,0.0,0.0,0.4,0.0,0.0,0.68203125,0.31796875
static,immediate_argmin,803,24.293595341965556,24.293595341965556,0.0,1.5704987255390734,16452.218849372864,1664.5488540381193,0.0,0.0,0.0,0.2,0.0,0.0,0.65703125,0.34296875
static,immediate_argmin,804,24.293789560347797,24.293789560347797,0.0,1.573504202067852,16565.923550319672,1710.3565465837717,0.0,0.0,0.0,0.55,0.0,0.0,0.68203125,0.31796875
static,md_cbad_dqn,800,28.23258827738464,28.23258827738464,0.0,1.4699575854931026,16639.829837608337,1046.319318473339,0.0,0.0,0.0,0.2,0.0,0.140625,0.43203125,0.42734375
static,md_cbad_dqn,801,26.59801324419677,26.59801324419677,0.0,1.4733686894644051,15912.278413581847,1253.7209898740052,0.0,0.0,0.0,0.35,0.0,0.0,0.4953125,0.5046875
static,md_cbad_dqn,802,27.654222605749965,27.654222605749965,0.0,1.4592107710428537,15839.273243141175,1087.656121712923,0.0,0.0,0.0,0.4,0.0,0.0,0.4109375,0.5890625
static,md_cbad_dqn,803,27.13346870839596,27.13346870839596,0.0,1.4390896850265562,15198.431409931183,893.946326816082,0.0,0.0,0.0,0.2,0.0,0.0,0.296875,0.703125
static,md_cbad_dqn,804,26.605072538927196,26.605072538927196,0.0,1.4428334412164987,15395.601342773438,1100.8572825551032,0.0,0.0,0.0,0.55,0.0,0.0,0.41640625,0.58359375
static,md_cfba_dqn,800,26.12458474934101,26.12458474934101,0.0,1.450408249348402,15383.446474647522,1171.9343972355127,0.0,0.0,0.0,0.4,0.0,0.0,0.4515625,0.5484375
static,md_cfba_dqn,801,26.846446826681493,26.846446826681493,0.0,1.4706897024065255,15906.46863937378,1234.564058920741,0.0,0.0,0.0,0.35,0.0,0.0,0.4796875,0.5203125
static,md_cfba_dqn,802,27.660516176372766,27.660516176372766,0.0,1.4740746991708875,16221.663852310181,1181.466693136096,0.0,0.0,0.0,0.4,0.0,0.0421875,0.4625,0.4953125
static,md_cfba_dqn,803,26.387805994600058,26.387805994600058,0.0,1.4412363093346356,15171.078666973113,1074.7830482572317,0.0,0.0,0.0,0.2,0.0,0.0,0.390625,0.609375
static,md_cfba_dqn,804,26.659403850138187,26.659403850138187,0.0,1.5286085359286516,17239.730799102785,1584.9076572038234,0.0,0.0,0.0,0.5,0.0,0.11953125,0.6828125,0.19765625
static,mpc_h4,800,24.416987100988628,24.416987100988628,0.0,1.5671754313632846,16428.112744808197,1668.513108277321,0.0,0.0,0.0,0.4,307.71468995371833,0.0,0.65625,0.34375
static,mpc_h4,801,24.629752362519504,24.629752362519504,0.0,1.5948993186932057,16849.40128965378,1716.1949254840613,0.0,0.0,0.0,0.35,296.83334490982816,0.0,0.67109375,0.32890625
static,mpc_h4,802,24.86360119506717,24.86360119506717,0.0,1.5952978283632546,16905.769593048095,1744.0631789147853,0.0,0.0,0.0,0.4,295.99102990468964,0.0,0.68203125,0.31796875
static,mpc_h4,803,24.293595341965556,24.293595341965556,0.0,1.5704987255390734,16452.218849372864,1664.5488540381193,0.0,0.0,0.0,0.2,297.52570505370386,0.0,0.65703125,0.34296875
static,mpc_h4,804,24.293789560347797,24.293789560347797,0.0,1.573504202067852,16565.923550319672,1710.3565465837717,0.0,0.0,0.0,0.55,295.4975551692769,0.0,0.68203125,0.31796875
static,standard_dqn,800,26.313609712943435,26.313609712943435,0.0,1.455708140740171,15713.113861846923,1277.0842629760505,0.0,0.0,0.0,0.4,0.0,0.0,0.53515625,0.46484375
static,standard_dqn,801,25.799438298493623,25.799438298493623,0.0,1.531620729668066,16435.898509407045,1578.3756875097752,0.0,0.0,0.0,0.35,0.0,0.0,0.628125,0.371875
static,standard_dqn,802,30.75198931582272,30.75198931582272,0.0,1.5169465532526374,17659.806124687195,781.825818670541,0.0,0.0,0.0,0.3,0.0,0.2109375,0.23359375,0.55546875
static,standard_dqn,803,26.792398043349387,26.792398043349387,0.0,1.4433331390377133,15247.398220252991,999.8963055215776,0.0,0.0,0.0,0.2,0.0,0.0125,0.3484375,0.6390625
static,standard_dqn,804,27.540093733742832,27.540093733742832,0.0,1.4631770501378925,16211.967705821991,1155.3096963204443,0.0,0.0,0.0,0.5,0.0,0.06015625,0.4703125,0.46953125
static,threshold,800,24.601003531366587,24.601003531366587,0.0,1.5712619004771113,16562.38673658371,1660.9485508151351,0.0,0.0,0.0,0.0,0.0,0.00625,0.653125,0.340625
static,threshold,801,24.745327293872833,24.745327293872833,0.0,1.5972765197977423,16929.425148296355,1709.1830894812942,0.0,0.0,0.0,0.0,0.0,0.00546875,0.66796875,0.3265625
static,threshold,802,25.00264778062701,25.00264778062701,0.0,1.597454851353541,17006.252018737792,1738.2133584842086,0.0,0.0,0.0,0.0,0.0,0.00625,0.68046875,0.31328125
static,threshold,803,24.384587530419232,24.384587530419232,0.0,1.5727087923325598,16518.93887310028,1660.1072582393886,0.0,0.0,0.0,0.0,0.0,0.003125,0.6546875,0.3421875
static,threshold,804,24.62642330005765,24.62642330005765,0.0,1.5779291754588485,16771.605851650238,1692.9217628367246,0.0,0.0,0.0,0.0,0.0,0.009375,0.675,0.315625
thermal_stress,contextual_bandit,800,132.5836417940859,31.510412702709438,101.0732291584317,1.7019157698843628,18827.149525356293,1473.1705836713313,0.0,34.0,28.15,1.85,0.0,0.0,0.4859375,0.5140625
thermal_stress,contextual_bandit,801,125.51142979867878,32.67812813334167,92.83330165043594,1.7103981654159726,19319.344001197816,1393.4984329722822,0.0,33.1,23.7,2.0,0.0,0.00078125,0.47109375,0.528125
thermal_stress,contextual_bandit,802,124.8230787783637,32.14172581098974,92.68135296774649,1.6986615465022623,19072.905751419068,1477.8301900058984,0.0,33.8,27.2,1.95,0.0,0.0,0.50859375,0.49140625
thermal_stress,contextual_bandit,803,124.0061776652672,31.252264499291776,92.7539132028558,1.6884554941672831,18700.230493927003,1441.8394379794597,0.0,33.3,21.9,1.3,0.0,0.0,0.4984375,0.5015625
thermal_stress,contextual_bandit,804,133.55067852080813,31.919163991883398,101.6315145900195,1.700527094071731,19057.255189228057,1456.9201691776514,0.0,33.8,31.6,2.25,0.0,0.0,0.503125,0.496875
thermal_stress,fixed_ground,800,323.21808759597207,31.906870494782925,291.3112171011892,2.28542957236059,27154.227786827087,2564.5744918346404,0.0,40.1,48.2,3.2,0.0,0.0,1.0,0.0
thermal_stress,fixed_ground,801,320.9000089773828,32.32779430821538,288.5722146691675,2.364331470709294,28202.9900434494,2558.949777030945,0.0,38.75,50.25,3.55,0.0,0.0,1.0,0.0
thermal_stress,fixed_ground,802,321.4279819021263,32.28564638085663,289.14233552126973,2.305429658200592,27425.638431358337,2598.511531972885,0.0,39.6,48.15,3.35,0.0,0.0,1.0,0.0
thermal_stress,fixed_ground,803,320.935326742121,31.79919706694782,289.13612967517327,2.2966366609558464,27247.275732040405,2551.1922342300413,0.0,39.6,48.15,2.5,0.0,0.0,1.0,0.0
thermal_stress,fixed_ground,804,318.9205323124391,31.649218313395977,287.2713139990432,2.2898105782456697,27201.677820968627,2529.294681787491,0.0,38.9,48.8,3.4,0.0,0.0,1.0,0.0
thermal_stress,fixed_onboard,800,297.82058174527435,68.51426114588976,229.30632061354078,2.083929382869974,38219.354221725465,75.64391846247017,0.0,38.45,37.2,0.0,0.0,1.0,0.0,0.0
thermal_stress,fixed_onboard,801,288.98962405515465,69.28447979092599,219.70514425826823,2.09688054388389,38614.48549308777,76.71027441695333,0.0,37.2,35.15,0.0,0.0,1.0,0.0,0.0
thermal_stress,fixed_onboard,802,289.5591885595545,69.36638907939195,220.1927994898484,2.095136407809332,38557.023288345335,77.36500315666198,0.0,37.7,36.45,0.0,0.0,1.0,0.0,0.0
thermal_stress,fixed_onboard,803,283.71815872585773,67.79386754781008,215.92429117953785,2.064826499391347,37685.356917190555,76.02571741007269,0.0,37.6,35.55,0.0,0.0,1.0,0.0,0.0
thermal_stress,fixed_onboard,804,293.0731011418402,68.90670540556312,224.16639577800044,2.095629911124706,38563.62359428406,75.36089062727987,0.0,37.7,36.1,0.0,0.0,1.0,0.0,0.0
thermal_stress,immediate_argmin,800,254.50152394291436,30.129953599721194,224.37157034021294,1.9550473531708121,22344.207052230835,2117.4134099602697,0.0,35.3,38.1,2.55,0.0,0.0,0.80625,0.19375
thermal_stress,immediate_argmin,801,252.0732841977187,30.26905914694071,221.8042250541308,1.9756527021992951,22659.132594394683,2107.7320232391357,0.0,34.15,37.4,3.2,0.0,0.0,0.80546875,0.19453125
thermal_stress,immediate_argmin,802,248.63886962174757,30.329405585676433,218.3094640368162,1.9531662063207478,22353.123197746278,2127.9707071244716,0.0,35.35,38.35,2.55,0.0,0.0,0.80625,0.19375
thermal_stress,immediate_argmin,803,238.8054482440801,29.81774663068354,208.98770162047464,1.9368077368475496,22043.00817565918,2067.0296924233435,0.0,34.45,36.05,2.05,0.0,0.0,0.79609375,0.20390625
thermal_stress,immediate_argmin,804,252.88594019014909,29.815200974419714,223.07073920604367,1.9504392339382322,22291.57924194336,2101.866329583526,0.0,35.05,38.25,2.9,0.0,0.0,0.81015625,0.18984375
thermal_stress,md_cbad_dqn,800,97.13091475106776,31.23104527182877,65.8998695190996,1.5688968881964684,17569.73054742813,1018.6188980847597,0.0,28.95,0.0,1.45,0.0,0.0,0.31328125,0.68671875
thermal_stress,md_cbad_dqn,801,99.77055388689041,33.015407817810775,66.75514617413282,1.5993670706637204,18444.14979915619,921.2721710577607,0.0,29.15,0.0,1.4,0.0,0.04375,0.275,0.68125
thermal_stress,md_cbad_dqn,802,96.46016729347409,32.07484393902123,64.38532326094807,1.5782656418625265,17913.647807502748,954.8447297394275,0.0,28.7,0.0,1.4,0.0,0.0,0.2875,0.7125
thermal_stress,md_cbad_dqn,803,94.56295376442372,31.258517414703967,63.30443642050028,1.5698961402289568,17500.235251617432,1010.1224210776388,0.0,28.3,0.0,0.95,0.0,0.034375,0.29765625,0.66796875
thermal_stress,md_cbad_dqn,804,97.1767283744365,31.6686689581722,65.5080593715608,1.5810850497335196,17887.398180007935,1057.9206649437547,0.0,29.1,0.0,1.8,0.0,0.0296875,0.33984375,0.63046875
thermal_stress,md_cfba_dqn,800,97.05048585109412,31.211514688283206,65.83897120304405,1.5719228064641357,17720.11419019699,1060.348594853282,0.0,28.9,0.0,1.4,0.0,0.0,0.34765625,0.65234375
thermal_stress,md_cfba_dqn,801,99.19342685870826,32.64423655793071,66.54919051796199,1.5936085714027286,18199.220547389985,870.168501445651,0.0,29.0,0.0,1.4,0.0,0.0,0.2375,0.7625
thermal_stress,md_cfba_dqn,802,96.92387111634017,32.076668749004604,64.84720245487988,1.5820880308747292,17901.557824611664,975.172046610713,0.0,28.8,0.0,1.5,0.0,0.00625,0.28359375,0.71015625
thermal_stress,md_cfba_dqn,803,94.125623909235,30.637258819490672,63.48836509793997,1.566986025031656,17282.069885444642,1054.0076199173927,0.0,28.4,0.0,1.0,0.0,0.0,0.3140625,0.6859375
thermal_stress,md_cfba_dqn,804,97.39512301415205,32.13402900621295,65.2610939669609,1.5783853142056614,17841.06188993454,895.8551992058754,0.0,29.05,0.0,1.5,0.0,0.0171875,0.24140625,0.74140625
thermal_stress,mpc_h4,800,108.82731564505147,31.343010000139476,77.48430559089527,1.675441946554929,18724.522971057893,1441.2407028764487,0.0,32.6,4.25,1.2,300.68264495930634,0.00625,0.5,0.49375
thermal_stress,mpc_h4,801,109.96160562806915,32.34746051207185,77.6141451238204,1.6995483577717097,19279.959221458434,1371.6009587310255,0.0,32.2,5.0,1.05,298.310984991258,0.00703125,0.4734375,0.51953125
thermal_stress,mpc_h4,802,109.23619557072008,31.81008485145867,77.426110848529,1.686244781082496,18944.51753177643,1443.6775343477725,0.0,32.65,3.95,1.15,300.6060551269911,0.00546875,0.49609375,0.4984375
thermal_stress,mpc_h4,803,108.09704570403491,31.23161851130426,76.86542726351118,1.6741173875983804,18643.649021720885,1416.0522987015545,0.0,32.35,5.95,0.95,299.86366998637095,0.00234375,0.4953125,0.50234375
thermal_stress,mpc_h4,804,110.00975281003284,31.68013996630907,78.32961281131375,1.6864001743029804,18936.84535102844,1397.0496903955936,0.0,32.85,4.35,1.05,298.64396493067034,0.00546875,0.48671875,0.5078125
thermal_stress,standard_dqn,800,97.07253056943418,31.41035751439631,65.66217306919395,1.5690756209660321,17628.67810096741,990.3533353023231,0.0,28.8,0.0,1.4,0.0,0.00859375,0.3046875,0.68671875
thermal_stress,standard_dqn,801,104.19933550924063,34.7717497639358,69.42758573003114,1.635010111052543,18839.217416191103,633.5895303294062,0.0,29.75,0.0,0.85,0.0,0.0328125,0.07109375,0.89609375
thermal_stress,standard_dqn,802,98.10918431140483,33.164243913441894,64.94494041323662,1.595207367138937,18082.195965862273,718.8845233798027,0.0,28.75,0.0,1.15,0.0,0.0015625,0.1296875,0.86875
thermal_stress,standard_dqn,803,97.47629679486155,33.02764303199947,64.44865392118693,1.603615882899612,18628.01406402588,1082.0422411039472,0.0,28.5,0.0,1.1,0.0,0.1296875,0.34609375,0.52421875
thermal_stress,standard_dqn,804,99.93050855696201,33.82744477763772,66.10306377708912,1.6045853357762099,18418.903251361848,693.8462288670241,0.0,29.25,0.0,1.1,0.0,0.03671875,0.128125,0.83515625
thermal_stress,threshold,800,244.14742063606508,32.18178835734725,211.96563227275738,1.9691856893710793,23146.94696483612,2056.070611986518,0.0,34.45,35.25,1.05,0.0,0.02578125,0.76875,0.20546875
thermal_stress,threshold,801,238.90096848637546,32.564250671491024,206.33671779588545,1.9831709104590118,23413.427143669127,2008.673542843014,0.0,33.7,33.65,1.1,0.0,0.028125,0.75078125,0.22109375
thermal_stress,threshold,802,248.36366473343833,32.366409953683615,215.9972547797547,1.972832475276664,23207.460962104797,2075.649866280705,0.0,34.95,36.5,0.9,0.0,0.0234375,0.76953125,0.20703125
thermal_stress,threshold,803,237.40665742962966,31.801479046046733,205.60517837799497,1.96596933407709,22966.92506504059,2051.282177272439,0.0,34.25,34.5,0.85,0.0,0.01953125,0.77265625,0.2078125
thermal_stress,threshold,804,247.4698065652267,31.99954539462924,215.47026117059744,1.978109478810802,23250.70330877304,2038.5156712040305,0.0,34.8,36.0,1.0,0.0,0.02421875,0.76796875,0.2078125
